ID_INTERNO,CLIENTE,ID,NUMERO_COMPRA,ANO_COMPRA,SEQUENCIAL_COMPRA,ESTADO,UNIDADE,CNPJ,ORGAO,ESFERA,MUNICIPIO,VALOR_ESTIMADO,VALOR_HOMOLOGADO,DATA_PUBLICACAO,DATA_DISPUTA,MODALIDADE,MODO_DISPUTA,SITUACAO,SRP,LINK_PNCP,LINK_PORTAL,PORTAL,TIPO_ITENS,POSSUI_MATERIAL,POSSUI_SERVICO,QTD_ITENS,TIPOS_BENEFICIO,POSSUI_BENEFICIO
COMPRASGOV-2310125EFF61,Starmac,2/2026,2,2026,29,Distrito Federal,COMPANHIA DE SANEAMENTO AMBIENTAL DO DF CAESB,00082024000137,COMPANHIA DE SANEAMENTO AMBIENTAL DO DISTRITO FEDERAL,N,Brasília,0.0,,2026-09-01 13:58:47,2026-09-16 08:59:00,Pregão - Eletrônico,Aberto,Divulgada no PNCP,False,https://pncp.gov.br/app/editais/00082024000137/2026/29,https://cnetmobile.estaleiro.serpro.gov.br/comprasnet-web/public/compras/acompanhamento-compra?compra=97420005000022026,ComprasGov,Material,True,False,10,Sem benefício,False
COMPRASGOV-F8B6843943ED,Air Liquide,28/2026,28,2026,1012,Paraná,EMBRAPA FLORESTAS/COLOMBO/PR,00348003000110,EMPRESA BRASILEIRA DE PESQUISA AGROPECUARIA,F,Colombo,0.0,,2026-09-18 07:40:32,2026-10-05 09:00:00,Pregão - Eletrônico,Aberto-Fechado,Divulgada no PNCP,True,https://pncp.gov.br/app/editais/00348003000110/2026/1012,https://cnetmobile.estaleiro.serpro.gov.br/comprasnet-web/public/compras/acompanhamento-compra?compra=13024005000282026,ComprasGov,Material,True,False,6,Sem benefício,False
COMPRASGOV-34E2454018DA,Veículos Diversos,24/2026,24,2026,1055,Paraná,EMBRAPA FLORESTAS/COLOMBO/PR,00348003000110,EMPRESA BRASILEIRA DE PESQUISA AGROPECUARIA,F,Colombo,446000.0,,2026-09-23 09:19:20,2026-10-09 08:30:00,Pregão - Eletrônico,Aberto-Fechado,Divulgada no PNCP,False,https://pncp.gov.br/app/editais/00348003000110/2026/1055,https://cnetmobile.estaleiro.serpro.gov.br/comprasnet-web/public/compras/acompanhamento-compra?compra=13501605000242026,ComprasGov,Material,True,False,1,Sem benefício,False
COMPRASGOV-EE225238C80D,Air Liquide,20/2026,20,2026,743,Paraná,EMBRAPA FLORESTAS/COLOMBO/PR,00348003000110,EMPRESA BRASILEIRA DE PESQUISA AGROPECUARIA,F,Colombo,0.0,,2026-08-19 11:51:42,2026-09-21 09:00:00,Pregão - Eletrônico,Aberto,Divulgada no PNCP,True,https://pncp.gov.br/app/editais/00348003000110/2026/743,https://cnetmobile.estaleiro.serpro.gov.br/comprasnet-web/public/compras/acompanhamento-compra?compra=13502805000202026,ComprasGov,Material,True,False,7,Participação exclusiva para ME/EPP,True
COMPRASGOV-E64F251E836E,Air Liquide,7/2026,7,2026,772,Paraná,EMBRAPA FLORESTAS/COLOMBO/PR,00348003000110,EMPRESA BRASILEIRA DE PESQUISA AGROPECUARIA,F,Colombo,0.0,,2026-08-20 15:32:19,2026-09-14 09:00:00,Pregão - Eletrônico,Aberto,Divulgada no PNCP,True,https://pncp.gov.br/app/editais/00348003000110/2026/772,https://cnetmobile.estaleiro.serpro.gov.br/comprasnet-web/public/compras/acompanhamento-compra?compra=13503605000072026,ComprasGov,Material,True,False,10,Sem benefício,False
COMPRASGOV-73FC3DF714B2,Air Liquide,20/2026,20,2026,808,Paraná,EMBRAPA FLORESTAS/COLOMBO/PR,00348003000110,EMPRESA BRASILEIRA DE PESQUISA AGROPECUARIA,F,Colombo,6397.2,,2026-08-25 10:55:36,2026-09-09 09:00:00,Pregão - Eletrônico,Aberto-Fechado,Divulgada no PNCP,True,https://pncp.gov.br/app/editais/00348003000110/2026/808,https://cnetmobile.estaleiro.serpro.gov.br/comprasnet-web/public/compras/acompanhamento-compra?compra=13501405000202026,ComprasGov,Material,True,False,10,Sem benefício,False
COMPRASGOV-78F9BF693EEF,Air Liquide,27/2026,27,2026,926,Paraná,EMBRAPA FLORESTAS/COLOMBO/PR,00348003000110,EMPRESA BRASILEIRA DE PESQUISA AGROPECUARIA,F,Colombo,231191.5,,2026-09-09 14:50:17,2026-09-22 08:00:00,Pregão - Eletrônico,Aberto,Divulgada no PNCP,True,https://pncp.gov.br/app/editais/00348003000110/2026/926,https://cnetmobile.estaleiro.serpro.gov.br/comprasnet-web/public/compras/acompanhamento-compra?compra=13502605000272026,ComprasGov,Material,True,False,10,Sem benefício,False
COMPRASGOV-1CEBB3362121,Danfoss,264/2026,264,2026,2066,Rio de Janeiro,GRUPAMENTO DE APOIO DOS AFONSOS,00394429000100,COMANDO DA AERONAUTICA,F,Rio de Janeiro,21881.68,,2026-08-21 10:45:51,2026-08-27 09:00:00,Dispensa,Dispensa Com Disputa,Divulgada no PNCP,False,https://pncp.gov.br/app/editais/00394429000100/2026/2066,https://cnetmobile.estaleiro.serpro.gov.br/comprasnet-web/public/compras/acompanhamento-compra?compra=12062306002642026,ComprasGov,Material,True,False,1,Participação exclusiva para ME/EPP,True
COMPRASGOV-1CEBB3362121,Lucy Elétrica,264/2026,264,2026,2066,Rio de Janeiro,GRUPAMENTO DE APOIO DOS AFONSOS,00394429000100,COMANDO DA AERONAUTICA,F,Rio de Janeiro,21881.68,,2026-08-21 10:45:51,2026-08-27 09:00:00,Dispensa,Dispensa Com Disputa,Divulgada no PNCP,False,https://pncp.gov.br/app/editais/00394429000100/2026/2066,https://cnetmobile.estaleiro.serpro.gov.br/comprasnet-web/public/compras/acompanhamento-compra?compra=12062306002642026,ComprasGov,Material,True,False,1,Participação exclusiva para ME/EPP,True
COMPRASGOV-67DD248DB4FB,Air Liquide,140/2026,140,2026,2165,Rio de Janeiro,GRUPAMENTO DE APOIO DOS AFONSOS,00394429000100,COMANDO DA AERONAUTICA,F,Rio de Janeiro,31700.0,,2026-09-01 04:00:17,2026-09-14 09:00:00,Pregão - Eletrônico,Aberto,Divulgada no PNCP,True,https://pncp.gov.br/app/editais/00394429000100/2026/2165,https://cnetmobile.estaleiro.serpro.gov.br/comprasnet-web/public/compras/acompanhamento-compra?compra=12063105001402026,ComprasGov,Material,True,False,3,Participação exclusiva para ME/EPP,True
COMPRASGOV-3A0A456E2C9A,Educantes,176/2026,176,2026,2248,Rio de Janeiro,GRUPAMENTO DE APOIO DOS AFONSOS,00394429000100,COMANDO DA AERONAUTICA,F,Rio de Janeiro,922188.0,,2026-09-08 04:00:09,2026-09-22 10:00:00,Pregão - Eletrônico,Aberto-Fechado,Divulgada no PNCP,True,https://pncp.gov.br/app/editais/00394429000100/2026/2248,https://cnetmobile.estaleiro.serpro.gov.br/comprasnet-web/public/compras/acompanhamento-compra?compra=12003905001762026,ComprasGov,Serviço,False,True,5,Não se aplica,True
COMPRASGOV-4B45F8433A70,Editais,270/2026,270,2026,2281,Rio de Janeiro,GRUPAMENTO DE APOIO DOS AFONSOS,00394429000100,COMANDO DA AERONAUTICA,F,Rio de Janeiro,227979.0,,2026-09-10 04:00:38,2026-09-28 09:00:00,Pregão - Eletrônico,Aberto-Fechado,Divulgada no PNCP,False,https://pncp.gov.br/app/editais/00394429000100/2026/2281,https://cnetmobile.estaleiro.serpro.gov.br/comprasnet-web/public/compras/acompanhamento-compra?compra=12062305002702026,ComprasGov,Serviço,False,True,2,Sem benefício,False
COMPRASGOV-28D4D3E640D5,Editais,527/2026,527,2026,2372,Rio de Janeiro,GRUPAMENTO DE APOIO DOS AFONSOS,00394429000100,COMANDO DA AERONAUTICA,F,Rio de Janeiro,101031039.69,,2026-09-17 04:00:47,2026-10-01 08:00:00,Pregão - Eletrônico,Aberto-Fechado,Divulgada no PNCP,True,https://pncp.gov.br/app/editais/00394429000100/2026/2372,https://cnetmobile.estaleiro.serpro.gov.br/comprasnet-web/public/compras/acompanhamento-compra?compra=12001605005272026,ComprasGov,Serviço,False,True,10,Sem benefício,False
COMPRASGOV-D561276B97DD,Setti,19/2026,19,2026,2461,Rio de Janeiro,GRUPAMENTO DE APOIO DOS AFONSOS,00394429000100,COMANDO DA AERONAUTICA,F,Rio de Janeiro,925211.14,,2026-09-23 07:45:13,2026-10-05 09:00:00,Pregão - Eletrônico,Aberto-Fechado,Divulgada no PNCP,True,https://pncp.gov.br/app/editais/00394429000100/2026/2461,https://cnetmobile.estaleiro.serpro.gov.br/comprasnet-web/public/compras/acompanhamento-compra?compra=12006405000192026,ComprasGov,Material,True,False,10,Cota reservada para ME/EPP; Participação exclusiva para ME/EPP,True
COMPRASGOV-D7F27530A4E8,Air Liquide,90003/2026,90003,2026,12112,Espírito Santo,38  BATALHAO DE INFANTARIA/MEX/ES,00394452000103,COMANDO DO EXERCITO,F,Vila Velha,85972.08,,2026-06-25 07:04:14,2026-09-04 10:00:00,Pregão - Eletrônico,Aberto,Divulgada no PNCP,True,https://pncp.gov.br/app/editais/00394452000103/2026/12112,https://cnetmobile.estaleiro.serpro.gov.br/comprasnet-web/public/landing?destino=acompanhamento-compra&compra=16009305900032026,ComprasGov,Material,True,False,3,Não se aplica,True
COMPRASGOV-887FB950C948,Editais,90/2026,90,2026,18565,Espírito Santo,38  BATALHAO DE INFANTARIA/MEX/ES,00394452000103,COMANDO DO EXERCITO,F,Vila Velha,3821900.51,,2026-08-25 04:00:05,2026-10-13 08:00:00,Pregão - Eletrônico,Aberto,Divulgada no PNCP,True,https://pncp.gov.br/app/editais/00394452000103/2026/18565,https://cnetmobile.estaleiro.serpro.gov.br/comprasnet-web/public/compras/acompanhamento-compra?compra=16036705000902026,ComprasGov,Material,True,False,10,Cota reservada para ME/EPP; Não se aplica,True
COMPRASGOV-73C31B501A36,Divena,321/2026,321,2026,18566,Espírito Santo,38  BATALHAO DE INFANTARIA/MEX/ES,00394452000103,COMANDO DO EXERCITO,F,Vila Velha,69227019.65,,2026-08-25 04:00:10,2026-09-09 09:30:00,Pregão - Eletrônico,Aberto,Divulgada no PNCP,False,https://pncp.gov.br/app/editais/00394452000103/2026/18566,https://cnetmobile.estaleiro.serpro.gov.br/comprasnet-web/public/compras/acompanhamento-compra?compra=16010605003212026,ComprasGov,Material,True,False,10,Sem benefício,False
COMPRASGOV-73C31B501A36,Cabala,321/2026,321,2026,18566,Espírito Santo,38  BATALHAO DE INFANTARIA/MEX/ES,00394452000103,COMANDO DO EXERCITO,F,Vila Velha,69227019.65,,2026-08-25 04:00:10,2026-09-09 09:30:00,Pregão - Eletrônico,Aberto,Divulgada no PNCP,False,https://pncp.gov.br/app/editais/00394452000103/2026/18566,https://cnetmobile.estaleiro.serpro.gov.br/comprasnet-web/public/compras/acompanhamento-compra?compra=16010605003212026,ComprasGov,Material,True,False,10,Sem benefício,False
COMPRASGOV-73C31B501A36,Mercedes,321/2026,321,2026,18566,Espírito Santo,38  BATALHAO DE INFANTARIA/MEX/ES,00394452000103,COMANDO DO EXERCITO,F,Vila Velha,69227019.65,,2026-08-25 04:00:10,2026-09-09 09:30:00,Pregão - Eletrônico,Aberto,Divulgada no PNCP,False,https://pncp.gov.br/app/editais/00394452000103/2026/18566,https://cnetmobile.estaleiro.serpro.gov.br/comprasnet-web/public/compras/acompanhamento-compra?compra=16010605003212026,ComprasGov,Material,True,False,10,Sem benefício,False
COMPRASGOV-73C31B501A36,Rodobens,321/2026,321,2026,18566,Espírito Santo,38  BATALHAO DE INFANTARIA/MEX/ES,00394452000103,COMANDO DO EXERCITO,F,Vila Velha,69227019.65,,2026-08-25 04:00:10,2026-09-09 09:30:00,Pregão - Eletrônico,Aberto,Divulgada no PNCP,False,https://pncp.gov.br/app/editais/00394452000103/2026/18566,https://cnetmobile.estaleiro.serpro.gov.br/comprasnet-web/public/compras/acompanhamento-compra?compra=16010605003212026,ComprasGov,Material,True,False,10,Sem benefício,False
COMPRASGOV-4F2FE2CBE47A,Hexis,32/2026,32,2026,18842,Espírito Santo,38  BATALHAO DE INFANTARIA/MEX/ES,00394452000103,COMANDO DO EXERCITO,F,Vila Velha,4170274.0,,2026-08-28 04:03:04,2026-09-14 09:00:00,Pregão - Eletrônico,Aberto-Fechado,Divulgada no PNCP,True,https://pncp.gov.br/app/editais/00394452000103/2026/18842,https://cnetmobile.estaleiro.serpro.gov.br/comprasnet-web/public/compras/acompanhamento-compra?compra=16012105000322026,ComprasGov,Material,True,False,10,Sem benefício,False
COMPRASGOV-1A758B311C6A,Danfoss,226/2026,226,2026,19152,Espírito Santo,38  BATALHAO DE INFANTARIA/MEX/ES,00394452000103,COMANDO DO EXERCITO,F,Vila Velha,4333.0,,2026-09-02 08:03:18,2026-09-08 08:00:00,Dispensa,Dispensa Com Disputa,Divulgada no PNCP,False,https://pncp.gov.br/app/editais/00394452000103/2026/19152,https://cnetmobile.estaleiro.serpro.gov.br/comprasnet-web/public/compras/acompanhamento-compra?compra=16036006002262026,ComprasGov,Material,True,False,1,Participação exclusiva para ME/EPP,True
COMPRASGOV-EE43F5251793,Mercedes,41/2026,41,2026,19752,Espírito Santo,38  BATALHAO DE INFANTARIA/MEX/ES,00394452000103,COMANDO DO EXERCITO,F,Vila Velha,42096873.34,,2026-09-11 04:09:17,2026-10-06 10:30:00,Pregão - Eletrônico,Aberto-Fechado,Divulgada no PNCP,True,https://pncp.gov.br/app/editais/00394452000103/2026/19752,https://cnetmobile.estaleiro.serpro.gov.br/comprasnet-web/public/compras/acompanhamento-compra?compra=16035305000412026,ComprasGov,Material,True,False,10,Sem benefício,False
COMPRASGOV-EE43F5251793,Divena,41/2026,41,2026,19752,Espírito Santo,38  BATALHAO DE INFANTARIA/MEX/ES,00394452000103,COMANDO DO EXERCITO,F,Vila Velha,42096873.34,,2026-09-11 04:09:17,2026-10-06 10:30:00,Pregão - Eletrônico,Aberto-Fechado,Divulgada no PNCP,True,https://pncp.gov.br/app/editais/00394452000103/2026/19752,https://cnetmobile.estaleiro.serpro.gov.br/comprasnet-web/public/compras/acompanhamento-compra?compra=16035305000412026,ComprasGov,Material,True,False,10,Sem benefício,False
COMPRASGOV-EE43F5251793,Cabala,41/2026,41,2026,19752,Espírito Santo,38  BATALHAO DE INFANTARIA/MEX/ES,00394452000103,COMANDO DO EXERCITO,F,Vila Velha,42096873.34,,2026-09-11 04:09:17,2026-10-06 10:30:00,Pregão - Eletrônico,Aberto-Fechado,Divulgada no PNCP,True,https://pncp.gov.br/app/editais/00394452000103/2026/19752,https://cnetmobile.estaleiro.serpro.gov.br/comprasnet-web/public/compras/acompanhamento-compra?compra=16035305000412026,ComprasGov,Material,True,False,10,Sem benefício,False
COMPRASGOV-EE43F5251793,Rodobens,41/2026,41,2026,19752,Espírito Santo,38  BATALHAO DE INFANTARIA/MEX/ES,00394452000103,COMANDO DO EXERCITO,F,Vila Velha,42096873.34,,2026-09-11 04:09:17,2026-10-06 10:30:00,Pregão - Eletrônico,Aberto-Fechado,Divulgada no PNCP,True,https://pncp.gov.br/app/editais/00394452000103/2026/19752,https://cnetmobile.estaleiro.serpro.gov.br/comprasnet-web/public/compras/acompanhamento-compra?compra=16035305000412026,ComprasGov,Material,True,False,10,Sem benefício,False
COMPRASGOV-6EFCEA6799C8,Rodobens,132/2026,132,2026,19931,Espírito Santo,38  BATALHAO DE INFANTARIA/MEX/ES,00394452000103,COMANDO DO EXERCITO,F,Vila Velha,21038710.86,,2026-09-15 04:00:08,2026-09-29 09:30:00,Pregão - Eletrônico,Aberto-Fechado,Divulgada no PNCP,True,https://pncp.gov.br/app/editais/00394452000103/2026/19931,https://cnetmobile.estaleiro.serpro.gov.br/comprasnet-web/public/compras/acompanhamento-compra?compra=16017105001322026,ComprasGov,Material,True,False,8,Sem benefício,False
COMPRASGOV-23FB8FF954C5,Setti,253/2026,253,2026,19941,Espírito Santo,38  BATALHAO DE INFANTARIA/MEX/ES,00394452000103,COMANDO DO EXERCITO,F,Vila Velha,2520388.51,,2026-09-15 04:00:16,2026-10-29 10:00:00,Pregão - Eletrônico,Aberto-Fechado,Divulgada no PNCP,True,https://pncp.gov.br/app/editais/00394452000103/2026/19941,https://cnetmobile.estaleiro.serpro.gov.br/comprasnet-web/public/compras/acompanhamento-compra?compra=16051805002532026,ComprasGov,Material,True,False,10,Não se aplica,True
COMPRASGOV-45E76C0691EE,ABB Brasil,57/2026,57,2026,19947,Espírito Santo,38  BATALHAO DE INFANTARIA/MEX/ES,00394452000103,COMANDO DO EXERCITO,F,Vila Velha,758763.05,,2026-09-15 04:03:01,2026-09-25 10:00:00,Pregão - Eletrônico,Aberto-Fechado,Divulgada no PNCP,True,https://pncp.gov.br/app/editais/00394452000103/2026/19947,https://cnetmobile.estaleiro.serpro.gov.br/comprasnet-web/public/compras/acompanhamento-compra?compra=16007805000572026,ComprasGov,Material,True,False,10,Participação exclusiva para ME/EPP; Sem benefício,True
COMPRASGOV-FA1369ABA32D,Hexis,15/2026,15,2026,20158,Espírito Santo,38  BATALHAO DE INFANTARIA/MEX/ES,00394452000103,COMANDO DO EXERCITO,F,Vila Velha,166909.78,,2026-09-17 04:00:06,2026-10-01 08:00:00,Pregão - Eletrônico,Aberto-Fechado,Divulgada no PNCP,True,https://pncp.gov.br/app/editais/00394452000103/2026/20158,https://cnetmobile.estaleiro.serpro.gov.br/comprasnet-web/public/compras/acompanhamento-compra?compra=16037205000152026,ComprasGov,Material,True,False,10,Participação exclusiva para ME/EPP,True
COMPRASGOV-A8881A9ED981,Air Liquide,19/2026,19,2026,20233,Espírito Santo,38  BATALHAO DE INFANTARIA/MEX/ES,00394452000103,COMANDO DO EXERCITO,F,Vila Velha,4752.0,,2026-09-17 15:32:35,2026-09-24 08:00:00,Dispensa,Dispensa Com Disputa,Divulgada no PNCP,False,https://pncp.gov.br/app/editais/00394452000103/2026/20233,https://cnetmobile.estaleiro.serpro.gov.br/comprasnet-web/public/compras/acompanhamento-compra?compra=16006006000192026,ComprasGov,Material,True,False,1,Não se aplica,True
COMPRASGOV-0F04DEE3693E,Rodobens,62/2026,62,2026,20427,Espírito Santo,38  BATALHAO DE INFANTARIA/MEX/ES,00394452000103,COMANDO DO EXERCITO,F,Vila Velha,381436.0,,2026-09-21 04:11:44,2026-10-02 10:00:00,Pregão - Eletrônico,Aberto-Fechado,Divulgada no PNCP,True,https://pncp.gov.br/app/editais/00394452000103/2026/20427,https://cnetmobile.estaleiro.serpro.gov.br/comprasnet-web/public/compras/acompanhamento-compra?compra=16016005000622026,ComprasGov,Material,True,False,1,Sem benefício,False
COMPRASGOV-9A7E6DEC11F9,Educantes,122/2026,122,2026,691,SP,SUP.REGIONAL RECEITA FEDERAL DA 8A.RF/SP,00394460000141,MINISTERIO DA FAZENDA,F,São Paulo,30600.0,,2026-09-28 12:12:58,2026-10-19 08:00:00,Dispensa,Dispensa Com Disputa,Divulgada no PNCP,False,https://pncp.gov.br/app/editais/00394460000141/2026/691,https://cnetmobile.estaleiro.serpro.gov.br/comprasnet-web/public/compras/acompanhamento-compra?compra=17013306001222026,ComprasGov,Serviço,False,True,1,Participação exclusiva para ME/EPP,True
COMPRASGOV-EEA3A55E659A,Divena,504/2026,504,2026,811,Distrito Federal,DEPEN - DIRETORIA EXECUTIVA,00394494000136,MINISTERIO DA JUSTICA E SEGURANCA PUBLICA,F,Brasília,0.0,,2026-08-04 04:00:12,2026-09-15 13:00:00,Pregão - Eletrônico,Aberto-Fechado,Divulgada no PNCP,True,https://pncp.gov.br/app/editais/00394494000136/2026/811,https://cnetmobile.estaleiro.serpro.gov.br/comprasnet-web/public/compras/acompanhamento-compra?compra=20032605005042026,ComprasGov,Material,True,False,1,Sem benefício,False
COMPRASGOV-EEA3A55E659A,Cabala,504/2026,504,2026,811,Distrito Federal,DEPEN - DIRETORIA EXECUTIVA,00394494000136,MINISTERIO DA JUSTICA E SEGURANCA PUBLICA,F,Brasília,0.0,,2026-08-04 04:00:12,2026-09-15 13:00:00,Pregão - Eletrônico,Aberto-Fechado,Divulgada no PNCP,True,https://pncp.gov.br/app/editais/00394494000136/2026/811,https://cnetmobile.estaleiro.serpro.gov.br/comprasnet-web/public/compras/acompanhamento-compra?compra=20032605005042026,ComprasGov,Material,True,False,1,Sem benefício,False
COMPRASGOV-D0696436BCF2,Pottencial,340/2026,340,2026,87,DF,MJ-DPRF-DEPART.DE POL.RODOVIARIA FEDERAL/DF,00394494011928,MINISTERIO DA JUSTICA E SEGURANCA PUBLICA,F,Brasília,2617195.28,,2026-09-04 04:01:16,2026-10-01 09:00:00,Pregão - Eletrônico,Aberto-Fechado,Divulgada no PNCP,False,https://pncp.gov.br/app/editais/00394494011928/2026/87,https://cnetmobile.estaleiro.serpro.gov.br/comprasnet-web/public/compras/acompanhamento-compra?compra=20010905003402026,ComprasGov,Serviço,False,True,1,Não se aplica,True
COMPRASGOV-8E4961204070,PHD,134/2026,134,2026,11682,Rio de Janeiro,BASE AEREA NAVAL DE SAO PEDRO DA ALDEIA/RJ,00394502000144,COMANDO DA MARINHA,F,São Pedro da Aldeia,340770.0,,2026-09-15 04:00:16,2026-09-28 09:00:00,Pregão - Eletrônico,Aberto-Fechado,Divulgada no PNCP,True,https://pncp.gov.br/app/editais/00394502000144/2026/11682,https://cnetmobile.estaleiro.serpro.gov.br/comprasnet-web/public/compras/acompanhamento-compra?compra=79118005001342026,ComprasGov,Material,True,False,1,Não se aplica,True
COMPRASGOV-01BED54BC803,Danfoss,20/2026,20,2026,12587,Rio de Janeiro,BASE AEREA NAVAL DE SAO PEDRO DA ALDEIA/RJ,00394502000144,COMANDO DA MARINHA,F,São Pedro da Aldeia,32811.93,,2026-09-28 17:59:23,2026-10-01 08:00:00,Dispensa,Dispensa Com Disputa,Divulgada no PNCP,False,https://pncp.gov.br/app/editais/00394502000144/2026/12587,https://cnetmobile.estaleiro.serpro.gov.br/comprasnet-web/public/compras/acompanhamento-compra?compra=78451506000202026,ComprasGov,Não identificado,False,False,0,Não identificado,False
COMPRASGOV-2BE823394F3B,Air Liquide,82/2026,82,2026,9781,Rio de Janeiro,BASE AEREA NAVAL DE SAO PEDRO DA ALDEIA/RJ,00394502000144,COMANDO DA MARINHA,F,São Pedro da Aldeia,429777.0,,2026-08-14 04:00:20,2026-08-26 08:00:00,Pregão - Eletrônico,Aberto,Divulgada no PNCP,False,https://pncp.gov.br/app/editais/00394502000144/2026/9781,https://cnetmobile.estaleiro.serpro.gov.br/comprasnet-web/public/compras/acompanhamento-compra?compra=76570005000822026,ComprasGov,Material,True,False,1,Não se aplica,True
COMPRASGOV-A5C5E9FC8B4E,Air Liquide,37/2027,37,2027,238,Rio de Janeiro,BASE AEREA NAVAL DE SAO PEDRO DA ALDEIA/RJ,00394502000144,COMANDO DA MARINHA,F,São Pedro da Aldeia,3892678.85,,2026-09-15 04:00:21,2026-10-07 08:00:00,Pregão - Eletrônico,Aberto-Fechado,Divulgada no PNCP,True,https://pncp.gov.br/app/editais/00394502000144/2027/238,https://cnetmobile.estaleiro.serpro.gov.br/comprasnet-web/public/compras/acompanhamento-compra?compra=78470005000372027,ComprasGov,Material,True,False,8,Sem benefício,False
COMPRASGOV-024B258BC5BC,Air Liquide,102/2026,102,2026,1687,Roraima,DISTRITO SANIT.ESP.INDÍGENA - LESTE RR,00394544000185,MINISTERIO DA SAUDE,F,Boa Vista,514827.94,,2026-08-14 04:00:27,2026-08-27 08:00:00,Pregão - Eletrônico,Aberto-Fechado,Divulgada no PNCP,True,https://pncp.gov.br/app/editais/00394544000185/2026/1687,https://cnetmobile.estaleiro.serpro.gov.br/comprasnet-web/public/compras/acompanhamento-compra?compra=25705105001022026,ComprasGov,Material,True,False,6,Não se aplica; Participação exclusiva para ME/EPP,True
COMPRASGOV-D40E237FCA59,Divena,19/2026,19,2026,227,Bahia,CIA DE DESENV. DO VALE DO SAO FRANCISCO-BA,00399857000126,COMPANHIA DE DESENV. DO VALE DO SAO FRANCISCO,F,Bom Jesus da Lapa,55734966.15,,2026-08-10 10:34:47,2026-09-17 09:00:00,Pregão - Eletrônico,Aberto,Divulgada no PNCP,True,https://pncp.gov.br/app/editais/00399857000126/2026/227,https://cnetmobile.estaleiro.serpro.gov.br/comprasnet-web/public/compras/acompanhamento-compra?compra=19500405000192026,ComprasGov,Material,True,False,10,Sem benefício,False
COMPRASGOV-D40E237FCA59,Mercedes,19/2026,19,2026,227,Bahia,CIA DE DESENV. DO VALE DO SAO FRANCISCO-BA,00399857000126,COMPANHIA DE DESENV. DO VALE DO SAO FRANCISCO,F,Bom Jesus da Lapa,55734966.15,,2026-08-10 10:34:47,2026-09-17 09:00:00,Pregão - Eletrônico,Aberto,Divulgada no PNCP,True,https://pncp.gov.br/app/editais/00399857000126/2026/227,https://cnetmobile.estaleiro.serpro.gov.br/comprasnet-web/public/compras/acompanhamento-compra?compra=19500405000192026,ComprasGov,Material,True,False,10,Sem benefício,False
COMPRASGOV-D40E237FCA59,Rodobens,19/2026,19,2026,227,Bahia,CIA DE DESENV. DO VALE DO SAO FRANCISCO-BA,00399857000126,COMPANHIA DE DESENV. DO VALE DO SAO FRANCISCO,F,Bom Jesus da Lapa,55734966.15,,2026-08-10 10:34:47,2026-09-17 09:00:00,Pregão - Eletrônico,Aberto,Divulgada no PNCP,True,https://pncp.gov.br/app/editais/00399857000126/2026/227,https://cnetmobile.estaleiro.serpro.gov.br/comprasnet-web/public/compras/acompanhamento-compra?compra=19500405000192026,ComprasGov,Material,True,False,10,Sem benefício,False
COMPRASGOV-E1EF349F0878,Air Liquide,17/2026,17,2026,356,Pernambuco,CENTRO REG. DE CIENCIAS NUCLEARES DO NORDESTE,00402552000126,COMISSAO NACIONAL DE ENERGIA NUCLEAR,F,Recife,65815.2,,2026-08-13 04:00:06,2026-09-11 09:30:00,Pregão - Eletrônico,Aberto,Divulgada no PNCP,True,https://pncp.gov.br/app/editais/00402552000126/2026/356,https://cnetmobile.estaleiro.serpro.gov.br/comprasnet-web/public/compras/acompanhamento-compra?compra=11321105000172026,ComprasGov,Material,True,False,1,Sem benefício,False
COMPRASGOV-BA1183616B1B,Air Liquide,177/2026,177,2026,1057,Minas Gerais,INDUSTRIA DE MATERIAL BELICO DO BRASIL/FI,00444232000139,INDUSTRIA DE MATERIAL BELICO DO BRASIL IMBEL,N,Itajubá,0.0,,2026-09-03 04:00:08,2026-09-22 09:00:00,Pregão - Eletrônico,Aberto,Divulgada no PNCP,True,https://pncp.gov.br/app/editais/00444232000139/2026/1057,https://cnetmobile.estaleiro.serpro.gov.br/comprasnet-web/public/compras/acompanhamento-compra?compra=16800505001772026,ComprasGov,Material,True,False,1,Sem benefício,False
PR-19876F703AEB,Air Liquide,38/2026,38,2026,173,PR,Unidade administrativa,00476612000155,CONSORCIO PUBLICO INTERMUNICIPAL DE SAUDE DO NORTE PIONEIRO,N,Jacarezinho,37326.99,,2026-09-24 08:07:54,2026-10-08 08:30:00,Pregão - Eletrônico,Aberto,Divulgada no PNCP,False,https://pncp.gov.br/app/editais/00476612000155/2026/173,,PR,Material,True,False,3,Não se aplica,True
COMPRASGOV-D1B12C6EBADD,Divena,241/2026,241,2026,260,Distrito Federal,STJ _ SUPERIOR TRIBUNAL DE JUSTICA/DF,00488478000102,SUPERIOR TRIBUNAL DE JUSTICA,F,Brasília,15065580.95,,2026-09-11 04:03:06,2026-09-24 14:00:00,Pregão - Eletrônico,Aberto-Fechado,Divulgada no PNCP,False,https://pncp.gov.br/app/editais/00488478000102/2026/260,https://cnetmobile.estaleiro.serpro.gov.br/comprasnet-web/public/compras/acompanhamento-compra?compra=05000105002412026,ComprasGov,Material,True,False,1,Sem benefício,False
COMPRASGOV-D1B12C6EBADD,Cabala,241/2026,241,2026,260,Distrito Federal,STJ _ SUPERIOR TRIBUNAL DE JUSTICA/DF,00488478000102,SUPERIOR TRIBUNAL DE JUSTICA,F,Brasília,15065580.95,,2026-09-11 04:03:06,2026-09-24 14:00:00,Pregão - Eletrônico,Aberto-Fechado,Divulgada no PNCP,False,https://pncp.gov.br/app/editais/00488478000102/2026/260,https://cnetmobile.estaleiro.serpro.gov.br/comprasnet-web/public/compras/acompanhamento-compra?compra=05000105002412026,ComprasGov,Material,True,False,1,Sem benefício,False
COMPRASGOV-2CE5FCDC513A,Pottencial,255/2026,255,2026,279,Distrito Federal,STJ _ SUPERIOR TRIBUNAL DE JUSTICA/DF,00488478000102,SUPERIOR TRIBUNAL DE JUSTICA,F,Brasília,1178666.72,,2026-09-25 04:00:12,2026-10-13 14:00:00,Pregão - Eletrônico,Aberto-Fechado,Divulgada no PNCP,False,https://pncp.gov.br/app/editais/00488478000102/2026/279,https://cnetmobile.estaleiro.serpro.gov.br/comprasnet-web/public/compras/acompanhamento-compra?compra=05000105002552026,ComprasGov,Serviço,False,True,1,Sem benefício,False
COMPRASGOV-3BF49C710E8B,PHD,53/2026,53,2026,1647,Mato Grosso do Sul,JUSTICA FEDERAL DE 1A. INSTANCIA/MS,00508903000188,JUSTICA FEDERAL DE PRIMEIRA INSTANCIA,F,Campo Grande,185956.2,,2026-08-27 04:00:03,2026-09-30 13:00:00,Pregão - Eletrônico,Aberto-Fechado,Divulgada no PNCP,False,https://pncp.gov.br/app/editais/00508903000188/2026/1647,https://cnetmobile.estaleiro.serpro.gov.br/comprasnet-web/public/compras/acompanhamento-compra?compra=09001405000532026,ComprasGov,Material,True,False,1,Sem benefício,False
COMPRASGOV-63AD443C5F30,Divena,31/2026,31,2026,1689,Mato Grosso do Sul,JUSTICA FEDERAL DE 1A. INSTANCIA/MS,00508903000188,JUSTICA FEDERAL DE PRIMEIRA INSTANCIA,F,Campo Grande,2200000.0,,2026-09-02 10:41:04,2026-09-16 11:00:00,Pregão - Eletrônico,Aberto-Fechado,Divulgada no PNCP,True,https://pncp.gov.br/app/editais/00508903000188/2026/1689,https://cnetmobile.estaleiro.serpro.gov.br/comprasnet-web/public/compras/acompanhamento-compra?compra=09001505000312026,ComprasGov,Material,True,False,1,Não se aplica,True
COMPRASGOV-63AD443C5F30,Cabala,31/2026,31,2026,1689,Mato Grosso do Sul,JUSTICA FEDERAL DE 1A. INSTANCIA/MS,00508903000188,JUSTICA FEDERAL DE PRIMEIRA INSTANCIA,F,Campo Grande,2200000.0,,2026-09-02 10:41:04,2026-09-16 11:00:00,Pregão - Eletrônico,Aberto-Fechado,Divulgada no PNCP,True,https://pncp.gov.br/app/editais/00508903000188/2026/1689,https://cnetmobile.estaleiro.serpro.gov.br/comprasnet-web/public/compras/acompanhamento-compra?compra=09001505000312026,ComprasGov,Material,True,False,1,Não se aplica,True
COMPRASGOV-63AD443C5F30,Pottencial,31/2026,31,2026,1689,Mato Grosso do Sul,JUSTICA FEDERAL DE 1A. INSTANCIA/MS,00508903000188,JUSTICA FEDERAL DE PRIMEIRA INSTANCIA,F,Campo Grande,2200000.0,,2026-09-02 10:41:04,2026-09-16 11:00:00,Pregão - Eletrônico,Aberto-Fechado,Divulgada no PNCP,True,https://pncp.gov.br/app/editais/00508903000188/2026/1689,https://cnetmobile.estaleiro.serpro.gov.br/comprasnet-web/public/compras/acompanhamento-compra?compra=09001505000312026,ComprasGov,Material,True,False,1,Não se aplica,True
COMPRASGOV-8D3DB9CFA2BE,Divena,33/2026,33,2026,1770,Mato Grosso do Sul,JUSTICA FEDERAL DE 1A. INSTANCIA/MS,00508903000188,JUSTICA FEDERAL DE PRIMEIRA INSTANCIA,F,Campo Grande,1408000.0,,2026-09-14 16:30:51,2026-09-25 11:00:00,Pregão - Eletrônico,Aberto-Fechado,Divulgada no PNCP,True,https://pncp.gov.br/app/editais/00508903000188/2026/1770,https://cnetmobile.estaleiro.serpro.gov.br/comprasnet-web/public/compras/acompanhamento-compra?compra=09001505000332026,ComprasGov,Material,True,False,1,Não se aplica,True
COMPRASGOV-8D3DB9CFA2BE,Cabala,33/2026,33,2026,1770,Mato Grosso do Sul,JUSTICA FEDERAL DE 1A. INSTANCIA/MS,00508903000188,JUSTICA FEDERAL DE PRIMEIRA INSTANCIA,F,Campo Grande,1408000.0,,2026-09-14 16:30:51,2026-09-25 11:00:00,Pregão - Eletrônico,Aberto-Fechado,Divulgada no PNCP,True,https://pncp.gov.br/app/editais/00508903000188/2026/1770,https://cnetmobile.estaleiro.serpro.gov.br/comprasnet-web/public/compras/acompanhamento-compra?compra=09001505000332026,ComprasGov,Material,True,False,1,Não se aplica,True
COMPRASGOV-8842E0AD888C,Divena,30/2026,30,2026,1775,Mato Grosso do Sul,JUSTICA FEDERAL DE 1A. INSTANCIA/MS,00508903000188,JUSTICA FEDERAL DE PRIMEIRA INSTANCIA,F,Campo Grande,4281000.0,,2026-09-15 04:00:13,2026-10-07 14:00:00,Pregão - Eletrônico,Aberto-Fechado,Divulgada no PNCP,True,https://pncp.gov.br/app/editais/00508903000188/2026/1775,https://cnetmobile.estaleiro.serpro.gov.br/comprasnet-web/public/compras/acompanhamento-compra?compra=09001905000302026,ComprasGov,Material,True,False,3,Sem benefício,False
COMPRASGOV-8842E0AD888C,Cabela,30/2026,30,2026,1775,Mato Grosso do Sul,JUSTICA FEDERAL DE 1A. INSTANCIA/MS,00508903000188,JUSTICA FEDERAL DE PRIMEIRA INSTANCIA,F,Campo Grande,4281000.0,,2026-09-15 04:00:13,2026-10-07 14:00:00,Pregão - Eletrônico,Aberto-Fechado,Divulgada no PNCP,True,https://pncp.gov.br/app/editais/00508903000188/2026/1775,https://cnetmobile.estaleiro.serpro.gov.br/comprasnet-web/public/compras/acompanhamento-compra?compra=09001905000302026,ComprasGov,Material,True,False,3,Sem benefício,False
COMPRASGOV-BE55794A3A4E,Divena,49/2026,49,2026,1831,Mato Grosso do Sul,JUSTICA FEDERAL DE 1A. INSTANCIA/MS,00508903000188,JUSTICA FEDERAL DE PRIMEIRA INSTANCIA,F,Campo Grande,4374000.0,,2026-09-22 04:00:09,2026-10-02 09:00:00,Pregão - Eletrônico,Aberto-Fechado,Divulgada no PNCP,True,https://pncp.gov.br/app/editais/00508903000188/2026/1831,https://cnetmobile.estaleiro.serpro.gov.br/comprasnet-web/public/compras/acompanhamento-compra?compra=09000305000492026,ComprasGov,Material,True,False,2,Sem benefício,False
COMPRASGOV-BE55794A3A4E,Cabala,49/2026,49,2026,1831,Mato Grosso do Sul,JUSTICA FEDERAL DE 1A. INSTANCIA/MS,00508903000188,JUSTICA FEDERAL DE PRIMEIRA INSTANCIA,F,Campo Grande,4374000.0,,2026-09-22 04:00:09,2026-10-02 09:00:00,Pregão - Eletrônico,Aberto-Fechado,Divulgada no PNCP,True,https://pncp.gov.br/app/editais/00508903000188/2026/1831,https://cnetmobile.estaleiro.serpro.gov.br/comprasnet-web/public/compras/acompanhamento-compra?compra=09000305000492026,ComprasGov,Material,True,False,2,Sem benefício,False
COMPRASGOV-F3DB6F2C027A,Editais,132/2026,132,2026,2151,BA,TRIBUNAL REGIONAL ELEITORAL DA BAHIA,00509018000113,TRIBUNAL SUPERIOR ELEITORAL,F,Salvador,1269975.5,,2026-09-15 04:03:11,2026-10-16 09:00:00,Pregão - Eletrônico,Aberto-Fechado,Divulgada no PNCP,False,https://pncp.gov.br/app/editais/00509018000113/2026/2151,https://cnetmobile.estaleiro.serpro.gov.br/comprasnet-web/public/compras/acompanhamento-compra?compra=07001305001322026,ComprasGov,Serviço,False,True,1,Não se aplica,True
COMPRASGOV-37426E18D27E,Santos Extintores,157/2026,157,2026,2613,São Paulo,TRIBUNAL REGIONAL DO TRABALHO DA 15A.REGIAO,00509968000148,TRIBUNAL SUPERIOR DO TRABALHO,F,Campinas,107884.93,,2026-08-13 04:00:01,2026-08-27 14:00:00,Pregão - Eletrônico,Aberto-Fechado,Divulgada no PNCP,False,https://pncp.gov.br/app/editais/00509968000148/2026/2613,https://cnetmobile.estaleiro.serpro.gov.br/comprasnet-web/public/compras/acompanhamento-compra?compra=08001105001572026,ComprasGov,Serviço,False,True,1,Sem benefício,False
COMPRASGOV-73FE36E93952,Cabala,174/2026,174,2026,2639,São Paulo,TRIBUNAL REGIONAL DO TRABALHO DA 15A.REGIAO,00509968000148,TRIBUNAL SUPERIOR DO TRABALHO,F,Campinas,12553917.5,,2026-08-14 04:00:23,2026-09-02 09:00:00,Pregão - Eletrônico,Aberto,Divulgada no PNCP,True,https://pncp.gov.br/app/editais/00509968000148/2026/2639,https://cnetmobile.estaleiro.serpro.gov.br/comprasnet-web/public/compras/acompanhamento-compra?compra=08000305001742026,ComprasGov,Material,True,False,2,Sem benefício,False
COMPRASGOV-73FE36E93952,Divena,174/2026,174,2026,2639,São Paulo,TRIBUNAL REGIONAL DO TRABALHO DA 15A.REGIAO,00509968000148,TRIBUNAL SUPERIOR DO TRABALHO,F,Campinas,12553917.5,,2026-08-14 04:00:23,2026-09-02 09:00:00,Pregão - Eletrônico,Aberto,Divulgada no PNCP,True,https://pncp.gov.br/app/editais/00509968000148/2026/2639,https://cnetmobile.estaleiro.serpro.gov.br/comprasnet-web/public/compras/acompanhamento-compra?compra=08000305001742026,ComprasGov,Material,True,False,2,Sem benefício,False
COMPRASGOV-9E9488F3A873,Air Liquide,67/2026,67,2026,110,São Paulo,COMITE PARALIMPICO BRASILEIRO/SP,00700114000144,COMITE PARAOLIMPICO BRASILEIRO,N,São Paulo,241784.85,,2026-08-12 16:09:53,2026-08-26 10:00:00,Pregão - Eletrônico,Aberto-Fechado,Divulgada no PNCP,True,https://pncp.gov.br/app/editais/00700114000144/2026/110,https://cnetmobile.estaleiro.serpro.gov.br/comprasnet-web/public/compras/acompanhamento-compra?compra=92947205000672026,ComprasGov,Material,True,False,7,Sem benefício,False
COMPRASGOV-A3C6A0E29FC8,Editais,74/2026,74,2026,117,São Paulo,COMITE PARALIMPICO BRASILEIRO/SP,00700114000144,COMITE PARAOLIMPICO BRASILEIRO,N,São Paulo,1747304.0,,2026-08-28 11:56:07,2026-09-15 10:00:00,Pregão - Eletrônico,Aberto-Fechado,Divulgada no PNCP,False,https://pncp.gov.br/app/editais/00700114000144/2026/117,https://cnetmobile.estaleiro.serpro.gov.br/comprasnet-web/public/compras/acompanhamento-compra?compra=92947205000742026,ComprasGov,Serviço,False,True,1,Sem benefício,False
LDIG-5606B91268CA,Hexis,24/2026,24,2026,32,Minas Gerais,Unidade Única,00995538000183,CISMEV CONSORCIO INTERMU DE SAUDE DO M RIO DAS VELHAS,N,Curvelo,655972.77,,2026-09-08 11:19:12,2026-09-18 09:00:00,Pregão - Eletrônico,Aberto,Divulgada no PNCP,True,https://pncp.gov.br/app/editais/00995538000183/2026/32,https://app2.licitardigital.com.br/pesquisa/112767,Licitar Digital,Material,True,False,10,Participação exclusiva para ME/EPP,True
BLL-35F63CB794C0,Mercedes,00000016/2026,00000016,2026,22,Goiás,PREFEITURA MUNICIPAL DE MOZARLÂNDIA - GO,01135227000107,MUNICIPIO DE MOZARLANDIA,M,Mozarlândia,541066.67,,2026-09-01 10:43:46,2026-10-01 08:55:00,Pregão - Eletrônico,Aberto,Divulgada no PNCP,False,https://pncp.gov.br/app/editais/01135227000107/2026/22,https://bllcompras.com/Process/ProcessView?param1=[gkz]p6Eia/cDf7uzRgmQHZcbhbZSmQKqN88nc0cqMMy2iM9UPeTHgqP6UHam10VzGwYjHxfY2sZuvAzNy6klcqbWdAiS2pZdg2JgRAdOB_EMT/I=,BLL Compras,Material,True,False,1,Sem benefício,False
BLL-35F63CB794C0,Divena,00000016/2026,00000016,2026,22,Goiás,PREFEITURA MUNICIPAL DE MOZARLÂNDIA - GO,01135227000107,MUNICIPIO DE MOZARLANDIA,M,Mozarlândia,541066.67,,2026-09-01 10:43:46,2026-10-01 08:55:00,Pregão - Eletrônico,Aberto,Divulgada no PNCP,False,https://pncp.gov.br/app/editais/01135227000107/2026/22,https://bllcompras.com/Process/ProcessView?param1=[gkz]p6Eia/cDf7uzRgmQHZcbhbZSmQKqN88nc0cqMMy2iM9UPeTHgqP6UHam10VzGwYjHxfY2sZuvAzNy6klcqbWdAiS2pZdg2JgRAdOB_EMT/I=,BLL Compras,Material,True,False,1,Sem benefício,False
BLL-35F63CB794C0,Rodobens,00000016/2026,00000016,2026,22,Goiás,PREFEITURA MUNICIPAL DE MOZARLÂNDIA - GO,01135227000107,MUNICIPIO DE MOZARLANDIA,M,Mozarlândia,541066.67,,2026-09-01 10:43:46,2026-10-01 08:55:00,Pregão - Eletrônico,Aberto,Divulgada no PNCP,False,https://pncp.gov.br/app/editais/01135227000107/2026/22,https://bllcompras.com/Process/ProcessView?param1=[gkz]p6Eia/cDf7uzRgmQHZcbhbZSmQKqN88nc0cqMMy2iM9UPeTHgqP6UHam10VzGwYjHxfY2sZuvAzNy6klcqbWdAiS2pZdg2JgRAdOB_EMT/I=,BLL Compras,Material,True,False,1,Sem benefício,False
LICITANET-6CE29D8BBC12,Rodobens,71/2026,71,2026,128,RO,MUNICÍPIO DE SÃO FRANCISCO DO GUAPORÉ/RO,01254422000156,MUNICIPIO DE SAO FRANCISCO DO GUAPORE,M,São Francisco do Guaporé,500181.67,,2026-09-16 10:11:44,2026-10-09 08:10:00,Pregão - Eletrônico,Aberto,Divulgada no PNCP,False,https://pncp.gov.br/app/editais/01254422000156/2026/128,https://licitanet.com.br/sessao/201648,Licitanet,Material,True,False,1,Sem benefício,False
LICITANET-D44E879CDCC8,Air Liquide,22/2026,22,2026,349,GO,MUNICIPIO DE VIANÓPOLIS/GO,01299692000183,MUNICIPIO DE VIANOPOLIS,M,Vianópolis,343219.99,,2026-09-21 14:58:15,2026-10-05 08:00:00,Pregão - Eletrônico,Aberto,Divulgada no PNCP,True,https://pncp.gov.br/app/editais/01299692000183/2026/349,https://licitanet.com.br/sessao/201997,Licitanet,Serviço,False,True,5,Sem benefício,False
GO-B72F0613FE2A,Rodobens,121566/2026,121566,2026,1504,GO,SECRETARIA DE ESTADO DA SAUDE/GO,01409580000138,ESTADO DE GOIAS,E,Goiânia,4861883.1,,2026-09-28 11:54:17,2026-10-14 09:00:00,Pregão - Eletrônico,Aberto,Divulgada no PNCP,True,https://pncp.gov.br/app/editais/01409580000138/2026/1504,,GO,Material,True,False,1,Sem benefício,False
BLL-90EC6DCFE425,Editais,06/2026,06,2026,11,São Paulo,FUNDACAO PRO-ESPORTE DE SANTOS,01450928000130,FUNDACAO PRO-ESPORTE DE SANTOS,M,Santos,104952.5,,2026-09-09 18:15:16,2026-09-22 13:00:00,Pregão - Eletrônico,Aberto-Fechado,Divulgada no PNCP,False,https://pncp.gov.br/app/editais/01450928000130/2026/11,https://bllcompras.com/Process/ProcessView?param1=[gkz]MZZyA5DvSosMi9HiEpDtM5mYQsvYscTQ3FndK_tuLiuVM/Afg_eEaMkhT0WJq4Nz6gfjQFHHYrsRyHhQ29xZAAK6m99VDhYhfPBWX9YS9mM=,BLL Compras,Serviço,False,True,2,Sem benefício,False
LICITANET-E6639413911D,Hexis,84/2026,84,2026,207,Rondônia,MUNICÍPIO DE CHUPINGUAIA/RO,01587887000129,MUNICIPIO DE CHUPINGUAIA,M,Chupinguaia,256191.0,,2026-07-15 10:48:36,2026-09-18 09:00:00,Pregão - Eletrônico,Aberto,Divulgada no PNCP,True,https://pncp.gov.br/app/editais/01587887000129/2026/207,https://licitanet.com.br/sessao/193845,Licitanet,Material,True,False,10,Participação exclusiva para ME/EPP,True
SC-CA9168C020BE,Editais,PMCA 047/26/2026,PMCA 047/26,2026,23,Santa Catarina,PREFEITURA MUNICIPAL DE CAPÃO ALTO - SC,01599409000139,MUNICIPIO DE CAPAO ALTO,M,Capão Alto,32755.0,,2026-09-11 00:00:11,2026-09-25 13:30:01,Pregão - Eletrônico,Aberto-Fechado,Divulgada no PNCP,True,https://pncp.gov.br/app/editais/01599409000139/2026/23,,SC,Serviço,False,True,1,Não se aplica,True
COMPRASGOV-0BE0E53A8581,Editais,2/2026,2,2026,7,RJ,FUNDAÇAO A.A PESQ.CIEN.E TEC.DA UFRRJ,01606606000138,FUNDACAO DE APOIO A PESQ. CIENTIF. TECN. DA UFRRJ,N,Rio de Janeiro,309361.51,,2026-09-21 12:14:36,2026-10-08 10:00:00,Pregão - Eletrônico,Aberto,Divulgada no PNCP,False,https://pncp.gov.br/app/editais/01606606000138/2026/7,https://cnetmobile.estaleiro.serpro.gov.br/comprasnet-web/public/compras/acompanhamento-compra?compra=92920105000022026,ComprasGov,Material,True,False,1,Não se aplica,True
PCP-9E8D426FC925,Air Liquide,5/2026,5,2026,282,Santa Catarina,Fundo Municipal de Saúde de Bocaina do Sul,01606852000190,MUNICIPIO DE BOCAINA DO SUL,M,Bocaina do Sul,34859.8,,2026-09-04 09:45:52,2026-09-18 08:30:00,Pregão - Eletrônico,Aberto,Divulgada no PNCP,False,https://pncp.gov.br/app/editais/01606852000190/2026/282,https://www.portaldecompraspublicas.com.br/processos/SC/Prefeitura-Municipal-de-Bocaina-do-Sul-3278/PE-5-2026-2026-509308,Portal de Compras Públicas,Serviço,False,True,3,Participação exclusiva para ME/EPP,True
COMPRASGOV-7C2D2BCC9CB5,Air Liquide,7/2026,7,2026,125,Paraná,PREFEITURA MUNICIPAL DE GOIOXIM - PR,01607627000178,MUNICIPIO DE GOIOXIM,M,Goioxim,225686.9,,2026-09-15 10:34:57,2026-09-29 09:00:00,Pregão - Eletrônico,Aberto,Divulgada no PNCP,True,https://pncp.gov.br/app/editais/01607627000178/2026/125,https://cnetmobile.estaleiro.serpro.gov.br/comprasnet-web/public/compras/acompanhamento-compra?compra=98085805000072026,ComprasGov,Material,True,False,6,Não se aplica; Participação exclusiva para ME/EPP,True
ES-9290ABD1E0DE,Tremont,000041/2026,000041,2026,151,ES,Prefeitura Municipal de Marataízes,01609408000128,MUNICIPIO DE MARATAIZES,M,Marataízes,15518591.8,,2026-09-16 17:53:28,2026-10-02 09:00:00,Pregão - Eletrônico,Aberto-Fechado,Divulgada no PNCP,True,https://pncp.gov.br/app/editais/01609408000128/2026/151,,ES,Serviço,False,True,3,Sem benefício,False
MG-C1A4B7C110BB,Mercedes,22/2026,22,2026,24,Minas Gerais,Secretaria Municipal de Educação,01609942000134,MUNICIPIO DE URUANA DE MINAS,M,Uruana de Minas,564312.55,,2026-08-14 07:59:31,2026-08-27 08:30:00,Pregão - Eletrônico,Aberto,Divulgada no PNCP,False,https://pncp.gov.br/app/editais/01609942000134/2026/24,,MG,Material,True,False,1,Sem benefício,False
MG-C1A4B7C110BB,Divena,22/2026,22,2026,24,Minas Gerais,Secretaria Municipal de Educação,01609942000134,MUNICIPIO DE URUANA DE MINAS,M,Uruana de Minas,564312.55,,2026-08-14 07:59:31,2026-08-27 08:30:00,Pregão - Eletrônico,Aberto,Divulgada no PNCP,False,https://pncp.gov.br/app/editais/01609942000134/2026/24,,MG,Material,True,False,1,Sem benefício,False
MG-C1A4B7C110BB,Rodobens,22/2026,22,2026,24,Minas Gerais,Secretaria Municipal de Educação,01609942000134,MUNICIPIO DE URUANA DE MINAS,M,Uruana de Minas,564312.55,,2026-08-14 07:59:31,2026-08-27 08:30:00,Pregão - Eletrônico,Aberto,Divulgada no PNCP,False,https://pncp.gov.br/app/editais/01609942000134/2026/24,,MG,Material,True,False,1,Sem benefício,False
BNC-34F4F61A99CB,Mercedes,022/2026,022,2026,29,Minas Gerais,Secretaria Municipal de Educação,01609942000134,MUNICIPIO DE URUANA DE MINAS,M,Uruana de Minas,564312.55,,2026-08-19 14:08:58,2026-09-01 07:30:00,Pregão - Eletrônico,Aberto,Divulgada no PNCP,False,https://pncp.gov.br/app/editais/01609942000134/2026/29,https://bnccompras.com/Process/ProcessView?param1=[gkz]AUGEI_vY1kuhOWV6/FDxUDwjEb7sO88NYkf_Gs0PMHrJhuZHNpjCQP0x3I39L12FmKxoFR/io/JiVsKXVsRg0tf8xlExnhiIfHbRjbVYhW0=,BNC Compras,Material,True,False,1,Sem benefício,False
BNC-34F4F61A99CB,Divena,022/2026,022,2026,29,Minas Gerais,Secretaria Municipal de Educação,01609942000134,MUNICIPIO DE URUANA DE MINAS,M,Uruana de Minas,564312.55,,2026-08-19 14:08:58,2026-09-01 07:30:00,Pregão - Eletrônico,Aberto,Divulgada no PNCP,False,https://pncp.gov.br/app/editais/01609942000134/2026/29,https://bnccompras.com/Process/ProcessView?param1=[gkz]AUGEI_vY1kuhOWV6/FDxUDwjEb7sO88NYkf_Gs0PMHrJhuZHNpjCQP0x3I39L12FmKxoFR/io/JiVsKXVsRg0tf8xlExnhiIfHbRjbVYhW0=,BNC Compras,Material,True,False,1,Sem benefício,False
BLL-32D6EDA98312,Air Liquide,23/2026,23,2026,104,São Paulo,MSP-PREFEITURA MUNICIPAL DE TAQUARAL,01610390000184,MUNICIPIO DE TAQUARAL,M,Taquaral,420476.08,,2026-08-28 11:17:11,2026-09-14 08:00:00,Pregão - Eletrônico,Aberto,Divulgada no PNCP,True,https://pncp.gov.br/app/editais/01610390000184/2026/104,https://bllcompras.com/Process/ProcessView?param1=[gkz]MDGw3F4wQiX2yKMpKoka0S0XymGD9XQpaQARv5Uki3ybQrJpHBdq7m7_YwPfquK8nyyVVj1dyD6ldSWf79QkLIa4FUx3jLCRcqihjOPWQAI=,BLL Compras,Material,True,False,6,Sem benefício,False
AMM-E5E0589175D0,Editais,16/2026,16,2026,25,MG,Unidade Única,01611137000145,MUNICIPIO DE GOIANA,M,Goianá,71000.0,,2026-09-28 09:28:36,2026-10-09 09:00:00,Pregão - Eletrônico,Aberto,Divulgada no PNCP,False,https://pncp.gov.br/app/editais/01611137000145/2026/25,https://app2.ammlicita.org.br/pesquisa/114808,AMM Licita,Material,True,False,1,Participação exclusiva para ME/EPP,True
SP-CA4A23417DFE,Air Liquide,24/2026,24,2026,45,São Paulo,MUNICIPIO DE OUROESTE,01611213000112,MUNICIPIO DE OUROESTE,M,Ouroeste,265299.9,,2026-09-14 10:53:30,2026-09-29 08:30:00,Pregão - Eletrônico,Aberto,Divulgada no PNCP,True,https://pncp.gov.br/app/editais/01611213000112/2026/45,http://pm.ouroeste.sp.gov.br:8079/comprasedital/,SP,Misto,True,True,8,Cota reservada para ME/EPP; Sem benefício,True
BNC-A30F1C7201CB,Divena,PE 021/2026,PE 021,2026,25,Maranhão,MUNICÍPIO DE CENTRO NOVO DO MARANHÃO/MA,01612323000107,MUNICIPIO DE CENTRO NOVO DO MARANHAO,M,Centro Novo do Maranhão,2098633.36,,2026-08-05 16:20:25,2026-09-01 18:00:00,Pregão - Eletrônico,Aberto-Fechado,Divulgada no PNCP,True,https://pncp.gov.br/app/editais/01612323000107/2026/25,https://bnccompras.com/Process/ProcessView?param1=[gkz]VrT4g3Bh4eMD4GnZorEWSPFuQzKEQZe8DSZYRtB6ArJfpjczKBwVC37vsio1gTKMGvz1ipyHxU9QKn1MaSy1PTSryiO8zMzKa/b6rA_4N/s=,BNC Compras,Material,True,False,3,Sem benefício,False
LDIG-7837A4D81C58,Air Liquide,28/2026,28,2026,46,Minas Gerais,Unidade Única,01612500000147,MUNICIPIO DE PONTO CHIQUE,M,Ponto Chique,281984.18,,2026-09-03 15:37:28,2026-09-17 08:00:00,Pregão - Eletrônico,Aberto,Divulgada no PNCP,False,https://pncp.gov.br/app/editais/01612500000147/2026/46,https://app2.licitardigital.com.br/pesquisa/112490,Licitar Digital,Material,True,False,9,Sem benefício,False
LICITANET-551654C8BD9F,Divena,42/2026,42,2026,149,Minas Gerais,MUNICÍPIO DE SARZEDO/MG,01612509000158,MUNICIPIO DE SARZEDO,M,Sarzedo,1098008.33,,2026-08-06 10:04:08,2026-09-15 09:30:00,Pregão - Eletrônico,Aberto-Fechado,Divulgada no PNCP,False,https://pncp.gov.br/app/editais/01612509000158/2026/149,https://licitanet.com.br/sessao/196640,Licitanet,Material,True,False,2,Sem benefício,False
LICITANET-551654C8BD9F,Mercedes,42/2026,42,2026,149,Minas Gerais,MUNICÍPIO DE SARZEDO/MG,01612509000158,MUNICIPIO DE SARZEDO,M,Sarzedo,1098008.33,,2026-08-06 10:04:08,2026-09-15 09:30:00,Pregão - Eletrônico,Aberto-Fechado,Divulgada no PNCP,False,https://pncp.gov.br/app/editais/01612509000158/2026/149,https://licitanet.com.br/sessao/196640,Licitanet,Material,True,False,2,Sem benefício,False
LICITANET-551654C8BD9F,Rodobens,42/2026,42,2026,149,Minas Gerais,MUNICÍPIO DE SARZEDO/MG,01612509000158,MUNICIPIO DE SARZEDO,M,Sarzedo,1098008.33,,2026-08-06 10:04:08,2026-09-15 09:30:00,Pregão - Eletrônico,Aberto-Fechado,Divulgada no PNCP,False,https://pncp.gov.br/app/editais/01612509000158/2026/149,https://licitanet.com.br/sessao/196640,Licitanet,Material,True,False,2,Sem benefício,False
MG-4EABF12EFAC2,Air Liquide,181/2026/2026,181/2026,2026,319,MG,São Joaquim de Bicas,01612516000150,MUNICIPIO DE SAO JOAQUIM DE BICAS,M,São Joaquim de Bicas,1293112.5,,2026-09-25 14:36:26,2026-10-09 09:00:00,Pregão - Eletrônico,Aberto,Divulgada no PNCP,True,https://pncp.gov.br/app/editais/01612516000150/2026/319,,MG,Material,True,False,2,Sem benefício,False
SC-4E7C4C714D1B,Air Liquide,PE 25/2026,PE 25,2026,56,Santa Catarina,MUNICÍPIO DE BANDEIRANTE,01612528000184,MUNICIPIO DE BANDEIRANTE,M,Bandeirante,11507.4,,2026-09-15 07:53:46,2026-09-25 08:00:00,Pregão - Eletrônico,Aberto,Divulgada no PNCP,True,https://pncp.gov.br/app/editais/01612528000184/2026/56,,SC,Material,True,False,6,Sem benefício,False
BBNEW-749F52AC3875,Air Liquide,036/2026,036,2026,74,Piauí,MUNICIPIO DE BETANIA DO PIAUI,01612622000133,MUNICIPIO DE BETANIA DO PIAUI,M,Betânia do Piauí,38252.4,,2026-08-31 18:33:02,2026-09-09 08:00:00,Pregão - Eletrônico,Aberto,Divulgada no PNCP,False,https://pncp.gov.br/app/editais/01612622000133/2026/74,https://licitacoes-e2.bb.com.br/aop-inter-estatico/visualizar-processo-publico/1099960,Novo Banco do Brasil,Material,True,False,3,Participação exclusiva para ME/EPP,True
BBNEW-D5B4F80E9297,Air Liquide,036.1/2026,036.1,2026,79,Piauí,MUNICIPIO DE BETANIA DO PIAUI,01612622000133,MUNICIPIO DE BETANIA DO PIAUI,M,Betânia do Piauí,38252.4,,2026-09-16 18:42:51,2026-09-28 09:00:00,Pregão - Eletrônico,Aberto,Divulgada no PNCP,False,https://pncp.gov.br/app/editais/01612622000133/2026/79,https://licitacoes-e2.bb.com.br/aop-inter-estatico/visualizar-processo-publico/1100999,Novo Banco do Brasil,Material,True,False,3,Participação exclusiva para ME/EPP,True
COMPRASGOV-3F0E00446AAD,Air Liquide,131/2026,131,2026,169,Santa Catarina,PREFEITURA MUNICIPAL DE IBIAM - SC,01612745000174,MUNICIPIO DE IBIAM,M,Ibiam,16108.5,,2026-09-01 11:21:54,2026-09-16 08:45:00,Pregão - Eletrônico,Aberto,Divulgada no PNCP,False,https://pncp.gov.br/app/editais/01612745000174/2026/169,https://cnetmobile.estaleiro.serpro.gov.br/comprasnet-web/public/compras/acompanhamento-compra?compra=98092005001312026,ComprasGov,Material,True,False,3,Não se aplica,True
SP-5593BD87D79C,Air Liquide,26/2026,26,2026,42,São Paulo,PREFEITURA MUNICIPAL DE FERNÃO,01612848000134,MUNICIPIO DE FERNAO,M,Fernão,0.0,,2026-08-21 08:16:27,2026-09-03 08:00:00,Pregão - Eletrônico,Aberto,Divulgada no PNCP,True,https://pncp.gov.br/app/editais/01612848000134/2026/42,,SP,Serviço,False,True,1,Não se aplica,True
COMPRASGOV-6382EF16BE01,Air Liquide,27/2026,27,2026,91,Paraná,PREFEITURA MUNICIPAL DE RESERVA DO IGUAÇU-PR,01612911000132,MUNICIPIO DE RESERVA DO IGUACU,M,Reserva do Iguaçu,163540.55,,2026-08-06 13:37:20,2026-08-28 09:00:00,Pregão - Eletrônico,Aberto,Divulgada no PNCP,True,https://pncp.gov.br/app/editais/01612911000132/2026/91,https://cnetmobile.estaleiro.serpro.gov.br/comprasnet-web/public/compras/acompanhamento-compra?compra=98087805000272026,ComprasGov,Misto,True,True,7,Participação exclusiva para ME/EPP,True
BLL-B98D53068C3C,Air Liquide,76/2026,76,2026,158,Paraná,PREFEITURA MUNICIPAL DE IMBAÚ - PR,01613770000172,MUNICIPIO DE IMBAU,M,Imbaú,399920.4,,2026-09-15 16:33:59,2026-09-28 09:00:00,Pregão - Eletrônico,Aberto,Divulgada no PNCP,False,https://pncp.gov.br/app/editais/01613770000172/2026/158,https://bllcompras.com/Process/ProcessView?param1=[gkz]jeauDqupNXFYiMggGwJDRHz4kmgp4pLIU7wnCVOBfxZ/jMW0b/ah86wgS7D/ddii9wLe7B_y8nGX7onf0sWTAmp/Fggh/hqJZdAzDDkvAa8=,BLL Compras,Material,True,False,3,Sem benefício,False
LICITANET-8FDC84899F98,Divena,080/2026,080,2026,263,Mato Grosso,MUNICÍPIO DE SAPEZAL/MT,01614225000109,MUNICIPIO DE SAPEZAL,M,Sapezal,1926666.67,,2026-09-08 22:02:57,2026-09-15 09:00:00,Pregão - Eletrônico,Aberto,Divulgada no PNCP,False,https://pncp.gov.br/app/editais/01614225000109/2026/263,https://licitanet.com.br/sessao/200258,Licitanet,Material,True,False,1,Sem benefício,False
LICITANET-8FDC84899F98,Mercedes,080/2026,080,2026,263,Mato Grosso,MUNICÍPIO DE SAPEZAL/MT,01614225000109,MUNICIPIO DE SAPEZAL,M,Sapezal,1926666.67,,2026-09-08 22:02:57,2026-09-15 09:00:00,Pregão - Eletrônico,Aberto,Divulgada no PNCP,False,https://pncp.gov.br/app/editais/01614225000109/2026/263,https://licitanet.com.br/sessao/200258,Licitanet,Material,True,False,1,Sem benefício,False
MT-72EC21788A73,Divena,PE 80/2026,PE 80,2026,264,Mato Grosso,MUNICÍPIO DE SAPEZAL/MT,01614225000109,MUNICIPIO DE SAPEZAL,M,Sapezal,1926666.67,,2026-09-09 09:13:35,2026-09-15 08:59:00,Pregão - Eletrônico,Aberto,Divulgada no PNCP,False,https://pncp.gov.br/app/editais/01614225000109/2026/264,,MT,Material,True,False,1,Sem benefício,False
MT-72EC21788A73,Mercedes,PE 80/2026,PE 80,2026,264,Mato Grosso,MUNICÍPIO DE SAPEZAL/MT,01614225000109,MUNICIPIO DE SAPEZAL,M,Sapezal,1926666.67,,2026-09-09 09:13:35,2026-09-15 08:59:00,Pregão - Eletrônico,Aberto,Divulgada no PNCP,False,https://pncp.gov.br/app/editais/01614225000109/2026/264,,MT,Material,True,False,1,Sem benefício,False
MT-10BD797B72D1,Hexis,PE 85/2026,PE 85,2026,290,Mato Grosso,MUNICÍPIO DE SAPEZAL/MT,01614225000109,MUNICIPIO DE SAPEZAL,M,Sapezal,133405.34,,2026-09-23 09:53:00,2026-10-06 08:59:00,Pregão - Eletrônico,Aberto,Divulgada no PNCP,True,https://pncp.gov.br/app/editais/01614225000109/2026/290,,MT,Material,True,False,10,Sem benefício,False
MT-D6D9D56121C3,Divena,75/2026,75,2026,104,MT,PREFEITURA MUNICIPAL DE NOVA UBIRATÃ-MT,01614521000100,MUNICIPIO DE NOVA UBIRATA,M,Nova Ubiratã,784140.0,,2026-09-25 12:34:57,2026-10-15 08:00:00,Pregão - Eletrônico,Fechado-Aberto,Divulgada no PNCP,True,https://pncp.gov.br/app/editais/01614521000100/2026/104,https://transparencia.novaubirata.mt.gov.br/novaubirata/licitacoes/licitacao?id=14079,MT,Material,True,False,1,Não se aplica,True
MT-D6D9D56121C3,Cabala,75/2026,75,2026,104,MT,PREFEITURA MUNICIPAL DE NOVA UBIRATÃ-MT,01614521000100,MUNICIPIO DE NOVA UBIRATA,M,Nova Ubiratã,784140.0,,2026-09-25 12:34:57,2026-10-15 08:00:00,Pregão - Eletrônico,Fechado-Aberto,Divulgada no PNCP,True,https://pncp.gov.br/app/editais/01614521000100/2026/104,https://transparencia.novaubirata.mt.gov.br/novaubirata/licitacoes/licitacao?id=14079,MT,Material,True,False,1,Não se aplica,True
LDIG-6445D082266B,Air Liquide,0014/2026,0014,2026,32,Minas Gerais,Unidade Única,01615008000125,MUNICIPIO DE FREI LAGONEGRO,M,Frei Lagonegro,73463.81,,2026-08-12 18:05:28,2026-08-26 08:50:00,Pregão - Eletrônico,Aberto,Divulgada no PNCP,False,https://pncp.gov.br/app/editais/01615008000125/2026/32,https://app2.licitardigital.com.br/pesquisa/110291,Licitar Digital,Material,True,False,4,Sem benefício,False
PCP-60BA2BBA23DD,Cabala,31/2026,31,2026,119,GO,SECRETARIA MUNICIPAL DE SAÚDE,01616520000196,MUNICIPIO DE AGUAS LINDAS DE GOIAS,M,Águas Lindas de Goiás,301927.0,,2026-09-16 09:36:05,2026-09-29 10:00:00,Pregão - Eletrônico,Aberto,Divulgada no PNCP,False,https://pncp.gov.br/app/editais/01616520000196/2026/119,https://www.portaldecompraspublicas.com.br/processos/GO/Prefeitura-Municipal-de-Aguas-Lindas-de-Goias-2994/PE-31-2026-2026-511545,Portal de Compras Públicas,Material,True,False,1,Sem benefício,False
LDIG-E74E1C4A7F96,Divena,020/2026,020,2026,54,Minas Gerais,Unidade Única,01617441000108,MUNICIPIO DE CANTAGALO,M,Cantagalo,519171.0,,2026-09-02 09:30:32,2026-09-17 13:00:00,Pregão - Eletrônico,Aberto,Divulgada no PNCP,False,https://pncp.gov.br/app/editais/01617441000108/2026/54,https://app2.licitardigital.com.br/pesquisa/112336,Licitar Digital,Material,True,False,1,Sem benefício,False
LDIG-E74E1C4A7F96,Mercedes,020/2026,020,2026,54,Minas Gerais,Unidade Única,01617441000108,MUNICIPIO DE CANTAGALO,M,Cantagalo,519171.0,,2026-09-02 09:30:32,2026-09-17 13:00:00,Pregão - Eletrônico,Aberto,Divulgada no PNCP,False,https://pncp.gov.br/app/editais/01617441000108/2026/54,https://app2.licitardigital.com.br/pesquisa/112336,Licitar Digital,Material,True,False,1,Sem benefício,False
BNC-85F5072EF1BE,Editais,03/2026,03,2026,6,Rio de Janeiro,MRJ-CÂMARA MUNICIPAL DE PORTO REAL,01618408000194,CAMARA MUNICIPAL DE PORTO REAL,M,Porto Real,4831310.72,,2026-08-28 12:12:01,2026-09-11 09:00:00,Pregão - Eletrônico,Aberto,Divulgada no PNCP,False,https://pncp.gov.br/app/editais/01618408000194/2026/6,https://bnccompras.com/Process/ProcessView?param1=[gkz]uv904FlayYZ9vHwy/XAR_qJdLHHeB0iXykt3uOps4kCs6wWclZkv3XEucIBSALjVSpM3PsT_JXITk1TrWsIrUXAAsI_vE4AIZ2n_4D3RNaU=,BNC Compras,Serviço,False,True,1,Sem benefício,False
PR-EEB63CCE2414,Tremont,59/2026,59,2026,151,Paraná,"SECRETARIA DE VIACAO, OBRAS E URBANISMO",01619323000120,MUNICIPIO DE FERNANDES PINHEIRO,M,Fernandes Pinheiro,62438.85,,2026-09-11 09:04:35,2026-09-28 08:30:00,Pregão - Eletrônico,Aberto,Divulgada no PNCP,False,https://pncp.gov.br/app/editais/01619323000120/2026/151,,PR,Serviço,False,True,1,Não se aplica,True
COMPRASGOV-6603FB3EB76B,PHD,282/2026,282,2026,66,TO,ETO-PROCURADORIA GERAL DA JUSTIÇA TOCANTINS,01786078000146,TOCANTINS PROCURADORIA GERAL DA JUSTICA,E,Palmas,184815.33,,2026-09-24 11:56:53,2026-10-09 09:59:00,Pregão - Eletrônico,Aberto-Fechado,Divulgada no PNCP,False,https://pncp.gov.br/app/editais/01786078000146/2026/66,https://cnetmobile.estaleiro.serpro.gov.br/comprasnet-web/public/compras/acompanhamento-compra?compra=92589205002822026,ComprasGov,Material,True,False,1,Sem benefício,False
PCP-4CE9C3A822EC,Air Liquide,003-FMS/2026,003-FMS,2026,12,TO,PREFEITURA MUNICIPAL DE NATIVIDADE,01809474000141,MUNICIPIO DE NATIVIDADE,M,Natividade,179100.5,,2026-09-23 11:10:40,2026-10-08 08:45:00,Pregão - Eletrônico,Aberto,Divulgada no PNCP,True,https://pncp.gov.br/app/editais/01809474000141/2026/12,https://www.portaldecompraspublicas.com.br/processos/TO/Prefeitura-Municipal-de-Natividade-2620/RPE-003-FMS-2026-2026-513512,Portal de Compras Públicas,Material,True,False,2,Sem benefício,False
LICITANET-4F1285CB1001,Editais,049/2026,049,2026,137,Mato Grosso,MUNICÍPIO DE PRIMAVERA DO LESTE/MT,01974088000105,MUNICIPIO DE PRIMAVERA DO LESTE,M,Primavera do Leste,281751.95,,2026-09-14 13:07:47,2026-09-28 08:30:00,Pregão - Eletrônico,Aberto,Divulgada no PNCP,True,https://pncp.gov.br/app/editais/01974088000105/2026/137,https://licitanet.com.br/sessao/201345,Licitanet,Material,True,False,2,Sem benefício,False
GO-9B2AA8862C99,Air Liquide,7/2026,7,2026,174,Goiás,FUNDO MUNICIPAL DE SAUDE DE JOVIANIA,02029957000196,MUNICIPIO DE JOVIANIA,M,Joviânia,1353882.44,,2026-09-15 15:32:40,2026-09-29 07:30:00,Pregão - Eletrônico,Aberto,Divulgada no PNCP,True,https://pncp.gov.br/app/editais/02029957000196/2026/174,,GO,Material,True,False,8,Sem benefício,False
BNC-F7FB2879427D,Air Liquide,26/2026,26,2026,41,Goiás,FMS FUNDO MUNICIPAL DE SAUDE,02267698000131,MUNICIPIO DE MOSSAMEDES,M,Mossâmedes,71149.6,,2026-09-02 08:30:39,2026-09-17 08:00:00,Pregão - Eletrônico,Aberto,Divulgada no PNCP,True,https://pncp.gov.br/app/editais/02267698000131/2026/41,https://bnccompras.com/Process/ProcessView?param1=[gkz]Nh6bMghOO16445Jitjj95L5_jGxanv9nFNIpAvQ9IwIXBervezUQxytJcpS6Jw4JFGQISJtBEDvocvb9J3LvEZc4xrqJ_1RuKd9pyfsUNCo=,BNC Compras,Material,True,False,5,Sem benefício,False
BNC-41DE3F2DCAA3,Cabala,29/2026,29,2026,44,Goiás,FMS FUNDO MUNICIPAL DE SAUDE,02267698000131,MUNICIPIO DE MOSSAMEDES,M,Mossâmedes,333972.5,,2026-09-16 18:24:20,2026-09-30 08:00:00,Pregão - Eletrônico,Aberto,Divulgada no PNCP,False,https://pncp.gov.br/app/editais/02267698000131/2026/44,https://bnccompras.com/Process/ProcessView?param1=[gkz]RKdhpvp9LtuZ_XXkuTAcb5pry1Kt6FoV0kb0WgZXGYmBnm8AKHDNPOmHlEUe3D/W4tTC5xV965CV4JNbTI5ROL9Tt2lBUPHRUm3dNSY5W/0=,BNC Compras,Material,True,False,1,Sem benefício,False
LICITANET-77868142477A,Editais,022/2026,022,2026,78,MG,CONSÓRCIO INTERMUNICIPAL DE SAÚDE DO ALTO PARANAÍBA - CISALP/MG,02319394000170,CISALP-CONSORCIO PUBLICO INTERMUNICIPAL DE SAUDE A MICRO-REGIAO DO ALTO PARANAIBA,N,Lagoa Formosa,191314.5,,2026-09-23 15:28:43,2026-10-09 09:00:00,Pregão - Eletrônico,Aberto,Divulgada no PNCP,True,https://pncp.gov.br/app/editais/02319394000170/2026/78,https://licitanet.com.br/sessao/202583,Licitanet,Material,True,False,1,Sem benefício,False
ES-1F9E912E7EED,Cabala,004/2026,004,2026,8,Espírito Santo,FUNDO ESPECIAL DE REEQUIPAMENTO DO CORPO DE BOMBEIROS MILITAR,02489503000106,FUNDO ESPECIAL DE REEQUIPAMENTO DO CORPO DE BOMBEIROS,E,Vitória,11666106.48,,2026-04-09 14:46:08,2026-09-29 10:29:00,Pregão - Eletrônico,Aberto-Fechado,Divulgada no PNCP,True,https://pncp.gov.br/app/editais/02489503000106/2026/8,,ES,Material,True,False,1,Não se aplica,True
COMPRASGOV-1AD784188EFA,Setti,11/2026,11,2026,36,MT,CONSELHO REGIONAL DE MEDICINA - MT,03008521000183,CONSELHO REGIONAL DE MEDICINA DO ESTADO DE MATO GROSSO,F,Cuiabá,360974.4,,2026-09-17 11:58:29,2026-10-01 10:00:00,Pregão - Eletrônico,Aberto,Divulgada no PNCP,False,https://pncp.gov.br/app/editais/03008521000183/2026/36,https://cnetmobile.estaleiro.serpro.gov.br/comprasnet-web/public/compras/acompanhamento-compra?compra=38916405000112026,ComprasGov,Material,True,False,1,Sem benefício,False
COMPRASBR-43C967D1DD36,Air Liquide,063/2026,063,2026,110,MS,Prefeitura Municipal de Três Lagoas - MS,03184041000173,MUNICIPIO DE TRES LAGOAS,M,Três Lagoas,0.0,,2026-09-24 08:54:36,2026-10-08 08:50:00,Pregão - Eletrônico,Aberto,Divulgada no PNCP,False,https://pncp.gov.br/app/editais/03184041000173/2026/110,https://comprasbr.com.br/pregao-eletronico-detalhe/?idlicitacao=48551,Compras BR,Material,True,False,1,Não se aplica,True
MT-74ED8876A9D3,Rodobens,PE 40/2026,PE 40,2026,84,MT,MUNICIPIO DE VILA RICA,03238862000145,MUNICIPIO DE VILA RICA,M,Vila Rica,418740.97,,2026-09-15 09:39:09,2026-10-07 08:30:00,Pregão - Eletrônico,Aberto,Divulgada no PNCP,True,https://pncp.gov.br/app/editais/03238862000145/2026/84,,MT,Material,True,False,1,Sem benefício,False
BBNEW-610A0152E67E,Rodobens,039/2026/2026,039/2026,2026,86,MT,MUNICIPIO DE VILA RICA LICITACOES,03238862000145,MUNICIPIO DE VILA RICA,M,Vila Rica,304600.0,,2026-09-15 18:49:34,2026-09-28 09:00:00,Pregão - Eletrônico,Fechado-Aberto,Divulgada no PNCP,False,https://pncp.gov.br/app/editais/03238862000145/2026/86,https://licitacoes-e2.bb.com.br/aop-inter-estatico/visualizar-processo-publico/1100842,Novo Banco do Brasil,Material,True,False,1,Sem benefício,False
PCP-8FC1DDDA259D,Cabala,006/2026,006,2026,24,Mato Grosso,Departamento de Licitações,03238888000193,MUNICIPIO DE NOVO HORIZONTE DO NORTE,M,Novo Horizonte do Norte,3814196.1,,2026-08-28 15:12:31,2026-09-22 08:30:00,Pregão - Eletrônico,Aberto,Divulgada no PNCP,True,https://pncp.gov.br/app/editais/03238888000193/2026/24,https://www.portaldecompraspublicas.com.br/processos/MT/Prefeitura-Municipal-de-Novo-Horizonte-do-Norte-827/RPE-006-2026-2026-505712,Portal de Compras Públicas,Material,True,False,10,Sem benefício,False
MT-74A21B6D71AA,Divena,6/2026,6,2026,26,Mato Grosso,Departamento de Licitações,03238888000193,MUNICIPIO DE NOVO HORIZONTE DO NORTE,M,Novo Horizonte do Norte,3814196.1,,2026-09-04 13:20:27,2026-09-11 08:30:00,Pregão - Eletrônico,Fechado-Aberto,Divulgada no PNCP,True,https://pncp.gov.br/app/editais/03238888000193/2026/26,https://transparencia.agilicloud.com.br/prefnovohorizontenorte-mt/licitacoes/licitacao?id=1401,MT,Material,True,False,10,Não se aplica,True
MT-74A21B6D71AA,Cabala,6/2026,6,2026,26,Mato Grosso,Departamento de Licitações,03238888000193,MUNICIPIO DE NOVO HORIZONTE DO NORTE,M,Novo Horizonte do Norte,3814196.1,,2026-09-04 13:20:27,2026-09-11 08:30:00,Pregão - Eletrônico,Fechado-Aberto,Divulgada no PNCP,True,https://pncp.gov.br/app/editais/03238888000193/2026/26,https://transparencia.agilicloud.com.br/prefnovohorizontenorte-mt/licitacoes/licitacao?id=1401,MT,Material,True,False,10,Não se aplica,True
MT-54EC8C79F97B,SAI Brasil,38/2026,38,2026,59,Mato Grosso,PREFEITURA MUNICIPAL DE GUARANTÃ DO NORTE - MT,03239019000183,MUNICIPIO DE GUARANTA DO NORTE,M,Guarantã do Norte,2848087.8,,2026-07-31 14:09:28,2026-09-24 09:00:00,Pregão - Eletrônico,Fechado-Aberto,Divulgada no PNCP,True,https://pncp.gov.br/app/editais/03239019000183/2026/59,https://transparencia.agilicloud.com.br/prefguarantanorte-mt/licitacoes/licitacao?id=4582,MT,Serviço,False,True,8,Não se aplica,True
MS-2BFD9832B882,Rodobens,147/2026,147,2026,178,MS,Prefeitura Municipal de Inocência - MS,03342938000188,MUNICIPIO DE INOCENCIA,M,Inocência,390570.93,,2026-08-17 08:21:38,2026-10-05 09:00:00,Pregão - Eletrônico,Aberto,Divulgada no PNCP,False,https://pncp.gov.br/app/editais/03342938000188/2026/178,,MS,Material,True,False,1,Não se aplica,True
MT-B076746DFFC1,Divena,33/2026,33,2026,69,MT,PREFEITURA MUNICIPAL DE JACIARA-MT,03347135000116,MUNICIPIO DE JACIARA,M,Jaciara,1780500.0,,2026-09-25 10:04:51,2026-10-07 09:00:00,Pregão - Eletrônico,Aberto-Fechado,Divulgada no PNCP,True,https://pncp.gov.br/app/editais/03347135000116/2026/69,,MT,Material,True,False,1,Não se aplica,True
MT-B076746DFFC1,Mercedes,33/2026,33,2026,69,MT,PREFEITURA MUNICIPAL DE JACIARA-MT,03347135000116,MUNICIPIO DE JACIARA,M,Jaciara,1780500.0,,2026-09-25 10:04:51,2026-10-07 09:00:00,Pregão - Eletrônico,Aberto-Fechado,Divulgada no PNCP,True,https://pncp.gov.br/app/editais/03347135000116/2026/69,,MT,Material,True,False,1,Não se aplica,True
MT-B076746DFFC1,Rodobens,33/2026,33,2026,69,MT,PREFEITURA MUNICIPAL DE JACIARA-MT,03347135000116,MUNICIPIO DE JACIARA,M,Jaciara,1780500.0,,2026-09-25 10:04:51,2026-10-07 09:00:00,Pregão - Eletrônico,Aberto-Fechado,Divulgada no PNCP,True,https://pncp.gov.br/app/editais/03347135000116/2026/69,,MT,Material,True,False,1,Não se aplica,True
COMPRASBR-A882ADE97A25,Air Liquide,041/2026,041,2026,72,Mato Grosso do Sul,Prefeitura Municipal de Bandeirantes - MS,03501491000142,MUNICIPIO DE BANDEIRANTES,M,Bandeirantes,76499.4,,2026-08-31 13:31:04,2026-09-15 08:30:00,Pregão - Eletrônico,Aberto,Divulgada no PNCP,True,https://pncp.gov.br/app/editais/03501491000142/2026/72,https://comprasbr.com.br/pregao-eletronico-detalhe/?idlicitacao=48014,Compras BR,Material,True,False,3,Participação exclusiva para ME/EPP,True
MS-B21778FBF570,Divena,102/2026,102,2026,102,MS,Secretaria Municipal de Assistência Social,03501509000106,MUNICIPIO DE CAMPO GRANDE,M,Campo Grande,1981118.35,,2026-07-21 08:53:14,2026-10-06 08:59:00,Pregão - Eletrônico,Aberto,Divulgada no PNCP,False,https://pncp.gov.br/app/editais/03501509000106/2026/102,,MS,Material,True,False,8,Não se aplica; Participação exclusiva para ME/EPP,True
MS-B21778FBF570,Mercedes,102/2026,102,2026,102,MS,Secretaria Municipal de Assistência Social,03501509000106,MUNICIPIO DE CAMPO GRANDE,M,Campo Grande,1981118.35,,2026-07-21 08:53:14,2026-10-06 08:59:00,Pregão - Eletrônico,Aberto,Divulgada no PNCP,False,https://pncp.gov.br/app/editais/03501509000106/2026/102,,MS,Material,True,False,8,Não se aplica; Participação exclusiva para ME/EPP,True
MS-B21778FBF570,Cabala,102/2026,102,2026,102,MS,Secretaria Municipal de Assistência Social,03501509000106,MUNICIPIO DE CAMPO GRANDE,M,Campo Grande,1981118.35,,2026-07-21 08:53:14,2026-10-06 08:59:00,Pregão - Eletrônico,Aberto,Divulgada no PNCP,False,https://pncp.gov.br/app/editais/03501509000106/2026/102,,MS,Material,True,False,8,Não se aplica; Participação exclusiva para ME/EPP,True
MT-9B3EB68F36B8,Divena,044/2026,044,2026,133,Mato Grosso,SECRETARIA DE ESTADO DE SEGURANÇA PÚBLICA,03507415002864,ESTADO DE MATO GROSSO,E,Cuiabá,9639239.96,,2026-09-02 13:49:20,2026-09-24 09:45:00,Pregão - Eletrônico,Aberto,Divulgada no PNCP,True,https://pncp.gov.br/app/editais/03507415002864/2026/133,,MT,Material,True,False,7,Não se aplica,True
MT-9B3EB68F36B8,Cabala,044/2026,044,2026,133,Mato Grosso,SECRETARIA DE ESTADO DE SEGURANÇA PÚBLICA,03507415002864,ESTADO DE MATO GROSSO,E,Cuiabá,9639239.96,,2026-09-02 13:49:20,2026-09-24 09:45:00,Pregão - Eletrônico,Aberto,Divulgada no PNCP,True,https://pncp.gov.br/app/editais/03507415002864/2026/133,,MT,Material,True,False,7,Não se aplica,True
MT-9B3EB68F36B8,Mercedes,044/2026,044,2026,133,Mato Grosso,SECRETARIA DE ESTADO DE SEGURANÇA PÚBLICA,03507415002864,ESTADO DE MATO GROSSO,E,Cuiabá,9639239.96,,2026-09-02 13:49:20,2026-09-24 09:45:00,Pregão - Eletrônico,Aberto,Divulgada no PNCP,True,https://pncp.gov.br/app/editais/03507415002864/2026/133,,MT,Material,True,False,7,Não se aplica,True
MT-9B3EB68F36B8,Rodobens,044/2026,044,2026,133,Mato Grosso,SECRETARIA DE ESTADO DE SEGURANÇA PÚBLICA,03507415002864,ESTADO DE MATO GROSSO,E,Cuiabá,9639239.96,,2026-09-02 13:49:20,2026-09-24 09:45:00,Pregão - Eletrônico,Aberto,Divulgada no PNCP,True,https://pncp.gov.br/app/editais/03507415002864/2026/133,,MT,Material,True,False,7,Não se aplica,True
LICITANET-A8C19EAB8E51,Divena,055/2026,055,2026,108,MS,MUNICÍPIO DE BATAGUASSU-MS,03576220000156,MUNICIPIO DE BATAGUASSU,M,Bataguassu,710796.17,,2026-07-30 08:51:43,2026-10-06 09:00:00,Pregão - Eletrônico,Aberto,Divulgada no PNCP,False,https://pncp.gov.br/app/editais/03576220000156/2026/108,https://licitanet.com.br/sessao/195687,Licitanet,Material,True,False,3,Sem benefício,False
LICITANET-A8C19EAB8E51,Mercedes,055/2026,055,2026,108,MS,MUNICÍPIO DE BATAGUASSU-MS,03576220000156,MUNICIPIO DE BATAGUASSU,M,Bataguassu,710796.17,,2026-07-30 08:51:43,2026-10-06 09:00:00,Pregão - Eletrônico,Aberto,Divulgada no PNCP,False,https://pncp.gov.br/app/editais/03576220000156/2026/108,https://licitanet.com.br/sessao/195687,Licitanet,Material,True,False,3,Sem benefício,False
LICITANET-A8C19EAB8E51,Rodobens,055/2026,055,2026,108,MS,MUNICÍPIO DE BATAGUASSU-MS,03576220000156,MUNICIPIO DE BATAGUASSU,M,Bataguassu,710796.17,,2026-07-30 08:51:43,2026-10-06 09:00:00,Pregão - Eletrônico,Aberto,Divulgada no PNCP,False,https://pncp.gov.br/app/editais/03576220000156/2026/108,https://licitanet.com.br/sessao/195687,Licitanet,Material,True,False,3,Sem benefício,False
COMPRASGOV-850775707C6D,Rodobens,17/2026,17,2026,57,Minas Gerais,SERVICO SOCIAL DO COMERCIO - SESC AR/MG,03643856000173,SERVICO SOCIAL DO COMERCIO - ADMINISTRACAO REGIONAL NO ESTADO DE MINAS GERAIS,N,Belo Horizonte,2942216.67,,2026-09-03 14:20:36,2026-09-21 09:00:00,Pregão - Eletrônico,Aberto,Divulgada no PNCP,False,https://pncp.gov.br/app/editais/03643856000173/2026/57,https://cnetmobile.estaleiro.serpro.gov.br/comprasnet-web/public/compras/acompanhamento-compra?compra=92648305000172026,ComprasGov,Material,True,False,4,Sem benefício,False
COMPRASGOV-850775707C6D,Divena,17/2026,17,2026,57,Minas Gerais,SERVICO SOCIAL DO COMERCIO - SESC AR/MG,03643856000173,SERVICO SOCIAL DO COMERCIO - ADMINISTRACAO REGIONAL NO ESTADO DE MINAS GERAIS,N,Belo Horizonte,2942216.67,,2026-09-03 14:20:36,2026-09-21 09:00:00,Pregão - Eletrônico,Aberto,Divulgada no PNCP,False,https://pncp.gov.br/app/editais/03643856000173/2026/57,https://cnetmobile.estaleiro.serpro.gov.br/comprasnet-web/public/compras/acompanhamento-compra?compra=92648305000172026,ComprasGov,Material,True,False,4,Sem benefício,False
COMPRASGOV-850775707C6D,Mercedes,17/2026,17,2026,57,Minas Gerais,SERVICO SOCIAL DO COMERCIO - SESC AR/MG,03643856000173,SERVICO SOCIAL DO COMERCIO - ADMINISTRACAO REGIONAL NO ESTADO DE MINAS GERAIS,N,Belo Horizonte,2942216.67,,2026-09-03 14:20:36,2026-09-21 09:00:00,Pregão - Eletrônico,Aberto,Divulgada no PNCP,False,https://pncp.gov.br/app/editais/03643856000173/2026/57,https://cnetmobile.estaleiro.serpro.gov.br/comprasnet-web/public/compras/acompanhamento-compra?compra=92648305000172026,ComprasGov,Material,True,False,4,Sem benefício,False
COMPRASGOV-E7D0085E198B,Editais,27/2026,27,2026,64,Minas Gerais,SERVICO SOCIAL DO COMERCIO - SESC AR/MG,03643856000173,SERVICO SOCIAL DO COMERCIO - ADMINISTRACAO REGIONAL NO ESTADO DE MINAS GERAIS,N,Belo Horizonte,198255.59,,2026-09-25 15:07:15,2026-10-13 09:00:00,Pregão - Eletrônico,Aberto,Divulgada no PNCP,False,https://pncp.gov.br/app/editais/03643856000173/2026/64,https://cnetmobile.estaleiro.serpro.gov.br/comprasnet-web/public/compras/acompanhamento-compra?compra=92648305000272026,ComprasGov,Serviço,False,True,1,Sem benefício,False
LICITANET-9A926377D1B3,Divena,40/2026,40,2026,86,Mato Grosso,MUNICÍPIO DE MIRASSOL D`OESTE/MT,03755477000175,MUNICIPIO DE MIRASSOL D'OESTE,M,Mirassol d'Oeste,1640993.32,,2026-09-03 23:31:43,2026-09-16 09:00:00,Pregão - Eletrônico,Aberto,Divulgada no PNCP,True,https://pncp.gov.br/app/editais/03755477000175/2026/86,https://licitanet.com.br/sessao/199870,Licitanet,Material,True,False,3,Sem benefício,False
LICITANET-9A926377D1B3,Cabala,40/2026,40,2026,86,Mato Grosso,MUNICÍPIO DE MIRASSOL D`OESTE/MT,03755477000175,MUNICIPIO DE MIRASSOL D'OESTE,M,Mirassol d'Oeste,1640993.32,,2026-09-03 23:31:43,2026-09-16 09:00:00,Pregão - Eletrônico,Aberto,Divulgada no PNCP,True,https://pncp.gov.br/app/editais/03755477000175/2026/86,https://licitanet.com.br/sessao/199870,Licitanet,Material,True,False,3,Sem benefício,False
COMPRASGOV-7DDA5B86B39B,Divena,351/2026,351,2026,203,Mato Grosso do Sul,FUNDO ESPECIAL INST.D.A.ATIV.J.ESP.C.CRIMINAL,03979663000198,TRIBUNAL DE JUSTICA DO ESTADO MATO GROSSO DO SUL,E,Campo Grande,2438260.65,,2026-08-31 17:50:03,2026-09-15 14:00:00,Pregão - Eletrônico,Aberto-Fechado,Divulgada no PNCP,False,https://pncp.gov.br/app/editais/03979663000198/2026/203,https://cnetmobile.estaleiro.serpro.gov.br/comprasnet-web/public/compras/acompanhamento-compra?compra=92973505003512026,ComprasGov,Material,True,False,1,Não se aplica,True
COMPRASGOV-7DDA5B86B39B,Cabala,351/2026,351,2026,203,Mato Grosso do Sul,FUNDO ESPECIAL INST.D.A.ATIV.J.ESP.C.CRIMINAL,03979663000198,TRIBUNAL DE JUSTICA DO ESTADO MATO GROSSO DO SUL,E,Campo Grande,2438260.65,,2026-08-31 17:50:03,2026-09-15 14:00:00,Pregão - Eletrônico,Aberto-Fechado,Divulgada no PNCP,False,https://pncp.gov.br/app/editais/03979663000198/2026/203,https://cnetmobile.estaleiro.serpro.gov.br/comprasnet-web/public/compras/acompanhamento-compra?compra=92973505003512026,ComprasGov,Material,True,False,1,Não se aplica,True
COMPRASGOV-7DDA5B86B39B,Pottencial,351/2026,351,2026,203,Mato Grosso do Sul,FUNDO ESPECIAL INST.D.A.ATIV.J.ESP.C.CRIMINAL,03979663000198,TRIBUNAL DE JUSTICA DO ESTADO MATO GROSSO DO SUL,E,Campo Grande,2438260.65,,2026-08-31 17:50:03,2026-09-15 14:00:00,Pregão - Eletrônico,Aberto-Fechado,Divulgada no PNCP,False,https://pncp.gov.br/app/editais/03979663000198/2026/203,https://cnetmobile.estaleiro.serpro.gov.br/comprasnet-web/public/compras/acompanhamento-compra?compra=92973505003512026,ComprasGov,Material,True,False,1,Não se aplica,True
COMPRASGOV-EBFDFA87472F,Mercedes,24/2026,24,2026,31,Acre,PREFEIRURA MUNICIPAL DE CRUZEIRO DO SUL - AC,04012548000102,MUNICIPIO DE CRUZEIRO DO SUL,M,Cruzeiro do Sul,771800.0,,2026-08-12 15:31:07,2026-08-26 10:30:00,Pregão - Eletrônico,Aberto,Divulgada no PNCP,False,https://pncp.gov.br/app/editais/04012548000102/2026/31,https://cnetmobile.estaleiro.serpro.gov.br/comprasnet-web/public/compras/acompanhamento-compra?compra=98010705000242026,ComprasGov,Material,True,False,1,Não se aplica,True
COMPRASGOV-EBFDFA87472F,Rodobens,24/2026,24,2026,31,Acre,PREFEIRURA MUNICIPAL DE CRUZEIRO DO SUL - AC,04012548000102,MUNICIPIO DE CRUZEIRO DO SUL,M,Cruzeiro do Sul,771800.0,,2026-08-12 15:31:07,2026-08-26 10:30:00,Pregão - Eletrônico,Aberto,Divulgada no PNCP,False,https://pncp.gov.br/app/editais/04012548000102/2026/31,https://cnetmobile.estaleiro.serpro.gov.br/comprasnet-web/public/compras/acompanhamento-compra?compra=98010705000242026,ComprasGov,Material,True,False,1,Não se aplica,True
COMPRASGOV-E46EC09090EF,Rodobens,33/2026,33,2026,170,AC,CAC-PREFEITURA MUNICIPAL DE RIO BRANCO,04034583000122,MUNICIPIO DE RIO BRANCO,M,Rio Branco,1405318.88,,2026-09-22 10:57:22,2026-10-05 10:00:00,Pregão - Eletrônico,Aberto,Divulgada no PNCP,False,https://pncp.gov.br/app/editais/04034583000122/2026/170,https://cnetmobile.estaleiro.serpro.gov.br/comprasnet-web/public/compras/acompanhamento-compra?compra=98013905000332026,ComprasGov,Material,True,False,2,Não se aplica,True
COMPRASGOV-F34A673F07B3,Rodobens,136/2026,136,2026,537,RO,PREFEITURA MUNICIPAL DE JI-PARANÁ,04092672000125,MUNICIPIO DE JI-PARANA,M,Ji-Paraná,1699373.72,,2026-09-18 14:13:12,2026-10-09 09:30:00,Pregão - Eletrônico,Aberto,Divulgada no PNCP,True,https://pncp.gov.br/app/editais/04092672000125/2026/537,https://cnetmobile.estaleiro.serpro.gov.br/comprasnet-web/public/compras/acompanhamento-compra?compra=98000505001362026,ComprasGov,Serviço,False,True,1,Sem benefício,False
LICITANET-28F1A0D97198,Divena,83/2026,83,2026,136,RO,MUNICÍPIO DE PIMENTA BUENO/RO,04092680000171,MUNICIPIO DE PIMENTA BUENO,M,Pimenta Bueno,4903010.05,,2026-09-22 08:48:30,2026-10-13 10:00:00,Pregão - Eletrônico,Aberto,Divulgada no PNCP,True,https://pncp.gov.br/app/editais/04092680000171/2026/136,https://licitanet.com.br/sessao/201817,Licitanet,Material,True,False,3,Sem benefício,False
LICITANET-28F1A0D97198,Mercedes,83/2026,83,2026,136,RO,MUNICÍPIO DE PIMENTA BUENO/RO,04092680000171,MUNICIPIO DE PIMENTA BUENO,M,Pimenta Bueno,4903010.05,,2026-09-22 08:48:30,2026-10-13 10:00:00,Pregão - Eletrônico,Aberto,Divulgada no PNCP,True,https://pncp.gov.br/app/editais/04092680000171/2026/136,https://licitanet.com.br/sessao/201817,Licitanet,Material,True,False,3,Sem benefício,False
LICITANET-28F1A0D97198,Rodobens,83/2026,83,2026,136,RO,MUNICÍPIO DE PIMENTA BUENO/RO,04092680000171,MUNICIPIO DE PIMENTA BUENO,M,Pimenta Bueno,4903010.05,,2026-09-22 08:48:30,2026-10-13 10:00:00,Pregão - Eletrônico,Aberto,Divulgada no PNCP,True,https://pncp.gov.br/app/editais/04092680000171/2026/136,https://licitanet.com.br/sessao/201817,Licitanet,Material,True,False,3,Sem benefício,False
PCP-E5465906781D,Divena,039/2026,039,2026,92,PA,Fundo Municipal de Assistência Social - FMAS,04144150000120,MUNICIPIO DE XINGUARA,M,Xinguara,696848.0,,2026-09-24 10:51:42,2026-10-06 08:00:00,Pregão - Eletrônico,Aberto,Divulgada no PNCP,False,https://pncp.gov.br/app/editais/04144150000120/2026/92,https://www.portaldecompraspublicas.com.br/processos/PA/Prefeitura-Municipal-de-Xinguara-1100/PE-039-2026-2026-513799,Portal de Compras Públicas,Material,True,False,1,Sem benefício,False
PCP-E5465906781D,Mercedes,039/2026,039,2026,92,PA,Fundo Municipal de Assistência Social - FMAS,04144150000120,MUNICIPIO DE XINGUARA,M,Xinguara,696848.0,,2026-09-24 10:51:42,2026-10-06 08:00:00,Pregão - Eletrônico,Aberto,Divulgada no PNCP,False,https://pncp.gov.br/app/editais/04144150000120/2026/92,https://www.portaldecompraspublicas.com.br/processos/PA/Prefeitura-Municipal-de-Xinguara-1100/PE-039-2026-2026-513799,Portal de Compras Públicas,Material,True,False,1,Sem benefício,False
PCP-E5465906781D,Rodobens,039/2026,039,2026,92,PA,Fundo Municipal de Assistência Social - FMAS,04144150000120,MUNICIPIO DE XINGUARA,M,Xinguara,696848.0,,2026-09-24 10:51:42,2026-10-06 08:00:00,Pregão - Eletrônico,Aberto,Divulgada no PNCP,False,https://pncp.gov.br/app/editais/04144150000120/2026/92,https://www.portaldecompraspublicas.com.br/processos/PA/Prefeitura-Municipal-de-Xinguara-1100/PE-039-2026-2026-513799,Portal de Compras Públicas,Material,True,False,1,Sem benefício,False
PCP-F057A66F4F99,Cabala,32/2026,32,2026,133,RS,Prefeitura Municipal Cruzaltense,04213529000144,MUNICIPIO DE CRUZALTENSE,M,Cruzaltense,937890.0,,2026-09-15 11:11:28,2026-09-28 08:00:00,Pregão - Eletrônico,Aberto,Divulgada no PNCP,False,https://pncp.gov.br/app/editais/04213529000144/2026/133,https://www.portaldecompraspublicas.com.br/processos/RS/Prefeitura-Municipal-Cruzaltense-3094/PE-32-2026-2026-511327,Portal de Compras Públicas,Material,True,False,3,Sem benefício,False
PCP-F057A66F4F99,Divena,32/2026,32,2026,133,RS,Prefeitura Municipal Cruzaltense,04213529000144,MUNICIPIO DE CRUZALTENSE,M,Cruzaltense,937890.0,,2026-09-15 11:11:28,2026-09-28 08:00:00,Pregão - Eletrônico,Aberto,Divulgada no PNCP,False,https://pncp.gov.br/app/editais/04213529000144/2026/133,https://www.portaldecompraspublicas.com.br/processos/RS/Prefeitura-Municipal-Cruzaltense-3094/PE-32-2026-2026-511327,Portal de Compras Públicas,Material,True,False,3,Sem benefício,False
RS-9AC9510C3AC8,Cabala,32/2026,32,2026,134,RS,MUNICÍPIO DE CRUZALTENSE,04213529000144,MUNICIPIO DE CRUZALTENSE,M,Cruzaltense,937890.0,,2026-09-16 10:44:39,2026-09-30 08:00:00,Pregão - Eletrônico,Aberto,Divulgada no PNCP,False,https://pncp.gov.br/app/editais/04213529000144/2026/134,,RS,Material,True,False,3,Sem benefício,False
RS-9AC9510C3AC8,Divena,32/2026,32,2026,134,RS,MUNICÍPIO DE CRUZALTENSE,04213529000144,MUNICIPIO DE CRUZALTENSE,M,Cruzaltense,937890.0,,2026-09-16 10:44:39,2026-09-30 08:00:00,Pregão - Eletrônico,Aberto,Divulgada no PNCP,False,https://pncp.gov.br/app/editais/04213529000144/2026/134,,RS,Material,True,False,3,Sem benefício,False
RS-9AC9510C3AC8,Rodobens,32/2026,32,2026,134,RS,MUNICÍPIO DE CRUZALTENSE,04213529000144,MUNICIPIO DE CRUZALTENSE,M,Cruzaltense,937890.0,,2026-09-16 10:44:39,2026-09-30 08:00:00,Pregão - Eletrônico,Aberto,Divulgada no PNCP,False,https://pncp.gov.br/app/editais/04213529000144/2026/134,,RS,Material,True,False,3,Sem benefício,False
BLL-C70262042C15,Divena,17/2026,17,2026,62,Mato Grosso,PREFEITURA MUNICIPAL DE COLNIZA - MT,04213687000102,MUNICIPIO DE COLNIZA,M,Colniza,642800.0,,2026-09-14 11:32:27,2026-09-25 08:30:00,Pregão - Eletrônico,Aberto,Divulgada no PNCP,False,https://pncp.gov.br/app/editais/04213687000102/2026/62,https://bllcompras.com/Process/ProcessView?param1=[gkz]UjQN6Gx0YNFRVWC78NWDewt__jVrF3S9EaC_ziOO23ix0NOZpes_YcndiZZB1bM/ltQ/eaMadDW6j5tl_6tO9Xt7k2we9wNqj08Dhnjr0sw=,BLL Compras,Material,True,False,1,Sem benefício,False
BLL-C70262042C15,Mercedes,17/2026,17,2026,62,Mato Grosso,PREFEITURA MUNICIPAL DE COLNIZA - MT,04213687000102,MUNICIPIO DE COLNIZA,M,Colniza,642800.0,,2026-09-14 11:32:27,2026-09-25 08:30:00,Pregão - Eletrônico,Aberto,Divulgada no PNCP,False,https://pncp.gov.br/app/editais/04213687000102/2026/62,https://bllcompras.com/Process/ProcessView?param1=[gkz]UjQN6Gx0YNFRVWC78NWDewt__jVrF3S9EaC_ziOO23ix0NOZpes_YcndiZZB1bM/ltQ/eaMadDW6j5tl_6tO9Xt7k2we9wNqj08Dhnjr0sw=,BLL Compras,Material,True,False,1,Sem benefício,False
MS-6201FE2E6743,Editais,033/2026,033,2026,66,MS,Fundação Serviços de Saúde de MS,04228734000183,FUNDACAO SERVICOS DE SAUDE DE MATO GROSSO DO SUL-SAUDE-MS,E,Campo Grande,176429.75,,2026-09-18 16:15:02,2026-10-06 08:59:59,Pregão - Eletrônico,Aberto,Divulgada no PNCP,False,https://pncp.gov.br/app/editais/04228734000183/2026/66,,MS,Material,True,False,1,Não se aplica,True
LICITANET-EC4164B47E21,Editais,044/2026,044,2026,92,Amazonas,MUNICIPIO DE PARINTINS/AM,04329736000169,MUNICIPIO DE PARINTINS,M,Parintins,19944562.09,,2026-08-11 09:22:07,2026-08-24 10:00:00,Pregão - Eletrônico,Aberto-Fechado,Divulgada no PNCP,True,https://pncp.gov.br/app/editais/04329736000169/2026/92,https://licitanet.com.br/sessao/196899,Licitanet,Material,True,False,10,Participação exclusiva para ME/EPP; Sem benefício,True
BBNEW-691BC611CB28,Mercedes,AL025/2026/2026,AL025/2026,2026,23,Alagoas,01,04342459000124,SESC-ADMINISTRACAO REGIONAL NO ESTADO DE ALAGOAS,N,Maceió,0.0,,2026-08-31 18:31:25,2026-09-10 10:00:00,Pregão - Eletrônico,Aberto,Divulgada no PNCP,False,https://pncp.gov.br/app/editais/04342459000124/2026/23,https://licitacoes-e2.bb.com.br/aop-inter-estatico/visualizar-processo-publico/1099756,Novo Banco do Brasil,Material,True,False,1,Sem benefício,False
BBNEW-691BC611CB28,Divena,AL025/2026/2026,AL025/2026,2026,23,Alagoas,01,04342459000124,SESC-ADMINISTRACAO REGIONAL NO ESTADO DE ALAGOAS,N,Maceió,0.0,,2026-08-31 18:31:25,2026-09-10 10:00:00,Pregão - Eletrônico,Aberto,Divulgada no PNCP,False,https://pncp.gov.br/app/editais/04342459000124/2026/23,https://licitacoes-e2.bb.com.br/aop-inter-estatico/visualizar-processo-publico/1099756,Novo Banco do Brasil,Material,True,False,1,Sem benefício,False
COMPRASGOV-3D1A1D72BA57,Air Liquide,115/2026,115,2026,61,AM,FUNDACAO UNIVERSIDADE DO AMAZONAS/AM,04378626000197,FUNDACAO UNIVERSIDADE DO AMAZONAS,F,Manaus,374612.9,,2026-09-24 04:13:22,2026-10-06 09:00:00,Pregão - Eletrônico,Aberto,Divulgada no PNCP,False,https://pncp.gov.br/app/editais/04378626000197/2026/61,https://cnetmobile.estaleiro.serpro.gov.br/comprasnet-web/public/compras/acompanhamento-compra?compra=15403905001152026,ComprasGov,Material,True,False,7,Sem benefício,False
COMPRASGOV-4EC2BAC925B2,Setti,98/2026,98,2026,7,Acre,DEFENSORIA PÚBLICA GERAL DO ESTADO DO ACRE,04581375000143,DEFENSORIA PUBLICA -GERAL DO ESTADO DO ACRE,E,Rio Branco,0.0,,2026-07-31 11:45:55,2026-09-24 11:00:00,Pregão - Eletrônico,Aberto-Fechado,Revogada,True,https://pncp.gov.br/app/editais/04581375000143/2026/7,https://cnetmobile.estaleiro.serpro.gov.br/comprasnet-web/public/compras/acompanhamento-compra?compra=45993105000982026,ComprasGov,Misto,True,True,10,Sem benefício,False
EMPRO-CC667CBC6D0D,Danfoss,3252/2026,3252,2026,223,São Paulo,SERVICO MUNICIPAL AUTONOMO DE AGUA E ESGOTO,04691691000178,SERVICO MUNICIPAL AUTONOMO DE AGUA E ESGOTO,M,São José do Rio Preto,5023533.07,,2026-08-13 08:45:04,2026-08-28 08:30:00,Pregão - Eletrônico,Aberto,Divulgada no PNCP,False,https://pncp.gov.br/app/editais/04691691000178/2026/223,https://compras.empro.com.br/,Compras EMPRO,Serviço,False,True,1,Sem benefício,False
EMPRO-CC667CBC6D0D,ABB Brasil,3252/2026,3252,2026,223,São Paulo,SERVICO MUNICIPAL AUTONOMO DE AGUA E ESGOTO,04691691000178,SERVICO MUNICIPAL AUTONOMO DE AGUA E ESGOTO,M,São José do Rio Preto,5023533.07,,2026-08-13 08:45:04,2026-08-28 08:30:00,Pregão - Eletrônico,Aberto,Divulgada no PNCP,False,https://pncp.gov.br/app/editais/04691691000178/2026/223,https://compras.empro.com.br/,Compras EMPRO,Serviço,False,True,1,Sem benefício,False
EMPRO-CC667CBC6D0D,Editais,3252/2026,3252,2026,223,São Paulo,SERVICO MUNICIPAL AUTONOMO DE AGUA E ESGOTO,04691691000178,SERVICO MUNICIPAL AUTONOMO DE AGUA E ESGOTO,M,São José do Rio Preto,5023533.07,,2026-08-13 08:45:04,2026-08-28 08:30:00,Pregão - Eletrônico,Aberto,Divulgada no PNCP,False,https://pncp.gov.br/app/editais/04691691000178/2026/223,https://compras.empro.com.br/,Compras EMPRO,Serviço,False,True,1,Sem benefício,False
EMPRO-70643FA982E5,Editais,3285/2026,3285,2026,253,São Paulo,SERVICO MUNICIPAL AUTONOMO DE AGUA E ESGOTO,04691691000178,SERVICO MUNICIPAL AUTONOMO DE AGUA E ESGOTO,M,São José do Rio Preto,355116.34,,2026-09-16 14:45:04,2026-09-29 08:30:00,Pregão - Eletrônico,Aberto,Divulgada no PNCP,False,https://pncp.gov.br/app/editais/04691691000178/2026/253,https://compras.empro.com.br/,Compras EMPRO,Material,True,False,1,Não se aplica,True
EMPRO-BF66A25C2A26,Editais,3270/2026,3270,2026,260,São Paulo,SERVICO MUNICIPAL AUTONOMO DE AGUA E ESGOTO,04691691000178,SERVICO MUNICIPAL AUTONOMO DE AGUA E ESGOTO,M,São José do Rio Preto,21504.32,,2026-09-24 14:15:15,2026-10-09 08:30:00,Pregão - Eletrônico,Aberto,Divulgada no PNCP,False,https://pncp.gov.br/app/editais/04691691000178/2026/260,https://compras.empro.com.br/,Compras EMPRO,Serviço,False,True,1,Não se aplica,True
COMPRASGOV-B2616559BC8A,Rodobens,90/2026,90,2026,132,RO,SUPERINTEND.ESTAD.DE COMPRAS E LICITAÇÕES-RO,04696490000163,SUP. EST. DE LICITACAO,E,Porto Velho,960000.0,,2026-09-25 09:13:11,2026-10-08 10:00:00,Pregão - Eletrônico,Aberto,Divulgada no PNCP,False,https://pncp.gov.br/app/editais/04696490000163/2026/132,https://cnetmobile.estaleiro.serpro.gov.br/comprasnet-web/public/compras/acompanhamento-compra?compra=92537305000902026,ComprasGov,Material,True,False,1,Sem benefício,False
COMPRASGOV-30A37411D2FF,Divena,240/2026,240,2026,133,RO,SUPERINTEND.ESTAD.DE COMPRAS E LICITAÇÕES-RO,04696490000163,SUP. EST. DE LICITACAO,E,Porto Velho,2564120.24,,2026-09-25 12:40:47,2026-10-08 10:00:00,Pregão - Eletrônico,Aberto,Divulgada no PNCP,False,https://pncp.gov.br/app/editais/04696490000163/2026/133,https://cnetmobile.estaleiro.serpro.gov.br/comprasnet-web/public/compras/acompanhamento-compra?compra=92537305002402026,ComprasGov,Material,True,False,3,Não se aplica,True
COMPRASGOV-30A37411D2FF,Cabala,240/2026,240,2026,133,RO,SUPERINTEND.ESTAD.DE COMPRAS E LICITAÇÕES-RO,04696490000163,SUP. EST. DE LICITACAO,E,Porto Velho,2564120.24,,2026-09-25 12:40:47,2026-10-08 10:00:00,Pregão - Eletrônico,Aberto,Divulgada no PNCP,False,https://pncp.gov.br/app/editais/04696490000163/2026/133,https://cnetmobile.estaleiro.serpro.gov.br/comprasnet-web/public/compras/acompanhamento-compra?compra=92537305002402026,ComprasGov,Material,True,False,3,Não se aplica,True
COMPRASGOV-9480D77C025F,Tremont,27/2026,27,2026,21,ES,SUPERINTENDÊNCIA REGIONAL DO DNIT - ES,04892707001000,DNIT-DEPARTAMENTO NACIONAL DE INFRAEST DE TRANSPORTES,F,Vitória,562614.48,,2026-09-22 04:00:21,2026-10-07 10:00:00,Pregão - Eletrônico,Aberto,Divulgada no PNCP,False,https://pncp.gov.br/app/editais/04892707001000/2026/21,https://cnetmobile.estaleiro.serpro.gov.br/comprasnet-web/public/compras/acompanhamento-compra?compra=39301805000272026,ComprasGov,Serviço,False,True,1,Não se aplica,True
COMPRASGOV-B7689B7BA94E,Rodobens,13/2026,13,2026,15,SP,SUPERINTENDÊNCIA REGIONAL DO DNIT - SP,04892707001778,DNIT-DEPARTAMENTO NACIONAL DE INFRAEST DE TRANSPORTES,F,São Paulo,442450.0,,2026-08-31 04:00:06,2026-10-05 10:00:00,Pregão - Eletrônico,Aberto,Divulgada no PNCP,False,https://pncp.gov.br/app/editais/04892707001778/2026/15,https://cnetmobile.estaleiro.serpro.gov.br/comprasnet-web/public/compras/acompanhamento-compra?compra=39302505000132026,ComprasGov,Material,True,False,1,Não se aplica,True
COMPRASGOV-43FC54F2FDAF,Cabala,151/2026,151,2026,52,Distrito Federal,AGENCIA NACIONAL DE TRANSPORTES TERRESTRES,04898488000177,AGENCIA NACIONAL DE TRANSPORTES TERRESTRES - ANTT,F,Brasília,57027009.59,,2026-09-15 04:00:14,2026-09-30 10:00:00,Pregão - Eletrônico,Aberto,Divulgada no PNCP,True,https://pncp.gov.br/app/editais/04898488000177/2026/52,https://cnetmobile.estaleiro.serpro.gov.br/comprasnet-web/public/compras/acompanhamento-compra?compra=39300105001512026,ComprasGov,Material,True,False,4,Sem benefício,False
COMPRASGOV-43FC54F2FDAF,Divena,151/2026,151,2026,52,Distrito Federal,AGENCIA NACIONAL DE TRANSPORTES TERRESTRES,04898488000177,AGENCIA NACIONAL DE TRANSPORTES TERRESTRES - ANTT,F,Brasília,57027009.59,,2026-09-15 04:00:14,2026-09-30 10:00:00,Pregão - Eletrônico,Aberto,Divulgada no PNCP,True,https://pncp.gov.br/app/editais/04898488000177/2026/52,https://cnetmobile.estaleiro.serpro.gov.br/comprasnet-web/public/compras/acompanhamento-compra?compra=39300105001512026,ComprasGov,Material,True,False,4,Sem benefício,False
COMPRASGOV-43FC54F2FDAF,Mercedes,151/2026,151,2026,52,Distrito Federal,AGENCIA NACIONAL DE TRANSPORTES TERRESTRES,04898488000177,AGENCIA NACIONAL DE TRANSPORTES TERRESTRES - ANTT,F,Brasília,57027009.59,,2026-09-15 04:00:14,2026-09-30 10:00:00,Pregão - Eletrônico,Aberto,Divulgada no PNCP,True,https://pncp.gov.br/app/editais/04898488000177/2026/52,https://cnetmobile.estaleiro.serpro.gov.br/comprasnet-web/public/compras/acompanhamento-compra?compra=39300105001512026,ComprasGov,Material,True,False,4,Sem benefício,False
COMPRASGOV-43FC54F2FDAF,Rodobens,151/2026,151,2026,52,Distrito Federal,AGENCIA NACIONAL DE TRANSPORTES TERRESTRES,04898488000177,AGENCIA NACIONAL DE TRANSPORTES TERRESTRES - ANTT,F,Brasília,57027009.59,,2026-09-15 04:00:14,2026-09-30 10:00:00,Pregão - Eletrônico,Aberto,Divulgada no PNCP,True,https://pncp.gov.br/app/editais/04898488000177/2026/52,https://cnetmobile.estaleiro.serpro.gov.br/comprasnet-web/public/compras/acompanhamento-compra?compra=39300105001512026,ComprasGov,Material,True,False,4,Sem benefício,False
COMPRASGOV-39D057D094DA,Starmac,7/2026,7,2026,19,PA,COMPANHIA DE SANEAMENTO DO PARÁ,04945341000190,COMPANHIA DE SANEAMENTO DO PARA,N,Belém,0.0,,2026-09-17 18:12:01,2026-09-30 09:00:00,Pregão - Eletrônico,Aberto,Divulgada no PNCP,True,https://pncp.gov.br/app/editais/04945341000190/2026/19,https://cnetmobile.estaleiro.serpro.gov.br/comprasnet-web/public/compras/acompanhamento-compra?compra=92580205000072026,ComprasGov,Material,True,False,10,Participação exclusiva para ME/EPP; Sem benefício,True
COMPRASGOV-31BF26861D55,Hexis,10/2026,10,2026,61,Pará,EPA - POLÍCIA MILITAR DO PARÁ,05054994000142,POLICIA MILITAR DO ESTADO DO PARA,E,Belém,805495.0,,2026-09-02 15:48:33,2026-09-18 09:00:00,Pregão - Eletrônico,Aberto,Divulgada no PNCP,False,https://pncp.gov.br/app/editais/05054994000142/2026/61,https://cnetmobile.estaleiro.serpro.gov.br/comprasnet-web/public/compras/acompanhamento-compra?compra=92580905000102026,ComprasGov,Material,True,False,10,Sem benefício,False
PCP-92EFF146808D,Air Liquide,026/2026-SMS/PMLA/2026,026/2026-SMS/PMLA,2026,65,Pará,FUNDO MUNICIPAL DE SAUDE DE LIMOEIRO DO AJURU,05105168000185,MUNICIPIO DE LIMOEIRO DO AJURU,M,Limoeiro do Ajuru,1305502.26,,2026-09-02 10:05:34,2026-09-30 09:59:00,Pregão - Eletrônico,Aberto,Divulgada no PNCP,True,https://pncp.gov.br/app/editais/05105168000185/2026/65,https://www.portaldecompraspublicas.com.br/processos/PA/Prefeitura-Municipal-de-Limoeiro-do-Ajuru-2476/RPE-026-2026-SMS-PMLA-2026-2026-508544,Portal de Compras Públicas,Misto,True,True,9,Sem benefício,False
PCP-CBA0C28ACB0F,Divena,9/2026-00071/2026,9/2026-00071,2026,178,PA,FUNDO MUNICIPAL DO MEIO AMBIENTE,05193057000178,MUNICIPIO DE PARAGOMINAS,M,Paragominas,963703.31,,2026-09-21 13:33:44,2026-10-07 08:00:00,Pregão - Eletrônico,Aberto,Divulgada no PNCP,False,https://pncp.gov.br/app/editais/05193057000178/2026/178,https://www.portaldecompraspublicas.com.br/processos/PA/Prefeitura-Municipal-de-Paragominas-1131/PE-9-2026-00071-2026-2026-512706,Portal de Compras Públicas,Material,True,False,2,Sem benefício,False
PCP-CBA0C28ACB0F,Mercedes,9/2026-00071/2026,9/2026-00071,2026,178,PA,FUNDO MUNICIPAL DO MEIO AMBIENTE,05193057000178,MUNICIPIO DE PARAGOMINAS,M,Paragominas,963703.31,,2026-09-21 13:33:44,2026-10-07 08:00:00,Pregão - Eletrônico,Aberto,Divulgada no PNCP,False,https://pncp.gov.br/app/editais/05193057000178/2026/178,https://www.portaldecompraspublicas.com.br/processos/PA/Prefeitura-Municipal-de-Paragominas-1131/PE-9-2026-00071-2026-2026-512706,Portal de Compras Públicas,Material,True,False,2,Sem benefício,False
PCP-CBA0C28ACB0F,Rodobens,9/2026-00071/2026,9/2026-00071,2026,178,PA,FUNDO MUNICIPAL DO MEIO AMBIENTE,05193057000178,MUNICIPIO DE PARAGOMINAS,M,Paragominas,963703.31,,2026-09-21 13:33:44,2026-10-07 08:00:00,Pregão - Eletrônico,Aberto,Divulgada no PNCP,False,https://pncp.gov.br/app/editais/05193057000178/2026/178,https://www.portaldecompraspublicas.com.br/processos/PA/Prefeitura-Municipal-de-Paragominas-1131/PE-9-2026-00071-2026-2026-512706,Portal de Compras Públicas,Material,True,False,2,Sem benefício,False
BNC-B532E63B477D,GCT,8.2026-028 SRP/2026,8.2026-028 SRP,2026,46,Pará,PREFEITURA MUNICIPAL DE TUCURUÍ,05251632000141,MUNICIPIO DE TUCURUI,M,Tucuruí,896524.27,,2026-09-01 11:50:21,2026-09-16 08:00:00,Pregão - Eletrônico,Aberto,Divulgada no PNCP,True,https://pncp.gov.br/app/editais/05251632000141/2026/46,https://bnccompras.com/Process/ProcessView?param1=[gkz]CVN7ZVsubcexHMC_kYa5_Un238_5q17L3FaDBtNolk0uPmNBGQCuAmHEd/4kFI5AfCLto2sFTwqbz8k9/RPDViPxw_mnEivkdJkcas7sFro=,BNC Compras,Material,True,False,10,Sem benefício,False
COMPRASGOV-B35C079E2171,GCT,7/2026,7,2026,13,GO,SECRETAIA DE RELAÇOES INSTITUCIONAIS/GO,05469845000144,SECRETARIA DE ESTADO DE GOVERNO,E,Goiânia,119075241.52,0.0,2026-08-18 17:05:02,2026-10-09 10:00:00,Pregão - Eletrônico,Aberto,Divulgada no PNCP,True,https://pncp.gov.br/app/editais/05469845000144/2026/13,https://cnetmobile.estaleiro.serpro.gov.br/comprasnet-web/public/compras/acompanhamento-compra?compra=92867705000072026,ComprasGov,Serviço,False,True,5,Sem benefício,False
COMPRASGOV-63BD6E32BF3A,Editais,20/2026,20,2026,119,Santa Catarina,SERVIÇO MUN. DE AGUA E SANEA BAS E INFRAE.,05472936000139,"SERVICO MUNICIPAL DE AGUA, SANEAMENTO BASICO E INFRA-ESTRUTURA",M,Itajaí,97923.04,,2026-09-01 17:54:45,2026-09-21 13:59:00,Pregão - Eletrônico,Aberto,Divulgada no PNCP,False,https://pncp.gov.br/app/editais/05472936000139/2026/119,https://cnetmobile.estaleiro.serpro.gov.br/comprasnet-web/public/compras/acompanhamento-compra?compra=92688805000202026,ComprasGov,Serviço,False,True,9,Sem benefício,False
COMPRASGOV-F506B77C0EDD,Watson-Marlow,22/2026,22,2026,123,Santa Catarina,SERVIÇO MUN. DE AGUA E SANEA BAS E INFRAE.,05472936000139,"SERVICO MUNICIPAL DE AGUA, SANEAMENTO BASICO E INFRA-ESTRUTURA",M,Itajaí,363844.95,,2026-09-09 13:16:32,2026-09-28 14:00:00,Pregão - Eletrônico,Aberto,Divulgada no PNCP,False,https://pncp.gov.br/app/editais/05472936000139/2026/123,https://cnetmobile.estaleiro.serpro.gov.br/comprasnet-web/public/compras/acompanhamento-compra?compra=92688805000222026,ComprasGov,Material,True,False,2,Sem benefício,False
COMPRASGOV-ACB859802C8B,Divena,21/2026,21,2026,72,MA,PROCURADORIA GERAL DE JUSTIÇA DO MARANHÃO,05483912000185,ESTADO DO MARANHAO - PROCURADORIA GERAL DA JUSTICA,E,São Luís,5328000.0,,2026-09-16 14:08:33,2026-10-02 08:59:00,Pregão - Eletrônico,Aberto-Fechado,Divulgada no PNCP,True,https://pncp.gov.br/app/editais/05483912000185/2026/72,https://cnetmobile.estaleiro.serpro.gov.br/comprasnet-web/public/compras/acompanhamento-compra?compra=92512905000212026,ComprasGov,Material,True,False,1,Não se aplica,True
COMPRASGOV-ACB859802C8B,Mercedes,21/2026,21,2026,72,MA,PROCURADORIA GERAL DE JUSTIÇA DO MARANHÃO,05483912000185,ESTADO DO MARANHAO - PROCURADORIA GERAL DA JUSTICA,E,São Luís,5328000.0,,2026-09-16 14:08:33,2026-10-02 08:59:00,Pregão - Eletrônico,Aberto-Fechado,Divulgada no PNCP,True,https://pncp.gov.br/app/editais/05483912000185/2026/72,https://cnetmobile.estaleiro.serpro.gov.br/comprasnet-web/public/compras/acompanhamento-compra?compra=92512905000212026,ComprasGov,Material,True,False,1,Não se aplica,True
COMPRASGOV-ACB859802C8B,Rodobens,21/2026,21,2026,72,MA,PROCURADORIA GERAL DE JUSTIÇA DO MARANHÃO,05483912000185,ESTADO DO MARANHAO - PROCURADORIA GERAL DA JUSTICA,E,São Luís,5328000.0,,2026-09-16 14:08:33,2026-10-02 08:59:00,Pregão - Eletrônico,Aberto-Fechado,Divulgada no PNCP,True,https://pncp.gov.br/app/editais/05483912000185/2026/72,https://cnetmobile.estaleiro.serpro.gov.br/comprasnet-web/public/compras/acompanhamento-compra?compra=92512905000212026,ComprasGov,Material,True,False,1,Não se aplica,True
COMPRASGOV-ACB859802C8B,Cabala,21/2026,21,2026,72,MA,PROCURADORIA GERAL DE JUSTIÇA DO MARANHÃO,05483912000185,ESTADO DO MARANHAO - PROCURADORIA GERAL DA JUSTICA,E,São Luís,5328000.0,,2026-09-16 14:08:33,2026-10-02 08:59:00,Pregão - Eletrônico,Aberto-Fechado,Divulgada no PNCP,True,https://pncp.gov.br/app/editais/05483912000185/2026/72,https://cnetmobile.estaleiro.serpro.gov.br/comprasnet-web/public/compras/acompanhamento-compra?compra=92512905000212026,ComprasGov,Material,True,False,1,Não se aplica,True
COMPRASGOV-D863B20D7199,Divena,24/2026,24,2026,73,MA,PROCURADORIA GERAL DE JUSTIÇA DO MARANHÃO,05483912000185,ESTADO DO MARANHAO - PROCURADORIA GERAL DA JUSTICA,E,São Luís,1999200.0,,2026-09-24 10:03:25,2026-10-09 09:59:00,Pregão - Eletrônico,Aberto-Fechado,Divulgada no PNCP,True,https://pncp.gov.br/app/editais/05483912000185/2026/73,https://cnetmobile.estaleiro.serpro.gov.br/comprasnet-web/public/compras/acompanhamento-compra?compra=92512905000242026,ComprasGov,Material,True,False,1,Não se aplica,True
COMPRASGOV-D863B20D7199,Cabala,24/2026,24,2026,73,MA,PROCURADORIA GERAL DE JUSTIÇA DO MARANHÃO,05483912000185,ESTADO DO MARANHAO - PROCURADORIA GERAL DA JUSTICA,E,São Luís,1999200.0,,2026-09-24 10:03:25,2026-10-09 09:59:00,Pregão - Eletrônico,Aberto-Fechado,Divulgada no PNCP,True,https://pncp.gov.br/app/editais/05483912000185/2026/73,https://cnetmobile.estaleiro.serpro.gov.br/comprasnet-web/public/compras/acompanhamento-compra?compra=92512905000242026,ComprasGov,Material,True,False,1,Não se aplica,True
COMPRASGOV-D863B20D7199,Pottencial,24/2026,24,2026,73,MA,PROCURADORIA GERAL DE JUSTIÇA DO MARANHÃO,05483912000185,ESTADO DO MARANHAO - PROCURADORIA GERAL DA JUSTICA,E,São Luís,1999200.0,,2026-09-24 10:03:25,2026-10-09 09:59:00,Pregão - Eletrônico,Aberto-Fechado,Divulgada no PNCP,True,https://pncp.gov.br/app/editais/05483912000185/2026/73,https://cnetmobile.estaleiro.serpro.gov.br/comprasnet-web/public/compras/acompanhamento-compra?compra=92512905000242026,ComprasGov,Material,True,False,1,Não se aplica,True
PCP-1DEAB8F47086,Starmac,006/2026,006,2026,6,PI,Sistema Autônomo de Água e Esgoto de Campo Maior - SAAE,05514609000100,SERVICO AUTONOMO DE AGUA E ESGOTO,M,Campo Maior,0.0,,2026-09-20 16:44:14,2026-10-01 08:00:00,Pregão - Eletrônico,Aberto-Fechado,Divulgada no PNCP,False,https://pncp.gov.br/app/editais/05514609000100/2026/6,https://www.portaldecompraspublicas.com.br/processos/PI/Sistema-Autonomo-de-Agua-e-Esgoto-de-Campo-Maior-SAAE-3007/PE-006-2026-2026-512673,Portal de Compras Públicas,Material,True,False,10,Sem benefício,False
COMPRASGOV-594D415E234B,Hexis,114/2026,114,2026,164,Piauí,PMPI-FUNDAÇÃO MUNICIPAL DE SAÚDE DE TERESINA,05522917000170,FUNDACAO MUNICIPAL DE SAUDE,M,Teresina,4518498.0,,2026-09-03 07:52:26,2026-09-18 08:59:00,Pregão - Eletrônico,Aberto-Fechado,Divulgada no PNCP,False,https://pncp.gov.br/app/editais/05522917000170/2026/164,https://cnetmobile.estaleiro.serpro.gov.br/comprasnet-web/public/compras/acompanhamento-compra?compra=92733705001142026,ComprasGov,Material,True,False,10,Sem benefício,False
COMPRASGOV-48863D554BAF,Editais,49/2026,49,2026,42,SP,PMSP - SUBPREFEITURA CAMPO LIMPO,05604369000127,SUBPREFEITURA CAMPO LIMPO,M,São Paulo,27798.8,,2026-09-17 11:28:04,2026-10-05 10:00:00,Pregão - Eletrônico,Aberto-Fechado,Divulgada no PNCP,False,https://pncp.gov.br/app/editais/05604369000127/2026/42,https://cnetmobile.estaleiro.serpro.gov.br/comprasnet-web/public/compras/acompanhamento-compra?compra=92506705000492026,ComprasGov,Serviço,False,True,1,Não se aplica,True
PCP-8D70EF71A7C5,Hexis,77/2026,77,2026,94,Minas Gerais,ICISMEP,05802877000110,INSTITUICAO DE COOPERACAO INTERMUNICIPAL DO MEDIO PARAOPEBA,N,São Joaquim de Bicas,0.0,,2026-09-11 11:10:16,2026-09-24 09:59:00,Pregão - Eletrônico,Aberto-Fechado,Divulgada no PNCP,True,https://pncp.gov.br/app/editais/05802877000110/2026/94,https://www.portaldecompraspublicas.com.br/processos/MG/ICISMEP-2608/RPE-77-2026-2026-510753,Portal de Compras Públicas,Material,True,False,10,Sem benefício,False
PCP-071CE02F6E5C,Oxigênio medicinal,69/2026,69,2026,98,Minas Gerais,ICISMEP,05802877000110,INSTITUICAO DE COOPERACAO INTERMUNICIPAL DO MEDIO PARAOPEBA,N,São Joaquim de Bicas,0.0,,2026-09-17 11:39:08,2026-10-02 09:59:00,Pregão - Eletrônico,Aberto-Fechado,Divulgada no PNCP,True,https://pncp.gov.br/app/editais/05802877000110/2026/98,https://www.portaldecompraspublicas.com.br/processos/MG/ICISMEP-2608/RPE-69-2026-2026-506088,Portal de Compras Públicas,Material,True,False,10,Sem benefício,False
BA-8543648C39EC,Watson-marlow,PCE1907620260718/2026,PCE1907620260718,2026,7166,BA,HOSPITAL GERAL ROBERTO SANTOS,05816630000152,FUNDO ESTADUAL DE SAUDE DO ESTADO DA BAHIA,E,Salvador,7000.0,,2026-09-18 08:50:53,2026-09-30 17:30:00,Dispensa,Dispensa Com Disputa,Divulgada no PNCP,False,https://pncp.gov.br/app/editais/05816630000152/2026/7166,,BA,Material,True,False,1,Sem benefício,False
BA-20B6FE7CA554,Air Liquide,PCE1908120260084/2026,PCE1908120260084,2026,7220,BA,MATERNIDADE MARIA DA CONCEIÇÃO DE JESUS,05816630000152,FUNDO ESTADUAL DE SAUDE DO ESTADO DA BAHIA,E,Salvador,8994.0,,2026-09-22 16:34:25,2026-09-29 10:30:00,Dispensa,Dispensa Com Disputa,Divulgada no PNCP,False,https://pncp.gov.br/app/editais/05816630000152/2026/7220,,BA,Material,True,False,1,Sem benefício,False
BNC-5351D0D9E6FA,Rodobens,004/2026,004,2026,25,Pará,Prefeitura Municipal de Colares,05835939000190,MUNICIPIO DE COLARES,M,Colares,2034690.0,,2026-08-21 09:48:12,2026-09-02 09:00:00,Pregão - Eletrônico,Aberto,Divulgada no PNCP,True,https://pncp.gov.br/app/editais/05835939000190/2026/25,https://bnccompras.com/Process/ProcessView?param1=[gkz]oEBSYaliW3J0PFwzWcXaW89z4faW88WeekmkarsefBKMW/myOtFGnR7EbA6cUM0WnIAZovBeqEZgE_TGQ5QIhBQy5niRUHdsIL6jWeyF8HA=,BNC Compras,Material,True,False,3,Sem benefício,False
BNC-5351D0D9E6FA,Mercedes,004/2026,004,2026,25,Pará,Prefeitura Municipal de Colares,05835939000190,MUNICIPIO DE COLARES,M,Colares,2034690.0,,2026-08-21 09:48:12,2026-09-02 09:00:00,Pregão - Eletrônico,Aberto,Divulgada no PNCP,True,https://pncp.gov.br/app/editais/05835939000190/2026/25,https://bnccompras.com/Process/ProcessView?param1=[gkz]oEBSYaliW3J0PFwzWcXaW89z4faW88WeekmkarsefBKMW/myOtFGnR7EbA6cUM0WnIAZovBeqEZgE_TGQ5QIhBQy5niRUHdsIL6jWeyF8HA=,BNC Compras,Material,True,False,3,Sem benefício,False
COMPRASGOV-E5FD32522D0B,Rodobens,63/2026,63,2026,360,Pará,SERVIÇO DE SANEAMENTO AMBIENTAL DE MARABA-PA,05853163000130,MUNICIPIO DE MARABA,M,Marabá,11854188.24,,2026-09-11 14:24:50,2026-09-25 09:00:00,Pregão - Eletrônico,Aberto-Fechado,Divulgada no PNCP,True,https://pncp.gov.br/app/editais/05853163000130/2026/360,https://cnetmobile.estaleiro.serpro.gov.br/comprasnet-web/public/compras/acompanhamento-compra?compra=92964805000632026,ComprasGov,Material,True,False,4,Não se aplica,True
LICITANET-F2CD6DE397DE,Editais,009/2026,009,2026,11,Amapá,MUNICIPIO DE MAZAGÃO/AP ,05986427000124,MUNICIPIO DE MAZAGAO,M,Mazagão,1327461.28,,2026-09-15 11:47:13,2026-09-16 09:00:00,Pregão - Eletrônico,Aberto,Divulgada no PNCP,True,https://pncp.gov.br/app/editais/05986427000124/2026/11,https://licitanet.com.br/sessao/200230,Licitanet,Material,True,False,1,Sem benefício,False
LPCL-F3C5BC640ECB,Rodobens,014/2026,014,2026,59,Maranhão,Unidade Única,06003636000173,MUNICIPIO DE PACO DO LUMIAR,M,Paço do Lumiar,2690973.33,,2026-09-10 18:01:58,2026-09-11 10:30:00,Pregão - Eletrônico,Aberto-Fechado,Divulgada no PNCP,False,https://pncp.gov.br/app/editais/06003636000173/2026/59,https://app2-compras.licitapacodolumiarma.com.br/pesquisa/8737,Licita Paco do Lumiar,Material,True,False,3,Sem benefício,False
LPCL-F3C5BC640ECB,Divena,014/2026,014,2026,59,Maranhão,Unidade Única,06003636000173,MUNICIPIO DE PACO DO LUMIAR,M,Paço do Lumiar,2690973.33,,2026-09-10 18:01:58,2026-09-11 10:30:00,Pregão - Eletrônico,Aberto-Fechado,Divulgada no PNCP,False,https://pncp.gov.br/app/editais/06003636000173/2026/59,https://app2-compras.licitapacodolumiarma.com.br/pesquisa/8737,Licita Paco do Lumiar,Material,True,False,3,Sem benefício,False
LPCL-F3C5BC640ECB,Mercedes,014/2026,014,2026,59,Maranhão,Unidade Única,06003636000173,MUNICIPIO DE PACO DO LUMIAR,M,Paço do Lumiar,2690973.33,,2026-09-10 18:01:58,2026-09-11 10:30:00,Pregão - Eletrônico,Aberto-Fechado,Divulgada no PNCP,False,https://pncp.gov.br/app/editais/06003636000173/2026/59,https://app2-compras.licitapacodolumiarma.com.br/pesquisa/8737,Licita Paco do Lumiar,Material,True,False,3,Sem benefício,False
LICITANET-0AE348677966,Divena,050/2026,050,2026,121,MA,Secretaria Municipal de Saúde,06021810000100,MUNICIPIO DE LAGO DA PEDRA,M,Lago da Pedra,0.0,,2026-09-17 10:11:56,2026-10-02 09:00:00,Pregão - Eletrônico,Aberto,Divulgada no PNCP,True,https://pncp.gov.br/app/editais/06021810000100/2026/121,https://portal.licitanet.com.br/,Licitanet,Material,True,False,1,Sem benefício,False
LICITANET-0AE348677966,Cabala,050/2026,050,2026,121,MA,Secretaria Municipal de Saúde,06021810000100,MUNICIPIO DE LAGO DA PEDRA,M,Lago da Pedra,0.0,,2026-09-17 10:11:56,2026-10-02 09:00:00,Pregão - Eletrônico,Aberto,Divulgada no PNCP,True,https://pncp.gov.br/app/editais/06021810000100/2026/121,https://portal.licitanet.com.br/,Licitanet,Material,True,False,1,Sem benefício,False
LICITANET-0AE348677966,Rodobens,050/2026,050,2026,121,MA,Secretaria Municipal de Saúde,06021810000100,MUNICIPIO DE LAGO DA PEDRA,M,Lago da Pedra,0.0,,2026-09-17 10:11:56,2026-10-02 09:00:00,Pregão - Eletrônico,Aberto,Divulgada no PNCP,True,https://pncp.gov.br/app/editais/06021810000100/2026/121,https://portal.licitanet.com.br/,Licitanet,Material,True,False,1,Sem benefício,False
MA-6F01E6C09EEA,Divena,025/2026,025,2026,43,MA,Prefeitura Municipal de Fortaleza dos Nogueiras,06080394000111,MUNICIPIO DE FORTALEZA DOS NOGUEIRAS,M,Fortaleza dos Nogueiras,609390.0,,2026-09-16 08:51:18,2026-09-21 08:29:00,Pregão - Eletrônico,Aberto,Divulgada no PNCP,False,https://pncp.gov.br/app/editais/06080394000111/2026/43,http://licitafortalezadosnog.com.br,MA,Material,True,False,2,Sem benefício,False
MA-6F01E6C09EEA,Cabala,025/2026,025,2026,43,MA,Prefeitura Municipal de Fortaleza dos Nogueiras,06080394000111,MUNICIPIO DE FORTALEZA DOS NOGUEIRAS,M,Fortaleza dos Nogueiras,609390.0,,2026-09-16 08:51:18,2026-09-21 08:29:00,Pregão - Eletrônico,Aberto,Divulgada no PNCP,False,https://pncp.gov.br/app/editais/06080394000111/2026/43,http://licitafortalezadosnog.com.br,MA,Material,True,False,2,Sem benefício,False
MA-6F01E6C09EEA,Rodobens,025/2026,025,2026,43,MA,Prefeitura Municipal de Fortaleza dos Nogueiras,06080394000111,MUNICIPIO DE FORTALEZA DOS NOGUEIRAS,M,Fortaleza dos Nogueiras,609390.0,,2026-09-16 08:51:18,2026-09-21 08:29:00,Pregão - Eletrônico,Aberto,Divulgada no PNCP,False,https://pncp.gov.br/app/editais/06080394000111/2026/43,http://licitafortalezadosnog.com.br,MA,Material,True,False,2,Sem benefício,False
PCP-EB75708CACAC,Air Liquide,070/2026,070,2026,105,MA,SECRETARIA MUNICIPAL DE SAÚDE.,06082820000156,MUNICIPIO DE CAXIAS,M,Caxias,5552896.32,,2026-09-28 11:17:08,2026-10-16 08:00:00,Pregão - Eletrônico,Aberto,Divulgada no PNCP,False,https://pncp.gov.br/app/editais/06082820000156/2026/105,https://www.portaldecompraspublicas.com.br/processos/MA/Prefeitura-Municipal-de-Caxias-1212/PE-070-2026-2026-514499,Portal de Compras Públicas,Material,True,False,9,Sem benefício,False
MA-C957366335DB,Editais,22/2026,22,2026,70,Maranhão,Fundo de Manutenção e Desenvolvimento da Educação Básica,06189344000177,MUNICIPIO DE PINDARE MIRIM,M,Pindaré-Mirim,0.0,,2026-08-31 09:06:01,2026-09-18 09:00:00,Pregão - Eletrônico,Aberto,Divulgada no PNCP,True,https://pncp.gov.br/app/editais/06189344000177/2026/70,https://www.licitapindaremirim.com.br/,MA,Material,True,False,10,Sem benefício,False
COMPRASGOV-7753610B6F8E,Monitoramento remoto,157/2026,157,2026,21,SP,ESP-TRIBUNAL REGIONAL ELEITORAL DE SAO PAULO,06302492000156,TRIBUNAL REGIONAL ELEITORAL DE SAO PAULO,F,São Paulo,665600.0,,2026-09-15 04:00:20,2026-09-29 13:00:00,Pregão - Eletrônico,Aberto,Divulgada no PNCP,True,https://pncp.gov.br/app/editais/06302492000156/2026/21,https://cnetmobile.estaleiro.serpro.gov.br/comprasnet-web/public/compras/acompanhamento-compra?compra=07001805001572026,ComprasGov,Serviço,False,True,2,Sem benefício,False
COMPRASGOV-AABD643EEEE1,Air Liquide,18/2026,18,2026,4,Maranhão,EMA - SECRETARIA DE ESTADO DA SAÚDE,06354468000160,ESTADO DO MARANHAO,E,São Luís,247118900.0,,2026-09-01 15:34:26,2026-09-23 09:00:00,Pregão - Eletrônico,Aberto-Fechado,Divulgada no PNCP,False,https://pncp.gov.br/app/editais/06354468000160/2026/4,https://cnetmobile.estaleiro.serpro.gov.br/comprasnet-web/public/compras/acompanhamento-compra?compra=42512805000182026,ComprasGov,Material,True,False,10,Sem benefício,False
MA-33031B2CA8B9,Divena,06/2026,06,2026,35,Maranhão,SECRETARIA MUNICIPAL DE SAÚDE,06377063000148,MUNICIPIO DE GRAJAU,M,Grajaú,3125081.65,,2026-08-21 17:11:45,2026-09-01 14:00:00,Pregão - Eletrônico,Aberto,Divulgada no PNCP,True,https://pncp.gov.br/app/editais/06377063000148/2026/35,https://app2-compras.licitagrajauma.com.br/pesquisa/8718,MA,Material,True,False,2,Sem benefício,False
MA-33031B2CA8B9,Cabala,06/2026,06,2026,35,Maranhão,SECRETARIA MUNICIPAL DE SAÚDE,06377063000148,MUNICIPIO DE GRAJAU,M,Grajaú,3125081.65,,2026-08-21 17:11:45,2026-09-01 14:00:00,Pregão - Eletrônico,Aberto,Divulgada no PNCP,True,https://pncp.gov.br/app/editais/06377063000148/2026/35,https://app2-compras.licitagrajauma.com.br/pesquisa/8718,MA,Material,True,False,2,Sem benefício,False
PI-98FE6BB0DD42,Air Liquide,022/2026/2026,022/2026,2026,63,Piauí,PREFEITURA MUNICIPAL DE MIGUEL ALVES - PI,06553614000187,MUNICIPIO DE MIGUEL ALVES,M,Miguel Alves,354031.2,,2026-09-09 23:58:17,2026-09-18 08:00:00,Pregão - Eletrônico,Aberto,Divulgada no PNCP,False,https://pncp.gov.br/app/editais/06553614000187/2026/63,http://www.licitacaomiguelalves.com.br,PI,Material,True,False,2,Sem benefício,False
COMPRASGOV-36BCDC3357E7,Air Liquide,38/2026,38,2026,55,Piauí,PREFEITURA MUNICIPAL DE PIRIPIRI - PI,06553861000183,MUNICIPIO DE PIRIPIRI,M,Piripiri,180724.8,,2026-08-26 13:09:50,2026-09-14 11:00:00,Pregão - Eletrônico,Aberto,Divulgada no PNCP,False,https://pncp.gov.br/app/editais/06553861000183/2026/55,https://cnetmobile.estaleiro.serpro.gov.br/comprasnet-web/public/compras/acompanhamento-compra?compra=98116705000382026,ComprasGov,Serviço,False,True,1,Sem benefício,False
PI-F8B57AAFDB73,Air Liquide,011/2026/2026,011/2026,2026,24,PI,Guadalupe,06554083000147,MUNICIPIO DE GUADALUPE,M,Guadalupe,272357.5,,2026-09-16 11:42:10,2026-09-29 09:00:00,Pregão - Eletrônico,Aberto,Divulgada no PNCP,True,https://pncp.gov.br/app/editais/06554083000147/2026/24,,PI,Material,True,False,8,Sem benefício,False
PI-06597401CA75,Mercedes,013/2026,013,2026,31,Piauí,Unidade Administrativa,06554893000101,MUNICIPIO DE PIMENTEIRAS,M,Pimenteiras,3361162.0,,2026-09-15 19:53:45,2026-09-25 09:00:00,Pregão - Eletrônico,Aberto,Divulgada no PNCP,True,https://pncp.gov.br/app/editais/06554893000101/2026/31,http://www.licitapimenteiras.com.br,PI,Material,True,False,7,Sem benefício,False
PI-06597401CA75,Rodobens,013/2026,013,2026,31,Piauí,Unidade Administrativa,06554893000101,MUNICIPIO DE PIMENTEIRAS,M,Pimenteiras,3361162.0,,2026-09-15 19:53:45,2026-09-25 09:00:00,Pregão - Eletrônico,Aberto,Divulgada no PNCP,True,https://pncp.gov.br/app/editais/06554893000101/2026/31,http://www.licitapimenteiras.com.br,PI,Material,True,False,7,Sem benefício,False
PI-06597401CA75,Divena,013/2026,013,2026,31,Piauí,Unidade Administrativa,06554893000101,MUNICIPIO DE PIMENTEIRAS,M,Pimenteiras,3361162.0,,2026-09-15 19:53:45,2026-09-25 09:00:00,Pregão - Eletrônico,Aberto,Divulgada no PNCP,True,https://pncp.gov.br/app/editais/06554893000101/2026/31,http://www.licitapimenteiras.com.br,PI,Material,True,False,7,Sem benefício,False
MA-DEC72DD96E2D,Hexis,024/2026,024,2026,56,Maranhão,Fundo Municipal de Saúde,06903553000130,MUNICIPIO DE CARUTAPERA,M,Carutapera,0.0,,2026-09-03 14:44:35,2026-09-18 09:00:00,Pregão - Eletrônico,Aberto,Divulgada no PNCP,False,https://pncp.gov.br/app/editais/06903553000130/2026/56,https://app2-compras.licitacarutaperama.com.br/pesquisa/8829,MA,Material,True,False,10,Sem benefício,False
COMPRASGOV-FE8D84DEB997,PHD,55/2026,55,2026,143,SC,COMPANHIA AGUAS DE JOINVILE - SC,07226794000155,COMPANHIA AGUAS DE JOINVILLE,N,Joinville,0.0,,2026-09-24 15:23:04,2026-10-08 14:00:00,Pregão - Eletrônico,Aberto,Divulgada no PNCP,True,https://pncp.gov.br/app/editais/07226794000155/2026/143,https://cnetmobile.estaleiro.serpro.gov.br/comprasnet-web/public/compras/acompanhamento-compra?compra=92637705000552026,ComprasGov,Serviço,False,True,1,Sem benefício,False
LDIG-10ECCDAC639A,Divena,4/2026,4,2026,204,MG,Unidade Única,07306549000158,CONSORCIO MULTIFINALITARIO DO BAIXO JEQUITINHONHA,N,Jacinto,32470748.95,,2026-09-23 17:10:32,2026-10-06 09:30:00,Pregão - Eletrônico,Aberto,Divulgada no PNCP,True,https://pncp.gov.br/app/editais/07306549000158/2026/204,https://app2.licitardigital.com.br/pesquisa/114446,Licitar Digital,Material,True,False,10,Sem benefício,False
LDIG-10ECCDAC639A,Mercedes,4/2026,4,2026,204,MG,Unidade Única,07306549000158,CONSORCIO MULTIFINALITARIO DO BAIXO JEQUITINHONHA,N,Jacinto,32470748.95,,2026-09-23 17:10:32,2026-10-06 09:30:00,Pregão - Eletrônico,Aberto,Divulgada no PNCP,True,https://pncp.gov.br/app/editais/07306549000158/2026/204,https://app2.licitardigital.com.br/pesquisa/114446,Licitar Digital,Material,True,False,10,Sem benefício,False
LDIG-10ECCDAC639A,Rodobens,4/2026,4,2026,204,MG,Unidade Única,07306549000158,CONSORCIO MULTIFINALITARIO DO BAIXO JEQUITINHONHA,N,Jacinto,32470748.95,,2026-09-23 17:10:32,2026-10-06 09:30:00,Pregão - Eletrônico,Aberto,Divulgada no PNCP,True,https://pncp.gov.br/app/editais/07306549000158/2026/204,https://app2.licitardigital.com.br/pesquisa/114446,Licitar Digital,Material,True,False,10,Sem benefício,False
LMBR-F5EE17F49D71,Air Liquide4,108002-2026/2026,108002-2026,2026,81,Ceará,Secretaria Municipal de Saúde,07528292000189,MUNICIPIO DE BEBERIBE,M,Beberibe,116505.6,,2026-08-26 11:18:33,2026-09-11 09:30:00,Pregão - Eletrônico,Aberto-Fechado,Divulgada no PNCP,False,https://pncp.gov.br/app/editais/07528292000189/2026/81,https://licitamaisbrasil.com.br/detalhes-do-edital/hFiJ176gVr7T-zkH,Licita Mais Brasil,Serviço,False,True,1,Sem benefício,False
CE-ABECE5A5BB3F,Air Liquide,1409.01.2026-PE/2026,1409.01.2026-PE,2026,108,CE,SECRETARIA DE SAÚDE,07533946000162,MUNICIPIO DE TRAIRI,M,Trairi,1390653.88,,2026-09-23 15:05:59,2026-10-08 09:00:00,Pregão - Eletrônico,Aberto,Divulgada no PNCP,False,https://pncp.gov.br/app/editais/07533946000162/2026/108,,CE,Material,True,False,8,Não se aplica,True
M2A-0C164CCEAF56,Editais,1609.01/2026-PE/2026,1609.01/2026-PE,2026,86,CE,SECRETARIA MUNICIPAL DE SAÚDE,07547821000191,MUNICIPIO DE ACARAU,M,Acaraú,365995.0,,2026-09-18 09:12:58,2026-10-01 08:59:00,Pregão - Eletrônico,Aberto,Divulgada no PNCP,False,https://pncp.gov.br/app/editais/07547821000191/2026/86,http://precodereferencia.m2atecnologia.com.br/c/aU37n9YeTKy8jHKG7KEOWQ.Zq-GDzAj8gxP/,M2A Compras,Material,True,False,1,Sem benefício,False
M2A-4E70207DB3DD,Cabala,044/2026/2026,044/2026,2026,79,Ceará,FUNDO MUNICIPAL DE SAÚDE,07551179000114,MUNICIPIO DE QUITERIANOPOLIS,M,Quiterianópolis,2839333.32,,2026-09-09 14:29:59,2026-09-22 08:59:00,Pregão - Eletrônico,Aberto-Fechado,Divulgada no PNCP,False,https://pncp.gov.br/app/editais/07551179000114/2026/79,http://precodereferencia.m2atecnologia.com.br/c/XLjd30EnSBKULa_ZFxmZtA.2SYcn1pEeJUv/,M2A Compras,Material,True,False,2,Sem benefício,False
M2A-49E4B57C8BE5,Divena,046/2026/2026,046/2026,2026,81,Ceará,FUNDO MUNICIPAL DE SAÚDE,07551179000114,MUNICIPIO DE QUITERIANOPOLIS,M,Quiterianópolis,2820796.69,,2026-09-16 15:07:04,2026-09-29 08:59:00,Pregão - Eletrônico,Aberto-Fechado,Divulgada no PNCP,True,https://pncp.gov.br/app/editais/07551179000114/2026/81,http://precodereferencia.m2atecnologia.com.br/c/QaW-k586RE6_46ontVtt5Q.NFvbBZCOkpFR/,M2A Compras,Material,True,False,3,Sem benefício,False
M2A-49E4B57C8BE5,Cabala,046/2026/2026,046/2026,2026,81,Ceará,FUNDO MUNICIPAL DE SAÚDE,07551179000114,MUNICIPIO DE QUITERIANOPOLIS,M,Quiterianópolis,2820796.69,,2026-09-16 15:07:04,2026-09-29 08:59:00,Pregão - Eletrônico,Aberto-Fechado,Divulgada no PNCP,True,https://pncp.gov.br/app/editais/07551179000114/2026/81,http://precodereferencia.m2atecnologia.com.br/c/QaW-k586RE6_46ontVtt5Q.NFvbBZCOkpFR/,M2A Compras,Material,True,False,3,Sem benefício,False
M2A-49E4B57C8BE5,Rodobens,046/2026/2026,046/2026,2026,81,Ceará,FUNDO MUNICIPAL DE SAÚDE,07551179000114,MUNICIPIO DE QUITERIANOPOLIS,M,Quiterianópolis,2820796.69,,2026-09-16 15:07:04,2026-09-29 08:59:00,Pregão - Eletrônico,Aberto-Fechado,Divulgada no PNCP,True,https://pncp.gov.br/app/editais/07551179000114/2026/81,http://precodereferencia.m2atecnologia.com.br/c/QaW-k586RE6_46ontVtt5Q.NFvbBZCOkpFR/,M2A Compras,Material,True,False,3,Sem benefício,False
COMPRASGOV-DA9257F8D0CB,Air Liquide,92/2026,92,2026,126,Ceará,PREFEITURA MUNICIPAL DE CRATO - CE,07587975000107,MUNICIPIO DE CRATO,M,Crato,1301724.12,,2026-08-18 11:32:22,2026-09-02 09:00:00,Pregão - Eletrônico,Aberto,Divulgada no PNCP,False,https://pncp.gov.br/app/editais/07587975000107/2026/126,https://cnetmobile.estaleiro.serpro.gov.br/comprasnet-web/public/compras/acompanhamento-compra?compra=98138505000922026,ComprasGov,Material,True,False,4,Cota reservada para ME/EPP,True
LMBR-800CFEB3944D,Cabala,PE2026090101/2026,PE2026090101,2026,167,CE,Secretaria de Saúde,07616162000106,MUNICIPIO DE CAUCAIA,M,Caucaia,176166.67,,2026-09-16 10:25:21,2026-09-29 09:29:00,Pregão - Eletrônico,Aberto,Divulgada no PNCP,False,https://pncp.gov.br/app/editais/07616162000106/2026/167,https://licitamaisbrasil.com.br/detalhes-do-edital/PRX8rEj4iSd9ceFp,Licita Mais Brasil,Material,True,False,1,Sem benefício,False
CE-31C780D1F696,GCT,2026.09.10.1/2026,2026.09.10.1,2026,140,CE,PREFEITURA MUNICIPAL DE MILAGRES,07655277000100,MUNICIPIO DE MILAGRES,M,Milagres,1293612.28,,2026-09-16 11:06:09,2026-09-28 08:29:00,Pregão - Eletrônico,Aberto-Fechado,Divulgada no PNCP,False,https://pncp.gov.br/app/editais/07655277000100/2026/140,http://www.licitacoesmilagres.com.br,CE,Material,True,False,4,Sem benefício,False
CE-8524D5699847,Cabala,2026.09.22.1/2026,2026.09.22.1,2026,41,CE,PREFEITURA MUNICIPAL DE POTENGI - CE,07658917000127,MUNICIPIO DE POTENGI,M,Potengi,310937.5,,2026-09-24 16:55:07,2026-10-14 08:00:00,Pregão - Eletrônico,Aberto-Fechado,Divulgada no PNCP,False,https://pncp.gov.br/app/editais/07658917000127/2026/41,http://licitapotengi.com.br,CE,Material,True,False,1,Sem benefício,False
CE-8524D5699847,Rodobens,2026.09.22.1/2026,2026.09.22.1,2026,41,CE,PREFEITURA MUNICIPAL DE POTENGI - CE,07658917000127,MUNICIPIO DE POTENGI,M,Potengi,310937.5,,2026-09-24 16:55:07,2026-10-14 08:00:00,Pregão - Eletrônico,Aberto-Fechado,Divulgada no PNCP,False,https://pncp.gov.br/app/editais/07658917000127/2026/41,http://licitapotengi.com.br,CE,Material,True,False,1,Sem benefício,False
CE-CD74A6636214,Mercedes,2026.09.18.01-PE/2026,2026.09.18.01-PE,2026,117,CE,"SECRETARIA DO DESENVOLVIMENTO RURAL, MEIO AMBIENTE E RECURSOS HÍDRICOS",07683188000169,MUNICIPIO DE IRAUCUBA,M,Irauçuba,611500.0,,2026-09-28 11:16:41,2026-10-05 17:00:00,Pregão - Eletrônico,Aberto,Divulgada no PNCP,False,https://pncp.gov.br/app/editais/07683188000169/2026/117,,CE,Material,True,False,1,Não se aplica,True
CE-CD74A6636214,Divena,2026.09.18.01-PE/2026,2026.09.18.01-PE,2026,117,CE,"SECRETARIA DO DESENVOLVIMENTO RURAL, MEIO AMBIENTE E RECURSOS HÍDRICOS",07683188000169,MUNICIPIO DE IRAUCUBA,M,Irauçuba,611500.0,,2026-09-28 11:16:41,2026-10-05 17:00:00,Pregão - Eletrônico,Aberto,Divulgada no PNCP,False,https://pncp.gov.br/app/editais/07683188000169/2026/117,,CE,Material,True,False,1,Não se aplica,True
CE-CD74A6636214,Rodobens,2026.09.18.01-PE/2026,2026.09.18.01-PE,2026,117,CE,"SECRETARIA DO DESENVOLVIMENTO RURAL, MEIO AMBIENTE E RECURSOS HÍDRICOS",07683188000169,MUNICIPIO DE IRAUCUBA,M,Irauçuba,611500.0,,2026-09-28 11:16:41,2026-10-05 17:00:00,Pregão - Eletrônico,Aberto,Divulgada no PNCP,False,https://pncp.gov.br/app/editais/07683188000169/2026/117,,CE,Material,True,False,1,Não se aplica,True
BLL-4A26969199E6,Starmac,030/2026/PE/2026,030/2026/PE,2026,125,CE,PREFEITURA MUNICIPAL DE TAMBORIL - CE,07705817000104,MUNICIPIO DE TAMBORIL,M,Tamboril,1001803.43,,2026-09-22 15:39:48,2026-10-02 07:00:00,Pregão - Eletrônico,Aberto-Fechado,Divulgada no PNCP,False,https://pncp.gov.br/app/editais/07705817000104/2026/125,https://bllcompras.com/Process/ProcessView?param1=[gkz]alVA5W0gGgNnCAePJ9aWx/2vTmacJ9R8njtN2qIUDMIf8dDpixnHx1EOCfNU4SUNCoMwnJegIKk/M5Gp/QuC3_SGF5azzxu1ZoQYUvxAqFY=,BLL Compras,Material,True,False,10,Sem benefício,False
COMPRASGOV-0EB34DF74BB9,Editais,8/2026,8,2026,609,SP,SERVIÇO AUT DE AGUA ESGOTO MEIO AMBIENTE,07750478000188,"SERVICO AUTONOMO DE AGUA, ESGOTO E MEIO AMBIENTE DE SERTAOZINHO - SAEMAS",M,Sertãozinho,1995067.89,,2026-09-24 16:41:19,2026-10-14 09:00:00,Pregão - Eletrônico,Aberto,Divulgada no PNCP,False,https://pncp.gov.br/app/editais/07750478000188/2026/609,https://cnetmobile.estaleiro.serpro.gov.br/comprasnet-web/public/compras/acompanhamento-compra?compra=92730105000082026,ComprasGov,Serviço,False,True,1,Não se aplica,True
BLL-F513D82BF52F,Hexis,PE0062026SESA/2026,PE0062026SESA,2026,73,Ceará,CONTROLADORIA GERAL DO MUNICÍPIO,07891682000119,MUNICIPIO DE TABULEIRO DO NORTE,M,Tabuleiro do Norte,0.0,,2026-09-01 13:50:18,2026-09-18 08:00:00,Pregão - Eletrônico,Aberto-Fechado,Divulgada no PNCP,False,https://pncp.gov.br/app/editais/07891682000119/2026/73,https://bllcompras.com/Process/ProcessView?param1=[gkz]BsAK5JvhVH9yCoj/sXhNa0pK3JqacoJZk5GBP29AcvWa2ZwpnCALZNSfiiHYnnnjLcnJ9jqK4tlJkj2YCstIrkIDEQlMhWpxzFdZOOyhv/E=,BLL Compras,Serviço,False,True,4,Sem benefício,False
COMPRASGOV-18F16B472A76,Divena,113/2026,113,2026,148,CE,PREFEITURA MUNICIPAL DE AQUIRAZ - CE,07911696000157,MUNICIPIO DE AQUIRAZ,M,Aquiraz,325490.0,,2026-09-23 14:46:21,2026-10-07 09:00:00,Pregão - Eletrônico,Aberto,Divulgada no PNCP,False,https://pncp.gov.br/app/editais/07911696000157/2026/148,https://cnetmobile.estaleiro.serpro.gov.br/comprasnet-web/public/compras/acompanhamento-compra?compra=98131905001132026,ComprasGov,Material,True,False,1,Sem benefício,False
COMPRASGOV-18F16B472A76,Cabala,113/2026,113,2026,148,CE,PREFEITURA MUNICIPAL DE AQUIRAZ - CE,07911696000157,MUNICIPIO DE AQUIRAZ,M,Aquiraz,325490.0,,2026-09-23 14:46:21,2026-10-07 09:00:00,Pregão - Eletrônico,Aberto,Divulgada no PNCP,False,https://pncp.gov.br/app/editais/07911696000157/2026/148,https://cnetmobile.estaleiro.serpro.gov.br/comprasnet-web/public/compras/acompanhamento-compra?compra=98131905001132026,ComprasGov,Material,True,False,1,Sem benefício,False
COMPRASGOV-9D68981DD6C6,Editais,633/2026,633,2026,23680,Ceará,GOVERNO DO ESTADO DO CEARÁ,07954480000179,ESTADO DO CEARA,E,Fortaleza,0.0,,2026-09-14 09:07:10,2026-09-29 14:30:00,Pregão - Eletrônico,Aberto-Fechado,Divulgada no PNCP,False,https://pncp.gov.br/app/editais/07954480000179/2026/23680,https://cnetmobile.estaleiro.serpro.gov.br/comprasnet-web/public/compras/acompanhamento-compra?compra=94300105006332026,ComprasGov,Serviço,False,True,1,Sem benefício,False
COMPRASGOV-FAEAAE86688D,Air Liquide,250/2026,250,2026,24958,Ceará,GOVERNO DO ESTADO DO CEARÁ,07954480000179,ESTADO DO CEARA,E,Fortaleza,0.0,,2026-09-25 15:22:04,2026-10-09 09:00:00,Pregão - Eletrônico,Aberto-Fechado,Divulgada no PNCP,True,https://pncp.gov.br/app/editais/07954480000179/2026/24958,https://cnetmobile.estaleiro.serpro.gov.br/comprasnet-web/public/compras/acompanhamento-compra?compra=94300105002502026,ComprasGov,Material,True,False,3,Participação exclusiva para ME/EPP,True
RN-5626B05AB457,Hexis,43/2026,43,2026,120,RN,Prefeitura,08086662000138,MUNICIPIO DE JARDIM DO SERIDO,M,Jardim do Seridó,293644.0,,2026-09-18 10:02:23,2026-10-02 08:00:00,Pregão - Eletrônico,Aberto,Divulgada no PNCP,True,https://pncp.gov.br/app/editais/08086662000138/2026/120,,RN,Material,True,False,2,Não se aplica,True
PCP-B71A3164C9DD,Hexis,23/2026,23,2026,58,Rio Grande do Norte,Prefeitura Municipal de São José do Seridó,08096083000176,MUNICIPIO DE SAO JOSE DO SERIDO,M,São José do Seridó,413131.0,,2026-09-02 07:49:54,2026-09-21 07:59:00,Pregão - Eletrônico,Aberto,Divulgada no PNCP,False,https://pncp.gov.br/app/editais/08096083000176/2026/58,https://www.portaldecompraspublicas.com.br/processos/RN/Prefeitura-Municipal-de-Sao-Jose-do-Serido-1054/PE-23-2026-2026-508557,Portal de Compras Públicas,Serviço,False,True,10,Sem benefício,False
PCP-5731BEF50802,Divena,020/2026,020,2026,95,RN,Municipio de Serra Negra do Norte,08096372000175,MUNICIPIO DE SERRA NEGRA DO NORTE,M,Serra Negra do Norte,2110479.13,,2026-09-16 17:09:54,2026-09-29 08:00:00,Pregão - Eletrônico,Aberto,Divulgada no PNCP,True,https://pncp.gov.br/app/editais/08096372000175/2026/95,https://www.portaldecompraspublicas.com.br/processos/RN/Prefeitura-Municipal-de-Serra-Negra-do-Norte-1293/RPE-020-2026-2026-511957,Portal de Compras Públicas,Material,True,False,5,Sem benefício,False
PCP-5731BEF50802,Cabala,020/2026,020,2026,95,RN,Municipio de Serra Negra do Norte,08096372000175,MUNICIPIO DE SERRA NEGRA DO NORTE,M,Serra Negra do Norte,2110479.13,,2026-09-16 17:09:54,2026-09-29 08:00:00,Pregão - Eletrônico,Aberto,Divulgada no PNCP,True,https://pncp.gov.br/app/editais/08096372000175/2026/95,https://www.portaldecompraspublicas.com.br/processos/RN/Prefeitura-Municipal-de-Serra-Negra-do-Norte-1293/RPE-020-2026-2026-511957,Portal de Compras Públicas,Material,True,False,5,Sem benefício,False
PCP-5731BEF50802,Rodobens,020/2026,020,2026,95,RN,Municipio de Serra Negra do Norte,08096372000175,MUNICIPIO DE SERRA NEGRA DO NORTE,M,Serra Negra do Norte,2110479.13,,2026-09-16 17:09:54,2026-09-29 08:00:00,Pregão - Eletrônico,Aberto,Divulgada no PNCP,True,https://pncp.gov.br/app/editais/08096372000175/2026/95,https://www.portaldecompraspublicas.com.br/processos/RN/Prefeitura-Municipal-de-Serra-Negra-do-Norte-1293/RPE-020-2026-2026-511957,Portal de Compras Públicas,Material,True,False,5,Sem benefício,False
PCP-DF7D33A62F09,Air Liquide,29/2026,29,2026,73,RN,PREFEITURA MUNICIPAL DE SÃO FERNANDO/RN,08096612000131,MUNICIPIO DE SAO FERNANDO,M,São Fernando,80139.0,,2026-09-22 11:10:31,2026-10-05 10:00:00,Pregão - Eletrônico,Aberto,Divulgada no PNCP,False,https://pncp.gov.br/app/editais/08096612000131/2026/73,https://www.portaldecompraspublicas.com.br/processos/RN/Prefeitura-Municipal-de-Sao-Fernando-1137/PE-29-2026-2026-513098,Portal de Compras Públicas,Material,True,False,4,Participação exclusiva para ME/EPP,True
PCP-93548C46D4EE,Air Liquide,16/2026,16,2026,37,Pernambuco,Fundo Municipal de Saúde de Machados,08194799000106,FUNDO MUNICIPAL DE SAUDE,M,Machados,384590.1,,2026-09-14 11:22:28,2026-09-24 08:59:00,Pregão - Eletrônico,Aberto-Fechado,Divulgada no PNCP,False,https://pncp.gov.br/app/editais/08194799000106/2026/37,https://www.portaldecompraspublicas.com.br/processos/PE/Fundo-Municipal-de-Saude-de-Machados-3115/PE-16-2026-2026-511084,Portal de Compras Públicas,Material,True,False,6,Participação exclusiva para ME/EPP; Sem benefício,True
COMPRASGOV-8B2C03B28604,Hexis,47/2026,47,2026,21,Rio Grande do Norte,ERN-CENTRO DE HEMATOLOGIA E HEMOTERAPIA,08241754010108,RIO GRANDE DO NORTE SECRETARIA DA SAUDE PUBLICA,E,Natal,0.0,,2026-09-15 16:07:20,2026-09-30 10:00:00,Pregão - Eletrônico,Aberto-Fechado,Divulgada no PNCP,True,https://pncp.gov.br/app/editais/08241754010108/2026/21,https://cnetmobile.estaleiro.serpro.gov.br/comprasnet-web/public/compras/acompanhamento-compra?compra=93029005000472026,ComprasGov,Material,True,False,10,Não se aplica,True
COMPRASGOV-7F102C849376,Air Liquide,52/2026,52,2026,29,Rio Grande do Norte,HOSPITAL MONSENHOR WALFREDO GURGEL - RN,08241754010299,RIO GRANDE DO NORTE SECRETARIA DA SAUDE PUBLICA,E,Natal,0.0,,2026-08-19 15:30:38,2026-09-17 08:59:00,Pregão - Eletrônico,Aberto-Fechado,Divulgada no PNCP,False,https://pncp.gov.br/app/editais/08241754010299/2026/29,https://cnetmobile.estaleiro.serpro.gov.br/comprasnet-web/public/compras/acompanhamento-compra?compra=92608605000522026,ComprasGov,Material,True,False,10,Sem benefício,False
COMPRASGOV-9A1479AFAF0C,Rodobens,127/2026,127,2026,20,Rio Grande do Norte,ERN-SECRETARIA DE ESTADO DA AGRICULTURA DA PECUÁRIA E PESCA,08272049000105,"SECRETARIA DE ESTADO DA AGRICULTURA, DA PECUARIA E DA PESCA",E,Natal,762000.0,,2026-08-26 14:49:28,2026-09-21 09:00:00,Pregão - Eletrônico,Aberto,Divulgada no PNCP,False,https://pncp.gov.br/app/editais/08272049000105/2026/20,https://cnetmobile.estaleiro.serpro.gov.br/comprasnet-web/public/compras/acompanhamento-compra?compra=92944805001272026,ComprasGov,Material,True,False,1,Sem benefício,False
LICITANET-58D62C86F474,Divena,30/2026,30,2026,11,Goiás,FUNDO MUNICIPAL DE SAÚDE DE CACHOEIRA ALTA/GO,08288700000135,FUNDO MUNICIPAL DE SAUDE,M,Cachoeira Alta,1062223.17,,2026-08-14 13:50:43,2026-08-28 08:15:00,Pregão - Eletrônico,Aberto,Divulgada no PNCP,False,https://pncp.gov.br/app/editais/08288700000135/2026/11,https://licitanet.com.br/sessao/197855,Licitanet,Material,True,False,3,Sem benefício,False
LICITANET-58D62C86F474,Mercedes,30/2026,30,2026,11,Goiás,FUNDO MUNICIPAL DE SAÚDE DE CACHOEIRA ALTA/GO,08288700000135,FUNDO MUNICIPAL DE SAUDE,M,Cachoeira Alta,1062223.17,,2026-08-14 13:50:43,2026-08-28 08:15:00,Pregão - Eletrônico,Aberto,Divulgada no PNCP,False,https://pncp.gov.br/app/editais/08288700000135/2026/11,https://licitanet.com.br/sessao/197855,Licitanet,Material,True,False,3,Sem benefício,False
LICITANET-58D62C86F474,Rodobens,30/2026,30,2026,11,Goiás,FUNDO MUNICIPAL DE SAÚDE DE CACHOEIRA ALTA/GO,08288700000135,FUNDO MUNICIPAL DE SAUDE,M,Cachoeira Alta,1062223.17,,2026-08-14 13:50:43,2026-08-28 08:15:00,Pregão - Eletrônico,Aberto,Divulgada no PNCP,False,https://pncp.gov.br/app/editais/08288700000135/2026/11,https://licitanet.com.br/sessao/197855,Licitanet,Material,True,False,3,Sem benefício,False
COMPRASGOV-AF4409159CC7,Starmac,90070/2026,90070,2026,49,Rio Grande do Norte,ERN - COMPANHIA DE ÁGUAS E ESGOTOS DO RN,08334385000135,COMPANHIA DE AGUAS E ESGOTOS DO RIO GRANDE DO NORTE,N,Natal,0.0,,2026-05-29 07:23:30,2026-10-14 09:00:00,Pregão - Eletrônico,Aberto,Divulgada no PNCP,False,https://pncp.gov.br/app/editais/08334385000135/2026/49,https://cnetmobile.estaleiro.serpro.gov.br/comprasnet-web/public/landing?destino=acompanhamento-compra&compra=92577705900702026,ComprasGov,Material,True,False,3,Não se aplica; Participação exclusiva para ME/EPP,True
COMPRASGOV-7CD32C1A8ADE,Starmac,9/2026,9,2026,60,Rio Grande do Norte,ERN - COMPANHIA DE ÁGUAS E ESGOTOS DO RN,08334385000135,COMPANHIA DE AGUAS E ESGOTOS DO RIO GRANDE DO NORTE,N,Natal,0.0,,2026-07-28 09:36:12,2026-08-26 09:00:00,Pregão - Eletrônico,Aberto,Divulgada no PNCP,False,https://pncp.gov.br/app/editais/08334385000135/2026/60,https://cnetmobile.estaleiro.serpro.gov.br/comprasnet-web/public/compras/acompanhamento-compra?compra=92577705000092026,ComprasGov,Material,True,False,3,Sem benefício,False
RN-04D36664CC1A,Air Liquide,00030/2026,00030,2026,35,RN,Antônio Martins,08348989000130,MUNICIPIO DE ANTONIO MARTINS,M,Antônio Martins,0.0,,2026-09-28 11:53:42,2026-10-09 09:29:00,Pregão - Eletrônico,Aberto,Divulgada no PNCP,True,https://pncp.gov.br/app/editais/08348989000130/2026/35,,RN,Material,True,False,5,Sem benefício,False
SC-9A5CCC6A47B6,Air Liquide,PE 9/2026,PE 9,2026,21,Santa Catarina,FUNDO MUNICIPAL DE SAÚDE DE SÃO JOÃO BATISTA,08361788000173,FUNDO MUNICIPAL DE SAUDE DE SAO JOAO BATISTA,M,São João Batista,1518697.2,,2026-07-08 10:04:19,2026-09-30 08:15:00,Pregão - Eletrônico,Aberto-Fechado,Divulgada no PNCP,False,https://pncp.gov.br/app/editais/08361788000173/2026/21,,SC,Misto,True,True,2,Sem benefício,False
BNC-962D06711665,Air Liquide,010/2026,010,2026,2,PE,FUNDO MUNICIPAL DE SAUDE DE MARAIAL,08680752000152,FUNDO MUNICIPAL DE SAUDE DE MARAIAL,M,Maraial,181238.76,,2026-09-22 09:56:18,2026-10-14 09:00:00,Pregão - Eletrônico,Aberto,Divulgada no PNCP,True,https://pncp.gov.br/app/editais/08680752000152/2026/2,https://bnccompras.com/Process/ProcessView?param1=[gkz]XvyjepFrK89eyUWZzKzKIgk6_ae9yIPlIgW/igXgG5VQ4p7YOdhCfCMcslGM5w/3Tj9zHVbwjmGOLwFAC2wWbVksu5gV2t/U8bViZrNOcrM=,BNC Compras,Serviço,False,True,3,Sem benefício,False
LICITANET-075180E0435D,Air Liquide,00032/2026,00032,2026,76,Paraíba,MUNICIPIO DE CUITÉ/PB,08732174000150,MUNICIPIO DE CUITE,M,Cuité,117576.0,,2026-09-04 13:39:07,2026-09-23 08:00:00,Pregão - Eletrônico,Aberto,Divulgada no PNCP,False,https://pncp.gov.br/app/editais/08732174000150/2026/76,https://licitanet.com.br/sessao/200513,Licitanet,Serviço,False,True,1,Sem benefício,False
PB-4677563BFA9D,Hexis,00032/2026/2026,00032/2026,2026,120,PB,Prefeitura Municipal de Picuí,08741399000173,MUNICIPIO DE PICUI,M,Picuí,152550.63,,2026-09-17 12:02:52,2026-09-30 08:55:00,Pregão - Eletrônico,Aberto-Fechado,Divulgada no PNCP,True,https://pncp.gov.br/app/editais/08741399000173/2026/120,http://www.licitapicui.com.br,PB,Material,True,False,3,Sem benefício,False
PCP-0999EFEA86EC,Divena,42/2026,42,2026,129,PB,Prefeitura Municipal de Queimadas,08742264000122,MUNICIPIO DE QUEIMADAS,M,Queimadas,1548460.0,,2026-09-21 11:14:44,2026-10-06 08:59:00,Pregão - Eletrônico,Aberto,Divulgada no PNCP,True,https://pncp.gov.br/app/editais/08742264000122/2026/129,https://www.portaldecompraspublicas.com.br/processos/PB/Prefeitura-Municipal-de-Queimadas-2213/RPE-42-2026-2026-512778,Portal de Compras Públicas,Material,True,False,4,Sem benefício,False
PCP-0999EFEA86EC,Cabala,42/2026,42,2026,129,PB,Prefeitura Municipal de Queimadas,08742264000122,MUNICIPIO DE QUEIMADAS,M,Queimadas,1548460.0,,2026-09-21 11:14:44,2026-10-06 08:59:00,Pregão - Eletrônico,Aberto,Divulgada no PNCP,True,https://pncp.gov.br/app/editais/08742264000122/2026/129,https://www.portaldecompraspublicas.com.br/processos/PB/Prefeitura-Municipal-de-Queimadas-2213/RPE-42-2026-2026-512778,Portal de Compras Públicas,Material,True,False,4,Sem benefício,False
PCP-FE575927B8CA,Mercedes,45/2026,45,2026,119,PB,Prefeitura Municipal de Areia,08754111000103,MUNICIPIO DE AREIA,M,Areia,0.0,,2026-09-21 13:33:14,2026-10-01 08:00:00,Pregão - Eletrônico,Aberto-Fechado,Divulgada no PNCP,False,https://pncp.gov.br/app/editais/08754111000103/2026/119,https://www.portaldecompraspublicas.com.br/processos/PB/Prefeitura-Municipal-de-Areia-2084/PE-45-2026-2026-512723,Portal de Compras Públicas,Material,True,False,1,Sem benefício,False
PCP-FE575927B8CA,Divena,45/2026,45,2026,119,PB,Prefeitura Municipal de Areia,08754111000103,MUNICIPIO DE AREIA,M,Areia,0.0,,2026-09-21 13:33:14,2026-10-01 08:00:00,Pregão - Eletrônico,Aberto-Fechado,Divulgada no PNCP,False,https://pncp.gov.br/app/editais/08754111000103/2026/119,https://www.portaldecompraspublicas.com.br/processos/PB/Prefeitura-Municipal-de-Areia-2084/PE-45-2026-2026-512723,Portal de Compras Públicas,Material,True,False,1,Sem benefício,False
PCP-FE575927B8CA,Rodobens,45/2026,45,2026,119,PB,Prefeitura Municipal de Areia,08754111000103,MUNICIPIO DE AREIA,M,Areia,0.0,,2026-09-21 13:33:14,2026-10-01 08:00:00,Pregão - Eletrônico,Aberto-Fechado,Divulgada no PNCP,False,https://pncp.gov.br/app/editais/08754111000103/2026/119,https://www.portaldecompraspublicas.com.br/processos/PB/Prefeitura-Municipal-de-Areia-2084/PE-45-2026-2026-512723,Portal de Compras Públicas,Material,True,False,1,Sem benefício,False
PCP-7C2D806D26B8,Air Liquide,17/2026,17,2026,35,PB,Setor de Compras - PMA,08865636000108,MUNICIPIO DE AROEIRAS,M,Aroeiras,0.0,,2026-09-28 09:58:29,2026-10-14 08:59:00,Pregão - Eletrônico,Aberto,Divulgada no PNCP,False,https://pncp.gov.br/app/editais/08865636000108/2026/35,https://www.portaldecompraspublicas.com.br/processos/PB/Prefeitura-Municipal-de-Aroeiras-2115/PE-17-2026-2026-514471,Portal de Compras Públicas,Serviço,False,True,4,Sem benefício,False
PCP-394D2CF3B456,Rodobens,11/2026,11,2026,47,PB,Prefeitura Municipal de Umbuzeiro,08869489000144,MUNICIPIO DE UMBUZEIRO,M,Umbuzeiro,898780.01,,2026-09-17 11:54:38,2026-09-30 08:29:00,Pregão - Eletrônico,Aberto-Fechado,Divulgada no PNCP,True,https://pncp.gov.br/app/editais/08869489000144/2026/47,https://www.portaldecompraspublicas.com.br/processos/PB/Prefeitura-Municipal-de-Umbuzeiro-2219/RPE-11-2026-2026-512155,Portal de Compras Públicas,Material,True,False,3,Sem benefício,False
MA-C1A179CF537B,GCT,017/2026,017,2026,62,MA,EMA - SECRETARIA EST.DA INFRAEST. DE SÃO LUIS,08892295000160,ESTADO DO MARANHAO - SECRETARIA DE ESTADO DA INFRAESTRUTURA,E,São Luís,77475005.56,,2026-09-24 14:36:15,2026-10-09 08:30:00,Pregão - Eletrônico,Aberto-Fechado,Divulgada no PNCP,True,https://pncp.gov.br/app/editais/08892295000160/2026/62,https://www.compras.ma.gov.br,MA,Serviço,False,True,1,Sem benefício,False
BLL-DCC8ED7F1982,Rodobens,025/2026,025,2026,3,BA,FUNDO MUNCIPAL DE SAÚDE DE SÃO FELIX,08924528000169,FUNDO MUNICIPAL DE SAUDE DE SAO FELIX,M,São Félix,341500.0,,2026-09-14 12:59:42,2026-09-25 13:30:00,Pregão - Eletrônico,Aberto-Fechado,Divulgada no PNCP,True,https://pncp.gov.br/app/editais/08924528000169/2026/3,https://bllcompras.com/Process/ProcessView?param1=[gkz]03fj7ZuKCZ/WmhNIwpw3HrURsg0zHfeHoFu7Sz2HmJscjz_G/shgScqveU_BpAsuPMP5GrVgs4tdDXG2deLZ7ZlC6kCFVrmqMdl06B2mLDI=,BLL Compras,Material,True,False,1,Sem benefício,False
PBYX-8A9DDB36F078,Air Liquide,00047/2026 - SMS/2026,00047/2026 - SMS,2026,84,Paraíba,PREFEITURA MUNICIPAL DE BAYEUX,08924581000160,MUNICIPIO DE BAYEUX,M,Bayeux,0.0,,2026-08-14 08:54:16,2026-08-28 10:00:00,Pregão - Eletrônico,Aberto-Fechado,Divulgada no PNCP,True,https://pncp.gov.br/app/editais/08924581000160/2026/84,http://www.portaldecomprasbayeux.com.br,Compras Bayeux,Material,True,False,1,Sem benefício,False
LICITANET-50F07DD5904F,Rodobens,18/2026,18,2026,41,MT,"CONSORCIO INTERMUNICIPAL DE DESENVOLVIMENTO ECONOMICO, SOCIAL, AMBIENTAL E TURISTICO DO COMPLEXO NASCENTES DO PANTANAL/MT",08979143000107,"CONSORCIO INTERMUNICIPAL DE DESENVOLVIMENTO ECONOMICO, SOCIAL, AMBIENTAL E TURISTICO DO COMPLEXO NASCENTES DO PANTANAL",N,São José dos Quatro Marcos,325190.0,,2026-09-15 08:54:22,2026-09-28 09:00:00,Pregão - Eletrônico,Aberto,Divulgada no PNCP,False,https://pncp.gov.br/app/editais/08979143000107/2026/41,https://licitanet.com.br/sessao/201457,Licitanet,Material,True,False,1,Sem benefício,False
PCP-B6A85F3531D1,Divena,42/2026,42,2026,156,PB,PREFEITURA MUNICIPAL DE ESPERANÇA,08993909000108,MUNICIPIO DE ESPERANCA,M,Esperança,2848026.68,,2026-09-28 11:12:37,2026-10-08 09:59:00,Pregão - Eletrônico,Aberto,Divulgada no PNCP,True,https://pncp.gov.br/app/editais/08993909000108/2026/156,https://www.portaldecompraspublicas.com.br/processos/PB/Prefeitura-Municipal-de-Esperanca-1305/RPE-42-2026-2026-514509,Portal de Compras Públicas,Material,True,False,5,Sem benefício,False
PCP-B6A85F3531D1,Cabala,42/2026,42,2026,156,PB,PREFEITURA MUNICIPAL DE ESPERANÇA,08993909000108,MUNICIPIO DE ESPERANCA,M,Esperança,2848026.68,,2026-09-28 11:12:37,2026-10-08 09:59:00,Pregão - Eletrônico,Aberto,Divulgada no PNCP,True,https://pncp.gov.br/app/editais/08993909000108/2026/156,https://www.portaldecompraspublicas.com.br/processos/PB/Prefeitura-Municipal-de-Esperanca-1305/RPE-42-2026-2026-514509,Portal de Compras Públicas,Material,True,False,5,Sem benefício,False
PCP-B6A85F3531D1,Rodobens,42/2026,42,2026,156,PB,PREFEITURA MUNICIPAL DE ESPERANÇA,08993909000108,MUNICIPIO DE ESPERANCA,M,Esperança,2848026.68,,2026-09-28 11:12:37,2026-10-08 09:59:00,Pregão - Eletrônico,Aberto,Divulgada no PNCP,True,https://pncp.gov.br/app/editais/08993909000108/2026/156,https://www.portaldecompraspublicas.com.br/processos/PB/Prefeitura-Municipal-de-Esperanca-1305/RPE-42-2026-2026-514509,Portal de Compras Públicas,Material,True,False,5,Sem benefício,False
PCP-5ACF1B2E5144,Air Liquide,76/2026,76,2026,143,Paraíba,Prefeitura Municipal de Sousa,08999674000153,MUNICIPIO DE SOUSA,M,Sousa,123750.0,,2026-09-11 09:56:02,2026-09-24 08:29:00,Pregão - Eletrônico,Aberto-Fechado,Divulgada no PNCP,False,https://pncp.gov.br/app/editais/08999674000153/2026/143,https://www.portaldecompraspublicas.com.br/processos/PB/Prefeitura-Municipal-de-Sousa-1285/PE-76-2026-2026-510705,Portal de Compras Públicas,Material,True,False,1,Sem benefício,False
BNC-7C8441AC41E2,Air Liquide,007/2026,007,2026,11,Pernambuco,FUNDO MUNICIPAL DE SAÚDE DE BREJO DA MADRE DE DEUS,09159378000107,FUNDO MUNICIPAL DE SAUDE DO BREJO DA MADRE DE DEUS,M,Brejo da Madre de Deus,774696.0,,2026-09-08 20:35:36,2026-09-24 09:00:00,Pregão - Eletrônico,Aberto,Divulgada no PNCP,True,https://pncp.gov.br/app/editais/09159378000107/2026/11,https://bnccompras.com/Process/ProcessView?param1=[gkz]oy6wpaGKR9dIWSprclCOpqbeuZN4JaYwjdypbzehR6dx8Hcns/lQFyKvBqHWBP4KgK3L7FP4FJf2bywRo9m2tJQnNggQY30rztNztx1mu1g=,BNC Compras,Material,True,False,10,Participação exclusiva para ME/EPP; Sem benefício,True
BNC-03D1DB5DE4C0,Editais,05/2026,05,2026,17,Paraíba,Câmara Municipal de João Pessoa,09283482000109,CAMARA MUNICIPAL DE JOAO PESSOA,M,João Pessoa,6370927.38,,2026-08-31 11:37:28,2026-09-16 09:30:00,Pregão - Eletrônico,Aberto-Fechado,Divulgada no PNCP,False,https://pncp.gov.br/app/editais/09283482000109/2026/17,https://bnccompras.com/Process/ProcessView?param1=[gkz]86VEs81Mi3VCtnd7iunouNAXd8L47dN7UcOroSMjpaZzMwfwajGG1E7e3QgKh1bnPkq47FufBsjEA1f3pr/rSGrwASDYa/GQ6lbRK/SUejw=,BNC Compras,Serviço,False,True,1,Sem benefício,False
PCP-EF453E68760C,Air Liquide,0018/2026,0018,2026,74,São Paulo,Autarquia Municipal de Saúde de Itapecerica da Serra,09583958000127,SAUDE - IS,M,Itapecerica da Serra,3665105.52,,2026-09-11 09:01:25,2026-09-28 08:59:00,Pregão - Eletrônico,Aberto,Divulgada no PNCP,False,https://pncp.gov.br/app/editais/09583958000127/2026/74,https://www.portaldecompraspublicas.com.br/processos/SP/Autarquia-Municipal-de-Saude-de-Itapecerica-da-Serra-1261/PE-0018-2026-2026-502678,Portal de Compras Públicas,Serviço,False,True,8,Sem benefício,False
BNC-DE4705620AC6,Cabala,00011/2026,00011,2026,28,PE,PREFEITURA MUNICIPAL DA ILHA DE ITAMARACÁ,09680315000100,MUNICIPIO DE ILHA DE ITAMARACA,M,Ilha de Itamaracá,996149.0,,2026-09-21 16:16:16,2026-10-05 08:00:00,Pregão - Eletrônico,Aberto,Divulgada no PNCP,True,https://pncp.gov.br/app/editais/09680315000100/2026/28,https://bnccompras.com/Process/ProcessView?param1=[gkz]iJ4eKYfOBK9clMyjlHb/LUWhDTsJqQt_/YXkqb7UOtR4Ubnc1kuavSBq1Y6D7lakftsPhXw1GYkxBw/eu8kPGOx/BN4LpEshyy/vTN_2IkA=,BNC Compras,Material,True,False,3,Sem benefício,False
COMPRASGOV-05E34101367B,Air Liquide,81/2026,81,2026,44,Pernambuco,PREFEITURA MUNICIPAL DE BEZERROS,10091510000175,MUNICIPIO DE BEZERROS,M,Bezerros,785852.04,,2026-08-12 15:54:59,2026-09-23 08:59:00,Pregão - Eletrônico,Aberto-Fechado,Suspensa,False,https://pncp.gov.br/app/editais/10091510000175/2026/44,https://cnetmobile.estaleiro.serpro.gov.br/comprasnet-web/public/compras/acompanhamento-compra?compra=98233705000812026,ComprasGov,Serviço,False,True,9,Participação exclusiva para ME/EPP; Sem benefício,True
BNC-899D08C1FD83,Mercedes,0010/2026,0010,2026,25,PE,PREFEITURA MUNICIPAL DE BREJO DA MADRE DE DEUS,10091528000177,MUNICIPIO DO BREJO DA MADRE DE DEUS,M,Brejo da Madre de Deus,991670.82,,2026-09-18 08:55:14,2026-10-01 09:00:00,Pregão - Eletrônico,Aberto,Divulgada no PNCP,False,https://pncp.gov.br/app/editais/10091528000177/2026/25,https://bnccompras.com/Process/ProcessView?param1=[gkz]RTxcWsFH9YgeAA_baHiswjjgFExOOPfWzpn_/nN7TyL5df1n7Tm7CoSM8Br8HMKx54H9qGU9t3AnpwRs1sWYNxLpHGuriI5B9UblZHJNUK8=,BNC Compras,Material,True,False,1,Sem benefício,False
BNC-899D08C1FD83,Divena,0010/2026,0010,2026,25,PE,PREFEITURA MUNICIPAL DE BREJO DA MADRE DE DEUS,10091528000177,MUNICIPIO DO BREJO DA MADRE DE DEUS,M,Brejo da Madre de Deus,991670.82,,2026-09-18 08:55:14,2026-10-01 09:00:00,Pregão - Eletrônico,Aberto,Divulgada no PNCP,False,https://pncp.gov.br/app/editais/10091528000177/2026/25,https://bnccompras.com/Process/ProcessView?param1=[gkz]RTxcWsFH9YgeAA_baHiswjjgFExOOPfWzpn_/nN7TyL5df1n7Tm7CoSM8Br8HMKx54H9qGU9t3AnpwRs1sWYNxLpHGuriI5B9UblZHJNUK8=,BNC Compras,Material,True,False,1,Sem benefício,False
BNC-899D08C1FD83,Rodobens,0010/2026,0010,2026,25,PE,PREFEITURA MUNICIPAL DE BREJO DA MADRE DE DEUS,10091528000177,MUNICIPIO DO BREJO DA MADRE DE DEUS,M,Brejo da Madre de Deus,991670.82,,2026-09-18 08:55:14,2026-10-01 09:00:00,Pregão - Eletrônico,Aberto,Divulgada no PNCP,False,https://pncp.gov.br/app/editais/10091528000177/2026/25,https://bnccompras.com/Process/ProcessView?param1=[gkz]RTxcWsFH9YgeAA_baHiswjjgFExOOPfWzpn_/nN7TyL5df1n7Tm7CoSM8Br8HMKx54H9qGU9t3AnpwRs1sWYNxLpHGuriI5B9UblZHJNUK8=,BNC Compras,Material,True,False,1,Sem benefício,False
PCP-8E8F0945BAE4,Divena,027/2026,027,2026,53,PE,Secretaria de Administração,10113728000183,MUNICIPIO DE BELEM DE SAO FRANCISCO,M,Belém do São Francisco,417483.27,,2026-09-25 15:44:06,2026-10-08 11:00:00,Pregão - Eletrônico,Aberto-Fechado,Divulgada no PNCP,False,https://pncp.gov.br/app/editais/10113728000183/2026/53,https://www.portaldecompraspublicas.com.br/processos/PE/Prefeitura-Municipal-de-Belem-de-Sao-Francisco-4988/PE-027-2026-2026-514041,Portal de Compras Públicas,Material,True,False,1,Sem benefício,False
PCP-8E8F0945BAE4,Cabala,027/2026,027,2026,53,PE,Secretaria de Administração,10113728000183,MUNICIPIO DE BELEM DE SAO FRANCISCO,M,Belém do São Francisco,417483.27,,2026-09-25 15:44:06,2026-10-08 11:00:00,Pregão - Eletrônico,Aberto-Fechado,Divulgada no PNCP,False,https://pncp.gov.br/app/editais/10113728000183/2026/53,https://www.portaldecompraspublicas.com.br/processos/PE/Prefeitura-Municipal-de-Belem-de-Sao-Francisco-4988/PE-027-2026-2026-514041,Portal de Compras Públicas,Material,True,False,1,Sem benefício,False
PCP-8E8F0945BAE4,Mercedes,027/2026,027,2026,53,PE,Secretaria de Administração,10113728000183,MUNICIPIO DE BELEM DE SAO FRANCISCO,M,Belém do São Francisco,417483.27,,2026-09-25 15:44:06,2026-10-08 11:00:00,Pregão - Eletrônico,Aberto-Fechado,Divulgada no PNCP,False,https://pncp.gov.br/app/editais/10113728000183/2026/53,https://www.portaldecompraspublicas.com.br/processos/PE/Prefeitura-Municipal-de-Belem-de-Sao-Francisco-4988/PE-027-2026-2026-514041,Portal de Compras Públicas,Material,True,False,1,Sem benefício,False
BNC-3E4C7CFF4A4E,Rodobens,009/2026,009,2026,28,Pernambuco,PREFEITURA MUNICIPAL DA ALIANÇA,10164028000118,MUNICIPIO DA ALIANCA,M,Aliança,1301000.0,,2026-09-10 10:55:49,2026-09-29 08:00:00,Pregão - Eletrônico,Aberto,Divulgada no PNCP,False,https://pncp.gov.br/app/editais/10164028000118/2026/28,https://bnccompras.com/Process/ProcessView?param1=[gkz]cQN4I7QNgvxGHa1C5JN_FH1MzmS29hr_akREPjUjFfGknix9/8VaQ67dWgCCTlQx/dwESWyGK8a/GskGa0TCo7dY0H72qt6ghPgbM_JATLo=,BNC Compras,Material,True,False,1,Sem benefício,False
BNC-3E4C7CFF4A4E,Divena,009/2026,009,2026,28,Pernambuco,PREFEITURA MUNICIPAL DA ALIANÇA,10164028000118,MUNICIPIO DA ALIANCA,M,Aliança,1301000.0,,2026-09-10 10:55:49,2026-09-29 08:00:00,Pregão - Eletrônico,Aberto,Divulgada no PNCP,False,https://pncp.gov.br/app/editais/10164028000118/2026/28,https://bnccompras.com/Process/ProcessView?param1=[gkz]cQN4I7QNgvxGHa1C5JN_FH1MzmS29hr_akREPjUjFfGknix9/8VaQ67dWgCCTlQx/dwESWyGK8a/GskGa0TCo7dY0H72qt6ghPgbM_JATLo=,BNC Compras,Material,True,False,1,Sem benefício,False
BNC-F9CAE0AE3DE2,Rodobens,021/2026,021,2026,36,PE,PREFEITURA MUNICIPAL DE NAZARÉ DA MATA - PE,10166817000198,MUNICIPIO DE NAZARE DA MATA,M,Nazaré da Mata,60035.0,,2026-09-16 12:54:04,2026-09-30 08:30:00,Pregão - Eletrônico,Aberto,Divulgada no PNCP,False,https://pncp.gov.br/app/editais/10166817000198/2026/36,https://bnccompras.com/Process/ProcessView?param1=[gkz]r_EAEpaYOg0IzZlMkKxgAJeHHpDN/JYAOpPcfWN_SthToio2c0YdoSQjOSPSnVxjJlNpS8B1whltuBHHo_aFfdgPwTVbq7YuM8GIEvK1NBo=,BNC Compras,Material,True,False,1,Sem benefício,False
BNC-E4772BD95EBC,Cabala,0301-09/2026,0301-09,2026,62,PE,Fundo Municipal de Saúde de Catende,10186138000180,MUNICIPIO DE CATENDE,M,Catende,397852.73,,2026-09-16 11:30:24,2026-09-29 09:00:00,Pregão - Eletrônico,Aberto,Divulgada no PNCP,False,https://pncp.gov.br/app/editais/10186138000180/2026/62,https://bnccompras.com/,BNC Compras,Material,True,False,1,Sem benefício,False
BNC-834C3D273CE3,Rodobens,008/2026,008,2026,55,PE,PREFEITURA MUNICIPAL DE CUPIRA,10191799000102,MUNICIPIO DE CUPIRA,M,Cupira,421833.0,,2026-09-18 09:47:30,2026-10-02 08:00:00,Pregão - Eletrônico,Aberto,Divulgada no PNCP,False,https://pncp.gov.br/app/editais/10191799000102/2026/55,https://bnccompras.com/Process/ProcessView?param1=[gkz]nVcvA1XBCg2EAjkYmHJXviUXNYSvvWmWLF0nRvmy8wFf7sT46jgpw1EuDeLdcdHXUCdhk_CwfRCyNl8j0A7qx7HZaqtA0BNfQafOmcF_kcM=,BNC Compras,Material,True,False,1,Participação exclusiva para ME/EPP,True
BNC-834C3D273CE3,Divena,008/2026,008,2026,55,PE,PREFEITURA MUNICIPAL DE CUPIRA,10191799000102,MUNICIPIO DE CUPIRA,M,Cupira,421833.0,,2026-09-18 09:47:30,2026-10-02 08:00:00,Pregão - Eletrônico,Aberto,Divulgada no PNCP,False,https://pncp.gov.br/app/editais/10191799000102/2026/55,https://bnccompras.com/Process/ProcessView?param1=[gkz]nVcvA1XBCg2EAjkYmHJXviUXNYSvvWmWLF0nRvmy8wFf7sT46jgpw1EuDeLdcdHXUCdhk_CwfRCyNl8j0A7qx7HZaqtA0BNfQafOmcF_kcM=,BNC Compras,Material,True,False,1,Participação exclusiva para ME/EPP,True
BNC-C51AD2A605AD,Air Liquide,009/2026,009,2026,40,Pernambuco,FUNDO MUNICIPAL DE SAUDE DE CACHOEIRINHA,10234992000175,FUNDO MUNICIPAL DE SAUDE DE CACHOEIRINHA,M,Cachoeirinha,216625.6,,2026-09-09 15:45:22,2026-09-23 09:00:00,Pregão - Eletrônico,Aberto,Divulgada no PNCP,True,https://pncp.gov.br/app/editais/10234992000175/2026/40,https://bnccompras.com/Process/ProcessView?param1=[gkz]Q4mr_7LnxbQC7/UU2RD4U937bo0bEIz_qxlMAB7Wwh64kexgrVprMI2JSl1eioRhN1wZrqAURhU0TSxUcFUP9KFMk6VQA7c35PVm_mIQQMI=,BNC Compras,Material,True,False,7,Participação exclusiva para ME/EPP; Sem benefício,True
BNC-6215D6CE788F,Rodobens,043/2026,043,2026,29,PE,FUNDO MUNICIPAL DE SAUDE DE ESCADA,10291311000100,FUNDO MUNICIPAL DE SAUDE - ESCADA-PE,M,Escada,415758.44,,2026-09-17 09:54:28,2026-09-30 07:59:00,Pregão - Eletrônico,Aberto,Divulgada no PNCP,True,https://pncp.gov.br/app/editais/10291311000100/2026/29,https://bnccompras.com/Process/ProcessView?param1=[gkz]wkH33S807jiOBerBd2o3b4p/fZ5_BOX2ukV37A8ZiGOKNj3e/JBv7ofHi7iYyIl70flBxZewSY7zal2Y29NcMZp9PNnHXAtENWZjPhtkDoM=,BNC Compras,Material,True,False,1,Sem benefício,False
PCP-12A3D2B0AB41,Equilam,SRP 042/2026,SRP 042,2026,96,Pernambuco,fundo municipal de saúde,10358174000184,MUNICIPIO DE AFRANIO,M,Afrânio,0.0,,2026-09-07 12:15:22,2026-09-18 10:00:00,Pregão - Eletrônico,Aberto-Fechado,Divulgada no PNCP,True,https://pncp.gov.br/app/editais/10358174000184/2026/96,https://www.portaldecompraspublicas.com.br/processos/PE/Prefeitura-Municipal-de-Afranio-1328/RPE-SRP-042-2026-2026-503043,Portal de Compras Públicas,Material,True,False,10,Participação exclusiva para ME/EPP,True
ES-AFC239723F23,Hexis,13/2026,13,2026,33,Espírito Santo,FUNDO MUNICIPAL DE SAUDE DE ARACRUZ,10429253000139,FUNDO MUNICIPAL DE SAUDE DE ARACRUZ,M,Aracruz,639700.0,,2026-08-31 11:23:50,2026-09-15 08:00:00,Pregão - Eletrônico,Aberto-Fechado,Divulgada no PNCP,True,https://pncp.gov.br/app/editais/10429253000139/2026/33,,ES,Material,True,False,2,Não se aplica,True
BLL-3CE0EF5AE1EE,Danfoss,FS000030/26/2026,FS000030/26,2026,65,São Paulo,MSP-SUPERINTENDENCIA DE ÁGUA. E ESG CATANDUVA,10559279000100,SUPERINTENDENCIA DE AGUA E ESGOTO DE CATANDUVA,M,Catanduva,160000.0,,2026-08-26 09:54:17,2026-09-11 09:00:00,Pregão - Eletrônico,Aberto-Fechado,Divulgada no PNCP,True,https://pncp.gov.br/app/editais/10559279000100/2026/65,https://bllcompras.com/Process/ProcessView?param1=[gkz]sM3pNvNyTNdO4H7B9GMqc9UiN74MqfiH0UuS6cy07hAsO9lrzD3OUbT4jk9QhXznE3MxrFxsoDCu3azE0yddu7vJ8nZI4BaI7Sdb1ZScBLU=,BLL Compras,Serviço,False,True,2,Sem benefício,False
COMPRASGOV-5E82E2A04880,Hexis,90861/2025,90861,2025,1409,Pernambuco,EPE-SECRETARIA DE ADMINISTRAÇÃO DO GOVERNO,10572022000180,SECRETARIA DE ADMINISTRACAO,E,Recife,1559639.0,,2026-02-24 07:07:17,2026-09-18 09:00:00,Pregão - Eletrônico,Aberto,Divulgada no PNCP,True,https://pncp.gov.br/app/editais/10572022000180/2025/1409,https://cnetmobile.estaleiro.serpro.gov.br/comprasnet-web/public/landing?destino=acompanhamento-compra&compra=92615005908612025,ComprasGov,Material,True,False,10,Não se aplica,True
COMPRASGOV-F5D215A97D77,Hexis,117/2026,117,2026,557,Pernambuco,EPE-SECRETARIA DE ADMINISTRAÇÃO DO GOVERNO,10572022000180,SECRETARIA DE ADMINISTRACAO,E,Recife,851791.65,,2026-08-28 09:58:11,2026-09-15 10:00:00,Pregão - Eletrônico,Aberto,Divulgada no PNCP,True,https://pncp.gov.br/app/editais/10572022000180/2026/557,https://cnetmobile.estaleiro.serpro.gov.br/comprasnet-web/public/compras/acompanhamento-compra?compra=92615005001172026,ComprasGov,Material,True,False,9,Cota reservada para ME/EPP; Participação exclusiva para ME/EPP,True
COMPRASGOV-7795B416BA00,Hexis,85/2026,85,2026,558,Pernambuco,EPE-SECRETARIA DE ADMINISTRAÇÃO DO GOVERNO,10572022000180,SECRETARIA DE ADMINISTRACAO,E,Recife,3808408.12,,2026-08-28 10:47:07,2026-09-25 09:00:00,Pregão - Eletrônico,Aberto,Divulgada no PNCP,True,https://pncp.gov.br/app/editais/10572022000180/2026/558,https://cnetmobile.estaleiro.serpro.gov.br/comprasnet-web/public/compras/acompanhamento-compra?compra=92615005000852026,ComprasGov,Material,True,False,3,Sem benefício,False
COMPRASGOV-45D153F4B89C,Hexis,124/2026,124,2026,559,Pernambuco,EPE-SECRETARIA DE ADMINISTRAÇÃO DO GOVERNO,10572022000180,SECRETARIA DE ADMINISTRACAO,E,Recife,737218.81,,2026-08-28 10:50:50,2026-09-16 10:00:00,Pregão - Eletrônico,Aberto,Divulgada no PNCP,True,https://pncp.gov.br/app/editais/10572022000180/2026/559,https://cnetmobile.estaleiro.serpro.gov.br/comprasnet-web/public/compras/acompanhamento-compra?compra=92615005001242026,ComprasGov,Material,True,False,10,Não se aplica,True
PE-7E8C270C6748,Editais,15/2026,15,2026,16,Pernambuco,FUNDO MUNICIPAL DE SAUDE DE LIMOEIRO - PE,10628610000198,FUNDO MUNICIPAL DE SAUDE,M,Limoeiro,0.0,,2026-09-14 10:34:28,2027-08-26 08:00:00,Credenciamento,Não se aplica,Anulada,False,https://pncp.gov.br/app/editais/10628610000198/2026/16,,PE,Serviço,False,True,1,Não se aplica,True
COMPRASGOV-C7246DBE9256,Air Liquide,600/2026,600,2026,211,MG,"INST.FED.DE EDUC.,CIENC.E TEC.DO SUL DE MG",10648539000105,"INSTITUTO FEDERAL DE EDUCACAO, CIENCIA E TECNOLOGIA DO SUL DE MINAS GERAIS",F,Pouso Alegre,651407.8,,2026-09-17 04:00:24,2026-10-08 09:00:00,Pregão - Eletrônico,Aberto-Fechado,Divulgada no PNCP,True,https://pncp.gov.br/app/editais/10648539000105/2026/211,https://cnetmobile.estaleiro.serpro.gov.br/comprasnet-web/public/compras/acompanhamento-compra?compra=15813705006002026,ComprasGov,Material,True,False,10,Participação exclusiva para ME/EPP; Sem benefício,True
COMPRASGOV-0BE17BA70BC5,Divena,80/2026,80,2026,72,MS,"INST.FED.DE EDUC.,CIENC.E TEC DO MAT.G.DO SUL",10673078000120,"INSTITUTO FEDERAL DE EDUCACAO, CIENCIA E TECNOLOGIA DE MATO GROSSO DO SUL",F,Campo Grande,5228229.16,,2026-09-04 04:01:02,2026-10-02 10:00:00,Pregão - Eletrônico,Aberto,Divulgada no PNCP,True,https://pncp.gov.br/app/editais/10673078000120/2026/72,https://cnetmobile.estaleiro.serpro.gov.br/comprasnet-web/public/compras/acompanhamento-compra?compra=15813205000802026,ComprasGov,Material,True,False,1,Sem benefício,False
COMPRASGOV-0BE17BA70BC5,Cabala,80/2026,80,2026,72,MS,"INST.FED.DE EDUC.,CIENC.E TEC DO MAT.G.DO SUL",10673078000120,"INSTITUTO FEDERAL DE EDUCACAO, CIENCIA E TECNOLOGIA DE MATO GROSSO DO SUL",F,Campo Grande,5228229.16,,2026-09-04 04:01:02,2026-10-02 10:00:00,Pregão - Eletrônico,Aberto,Divulgada no PNCP,True,https://pncp.gov.br/app/editais/10673078000120/2026/72,https://cnetmobile.estaleiro.serpro.gov.br/comprasnet-web/public/compras/acompanhamento-compra?compra=15813205000802026,ComprasGov,Material,True,False,1,Sem benefício,False
COMPRASGOV-0BE17BA70BC5,Rodobens,80/2026,80,2026,72,MS,"INST.FED.DE EDUC.,CIENC.E TEC DO MAT.G.DO SUL",10673078000120,"INSTITUTO FEDERAL DE EDUCACAO, CIENCIA E TECNOLOGIA DE MATO GROSSO DO SUL",F,Campo Grande,5228229.16,,2026-09-04 04:01:02,2026-10-02 10:00:00,Pregão - Eletrônico,Aberto,Divulgada no PNCP,True,https://pncp.gov.br/app/editais/10673078000120/2026/72,https://cnetmobile.estaleiro.serpro.gov.br/comprasnet-web/public/compras/acompanhamento-compra?compra=15813205000802026,ComprasGov,Material,True,False,1,Sem benefício,False
ES-6383D924E53D,Air Liquide,29/2026,29,2026,31,Espírito Santo,MES-FUNDO MUN DE SAUDE DE CONCEIÇÃO DA BARRA,10690604000160,FUNDO MUNICIPAL DE SAUDE,M,Conceição da Barra,166286.0,,2026-09-11 17:01:14,2026-09-22 08:30:00,Pregão - Eletrônico,Aberto-Fechado,Divulgada no PNCP,True,https://pncp.gov.br/app/editais/10690604000160/2026/31,,ES,Material,True,False,4,Não se aplica,True
LDIG-B293D9569537,Editais,007/2026,007,2026,8,SP,Unidade Única,10706597000148,SERVICO DE AGUA E ESGOTO DE ENGENHEIRO COELHO,M,Engenheiro Coelho,356660.0,,2026-09-17 13:26:48,2026-10-01 09:30:00,Pregão - Eletrônico,Aberto,Divulgada no PNCP,True,https://pncp.gov.br/app/editais/10706597000148/2026/8,https://app2.licitardigital.com.br/pesquisa/113813,Licitar Digital,Serviço,False,True,2,Participação exclusiva para ME/EPP,True
COMPRASGOV-B4B13C433597,Hexis,38/2026,38,2026,173,Minas Gerais,"INST.F.ED.,CIENC.E TEC.DE NORTE DE MG/C.SALIN",10727655000110,"INSTITUTO FEDERAL DE EDUCACAO, CIENCIA E TECNOLOGIA DO NORTE DE MINAS GERAIS",F,Salinas,343825.75,,2026-09-15 04:00:20,2026-09-28 08:30:00,Pregão - Eletrônico,Aberto-Fechado,Divulgada no PNCP,True,https://pncp.gov.br/app/editais/10727655000110/2026/173,https://cnetmobile.estaleiro.serpro.gov.br/comprasnet-web/public/compras/acompanhamento-compra?compra=15837705000382026,ComprasGov,Material,True,False,10,Participação exclusiva para ME/EPP,True
COMPRASGOV-F76B45045EA6,Air Liquide,15/2026,15,2026,124,Rio Grande do Sul,INST FED.SUL R.GRANDENSE/CAMPUS PELOTAS,10729992000146,"INSTITUTO FEDERAL DE EDUCACAO, CIENCIA E TECNOLOGIA SUL-RIO-GRANDENSE - RS",F,Pelotas,163852.62,,2026-07-24 04:00:06,2026-09-02 09:30:00,Pregão - Eletrônico,Aberto-Fechado,Divulgada no PNCP,False,https://pncp.gov.br/app/editais/10729992000146/2026/124,https://cnetmobile.estaleiro.serpro.gov.br/comprasnet-web/public/compras/acompanhamento-compra?compra=15846705000152026,ComprasGov,Material,True,False,10,Não se aplica; Sem benefício,True
COMPRASGOV-799C2C43262D,Air Liquide,67/2026,67,2026,77,Rio Grande do Sul,CENTRO NACIONAL DE TECNOL.ELETRONICA AVANÇADA,10770641000189,CENTRO NACIONAL DE TEC ELETRONICA AVANçADA SA,F,Porto Alegre,69539.5,,2026-09-01 15:41:43,2026-09-15 09:00:00,Pregão - Eletrônico,Aberto,Divulgada no PNCP,True,https://pncp.gov.br/app/editais/10770641000189/2026/77,https://cnetmobile.estaleiro.serpro.gov.br/comprasnet-web/public/compras/acompanhamento-compra?compra=24520905000672026,ComprasGov,Material,True,False,5,Participação exclusiva para ME/EPP,True
GO-69EBDF3A9572,Editais,(6556) | 10-A/2026,(6556) | 10-A,2026,147,Goiás,FUNDO MUNICIPAL DE SAÚDE,10839115000128,FUNDO MUNICIPAL DE SAUDE,M,Petrolina de Goiás,208134.0,,2026-09-10 17:17:46,2026-10-17 17:00:00,Credenciamento,Não se aplica,Divulgada no PNCP,False,https://pncp.gov.br/app/editais/10839115000128/2026/147,,GO,Serviço,False,True,3,Não se aplica,True
COMPRASGOV-A72BF6E6190F,Rodobens,38/2026,38,2026,25,AC,"INST.FED.DE EDUC.,CIENC.E TEC.DO ACRE",10918674000123,"INSTITUTO FEDERAL DE EDUCACAO,CIENCIA E TECNOLOGIA DO ACRE",F,Rio Branco,9200212.0,,2026-09-22 04:00:14,2026-10-07 10:00:00,Pregão - Eletrônico,Aberto,Divulgada no PNCP,True,https://pncp.gov.br/app/editais/10918674000123/2026/25,https://cnetmobile.estaleiro.serpro.gov.br/comprasnet-web/public/compras/acompanhamento-compra?compra=15815605000382026,ComprasGov,Material,True,False,5,Sem benefício,False
SC-7F23AD0F3B68,Air Liquide,PE 2/2026,PE 2,2026,17,Santa Catarina,FUNDO MUNICIPAL DE SAUDE DE CAPIVARI DE BAIXO,10971858000157,FUNDO MUNICIPAL DE SAUDE DE CAPIVARI DE BAIXO,M,Capivari de Baixo,1348500.0,,2026-08-14 12:59:28,2026-08-26 08:00:00,Pregão - Eletrônico,Aberto-Fechado,Divulgada no PNCP,True,https://pncp.gov.br/app/editais/10971858000157/2026/17,,SC,Material,True,False,1,Sem benefício,False
BNC-FCA48FEDF17D,Cabala,145/2026,145,2026,70,GO,FMS - PALMEIRAS DE GOIAS,11168270000122,FUNDO MUNICIPAL DE SAUDE -FMS,M,Palmeiras de Goiás,315727.78,,2026-09-16 15:32:23,2026-10-05 07:30:00,Pregão - Eletrônico,Aberto-Fechado,Divulgada no PNCP,False,https://pncp.gov.br/app/editais/11168270000122/2026/70,https://bnccompras.com/Process/ProcessView?param1=[gkz]Vvz96BgFWJFRv4dB6UMd9cJf8gFXV_mTmtXoN1V0ZeVMO9L3Gl1neHr1oklGIVnjfGXrSwW9q0UMxAJiPNtrLvhIVrm5CP2Hp8e9ILa5D5g=,BNC Compras,Material,True,False,1,Sem benefício,False
SC-D50CADCC9ABC,Air Liquide,PCE 2/2026,PCE 2,2026,10,SC,FUNDO MUNICIPAL DE SAUDE,11218352000134,FUNDO MUNICIPAL DE SAUDE,M,Timbé do Sul,114881.76,,2026-09-18 15:30:30,2026-10-02 08:59:00,Pregão - Eletrônico,Aberto,Divulgada no PNCP,False,https://pncp.gov.br/app/editais/11218352000134/2026/10,,SC,Material,True,False,4,Sem benefício,False
GO-72D8F5AA0178,Air Liquide,(3064) | 14-0/2026,(3064) | 14-0,2026,7,Goiás,FMS,11258723000101,FUNDO MUNICIPAL DE SAUDE DE VICENTINOPOLIS,M,Vicentinópolis,0.0,,2026-08-18 07:15:36,2026-08-31 07:30:00,Pregão - Eletrônico,Aberto,Divulgada no PNCP,True,https://pncp.gov.br/app/editais/11258723000101/2026/7,,GO,Material,True,False,5,Não se aplica,True
GO-0B049848B8C1,Air Liquide,(45957) | 16-0/2026,(45957) | 16-0,2026,126,GO,FUNDO MUNICIPAL DE SAUDE BONOPOLIS,11280020000180,FUNDO MUNICIPAL DE SAUDE,M,Bonópolis,384328.5,,2026-09-21 16:33:48,2026-10-06 08:00:00,Pregão - Eletrônico,Aberto,Divulgada no PNCP,True,https://pncp.gov.br/app/editais/11280020000180/2026/126,,GO,Serviço,False,True,6,Não se aplica,True
BLL-7E3E443FE8A0,Air Liquide,035/2026,035,2026,42,Mato Grosso do Sul,FESP - FUNDAÇÃO ESTATAL DE SAÚDE DO PANTANAL,11285282000137,FUNDACAO ESTATAL DE SAUDE DO PANTANAL,M,Coxim,0.0,,2026-08-12 11:08:55,2026-08-28 23:00:00,Pregão - Eletrônico,Aberto,Divulgada no PNCP,False,https://pncp.gov.br/app/editais/11285282000137/2026/42,https://bllcompras.com/Process/ProcessView?param1=[gkz]d7sMY53MDP2G4Na62IzMVMmnziVh0zpfcGRrbTaiv4OXVu1aa6aG4DqlJR4CRULG7HCcPA6VT0nQXM44yeWEI3q4Lxf6U7zHT/DRfk7alAE=,BLL Compras,Serviço,False,True,2,Sem benefício,False
PCP-04A2559539AC,Air Liquide,8/2026,8,2026,11,PE,Fundo Municipal de Saúde de Tuparetama,11293112000102,FUNDO MUNICIPAL DE SAUDE,M,Tuparetama,120739.55,,2026-09-16 11:03:15,2026-10-09 07:59:00,Pregão - Eletrônico,Aberto,Divulgada no PNCP,False,https://pncp.gov.br/app/editais/11293112000102/2026/11,https://www.portaldecompraspublicas.com.br/processos/PE/Fundo-Municipal-de-Saude-de-Tuparetama-4980/PE-8-2026-2026-511758,Portal de Compras Públicas,Material,True,False,5,Sem benefício,False
COMPRASBR-A5EF7925EE2A,Editais,012/2026,012,2026,13,RJ,Fundo Municipal de Saúde de Paty do Alferes - RJ,11297536000137,FUNDO MUNICIPAL DE SAUDE,M,Paty do Alferes,2619900.0,,2026-09-17 15:34:37,2026-10-02 09:59:00,Pregão - Eletrônico,Aberto,Divulgada no PNCP,True,https://pncp.gov.br/app/editais/11297536000137/2026/13,https://comprasbr.com.br/pregao-eletronico-detalhe/?idlicitacao=48410,Compras BR,Material,True,False,1,Não se aplica,True
COMPRASGOV-41B3DDAFA6D0,Hexis,70/2026,70,2026,116,RJ,FUNDO MUNICIPAL DE SAUDE DE MACAE - RJ,11308894000106,FUNDO MUNICIPAL DE SAUDE,M,Macaé,7704113.01,,2026-09-17 17:31:11,2026-10-02 10:00:00,Pregão - Eletrônico,Aberto,Divulgada no PNCP,False,https://pncp.gov.br/app/editais/11308894000106/2026/116,https://cnetmobile.estaleiro.serpro.gov.br/comprasnet-web/public/compras/acompanhamento-compra?compra=92715205000702026,ComprasGov,Material,True,False,10,Sem benefício,False
BNC-5F0FE6286837,Rodobens,0000011/2026,0000011,2026,28,GO,FMS,11335591000174,FUNDO MUNICIPAL DE SAUDE,M,Carmo do Rio Verde,329066.67,,2026-09-21 10:15:55,2026-10-02 08:29:00,Pregão - Eletrônico,Aberto-Fechado,Divulgada no PNCP,False,https://pncp.gov.br/app/editais/11335591000174/2026/28,https://bnccompras.com/Process/ProcessView?param1=[gkz]hN_ZJibn1lv9r__nrFT2Lt5T/nZYHxlBjPv6d_cjfAfVg9kRgVFsJjSSXQcDicqy/DcX0vl77mDst73yk0nvQy6IRvqPHLui1IKTs2JQPP0=,BNC Compras,Material,True,False,1,Sem benefício,False
GO-EEB9ECE40799,Air Liquide,(12186) | 42-0/2026,(12186) | 42-0,2026,70,Goiás,FMS - ITAGUARU,11352368000135,FUNDO MUNICIPAL DE SAUDE - ITAGUARU,M,Itaguaru,147687.0,,2026-09-09 13:29:08,2026-09-23 08:00:00,Pregão - Eletrônico,Aberto,Divulgada no PNCP,True,https://pncp.gov.br/app/editais/11352368000135/2026/70,,GO,Serviço,False,True,7,Não se aplica,True
SC-A11A273931C6,Air Liquide,PCE 12/2026,PCE 12,2026,61,Santa Catarina,Fundo Municipal de Saúde de Indaial - SC,11355483000163,FUNDO MUNICIPAL DE SAUDE DE INDAIAL,M,Indaial,199828.2,,2026-08-24 14:43:45,2026-10-09 08:30:00,Pregão - Eletrônico,Aberto,Divulgada no PNCP,True,https://pncp.gov.br/app/editais/11355483000163/2026/61,,SC,Material,True,False,7,Sem benefício,False
COMPRASBR-AD82915D1BF1,Air Liquide,12/2026,12,2026,74,Santa Catarina,Fundo Municipal de Saúde de Indaial - SC,11355483000163,FUNDO MUNICIPAL DE SAUDE DE INDAIAL,M,Indaial,199828.2,,2026-09-02 10:28:04,2026-09-23 08:30:00,Pregão - Eletrônico,Aberto,Divulgada no PNCP,True,https://pncp.gov.br/app/editais/11355483000163/2026/74,https://comprasbr.com.br/pregao-eletronico-detalhe/?idlicitacao=47874,Compras BR,Material,True,False,7,Não se aplica,True
PCP-048920EB0792,Air Liquide,016-FMS/2026,016-FMS,2026,39,Pernambuco,Fundo Municipal de Saúde de Custódia,11358165000156,MUNICIPIO DE CUSTODIA,M,Custódia,103144.5,,2026-09-08 08:52:26,2026-09-22 08:00:00,Pregão - Eletrônico,Aberto,Divulgada no PNCP,True,https://pncp.gov.br/app/editais/11358165000156/2026/39,https://www.portaldecompraspublicas.com.br/processos/PE/Prefeitura-Municipal-de-Custodia-1336/RPE-016-FMS-2026-2026-509644,Portal de Compras Públicas,Material,True,False,5,Participação exclusiva para ME/EPP,True
LSALG-EAACA0CE1414,Hexis,056/2026,056,2026,210,Pernambuco,PREFEITURA MUNICIPAL DE SALGUEIRO,11361243000171,MUNICIPIO DE SALGUEIRO,M,Salgueiro,624612.8,,2026-09-11 14:20:28,2026-09-28 08:00:00,Pregão - Eletrônico,Aberto-Fechado,Divulgada no PNCP,True,https://pncp.gov.br/app/editais/11361243000171/2026/210,http://www.licitacaosalgueiro.com.br,Licita Salgueiro,Material,True,False,6,Sem benefício,False
SE-1A0FD3A626D1,Air Liquide,002/2026,002,2026,6,Sergipe,FUNDO MUNICIPAL DE SAÚDE DE SIRIRI,11365532000149,FUNDO MUNICIPAL DE SAUDE,M,Siriri,47144.95,,2026-07-28 12:34:40,2026-09-04 09:00:00,Pregão - Eletrônico,Aberto,Divulgada no PNCP,True,https://pncp.gov.br/app/editais/11365532000149/2026/6,,SE,Material,True,False,8,Participação exclusiva para ME/EPP,True
SC-2AD58A21C9C0,Hexis,PE 17/2026,PE 17,2026,11,Santa Catarina,FUNDO MUNICIPAL DE SAÚDE DE SANTA CECÍLIA,11416993000101,FUNDO MUNICIPAL DE SAUDE DE SANTA CECILIA,M,Santa Cecília,294405.25,,2026-09-15 14:20:09,2026-09-30 08:30:00,Pregão - Eletrônico,Aberto,Divulgada no PNCP,True,https://pncp.gov.br/app/editais/11416993000101/2026/11,,SC,Material,True,False,10,Sem benefício,False
SC-261CEFA22F46,Air Liquide,PE 28/2026,PE 28,2026,29,Santa Catarina,FMSAUDE SJO,11418721000132,FUNDO MUNICIPAL DA SAUDE DE SAO JOAO DO OESTE,M,São João do Oeste,137788.0,,2026-09-02 10:48:52,2026-09-15 07:59:00,Pregão - Eletrônico,Aberto,Divulgada no PNCP,True,https://pncp.gov.br/app/editais/11418721000132/2026/29,,SC,Material,True,False,10,Sem benefício,False
SC-79E4CA76481D,Air Liquide,DL017/2026,DL017,2026,24,SC,Fundo Municipal de Saúde de Cerro Negro,11430842000108,FUNDO MUNICIPAL DE SAUDE DE CERRO NEGRO,M,Cerro Negro,13050.0,,2026-09-28 14:44:35,2026-10-02 08:00:01,Dispensa,Dispensa Com Disputa,Divulgada no PNCP,False,https://pncp.gov.br/app/editais/11430842000108/2026/24,,SC,Material,True,False,3,Não se aplica,True
PCP-478926BDEA5A,Divena,30/2026,30,2026,40,PE,FUNDO MUNICIPAL DE ASSISTENCIA SOCIAL,11503081000169,FUNDO MUNICIPAL DE SAUDE DE SAO JOSE DO EGITO,M,São José do Egito,300000.0,,2026-09-24 09:46:37,2026-10-07 07:59:00,Pregão - Eletrônico,Aberto,Divulgada no PNCP,False,https://pncp.gov.br/app/editais/11503081000169/2026/40,https://www.portaldecompraspublicas.com.br/processos/PE/Fundo-Municipal-de-Saude-de-Sao-Jose-do-Egito-4920/PE-30-2026-2026-513824,Portal de Compras Públicas,Material,True,False,2,Sem benefício,False
PCP-478926BDEA5A,Cabala,30/2026,30,2026,40,PE,FUNDO MUNICIPAL DE ASSISTENCIA SOCIAL,11503081000169,FUNDO MUNICIPAL DE SAUDE DE SAO JOSE DO EGITO,M,São José do Egito,300000.0,,2026-09-24 09:46:37,2026-10-07 07:59:00,Pregão - Eletrônico,Aberto,Divulgada no PNCP,False,https://pncp.gov.br/app/editais/11503081000169/2026/40,https://www.portaldecompraspublicas.com.br/processos/PE/Fundo-Municipal-de-Saude-de-Sao-Jose-do-Egito-4920/PE-30-2026-2026-513824,Portal de Compras Públicas,Material,True,False,2,Sem benefício,False
PCP-478926BDEA5A,Rodobens,30/2026,30,2026,40,PE,FUNDO MUNICIPAL DE ASSISTENCIA SOCIAL,11503081000169,FUNDO MUNICIPAL DE SAUDE DE SAO JOSE DO EGITO,M,São José do Egito,300000.0,,2026-09-24 09:46:37,2026-10-07 07:59:00,Pregão - Eletrônico,Aberto,Divulgada no PNCP,False,https://pncp.gov.br/app/editais/11503081000169/2026/40,https://www.portaldecompraspublicas.com.br/processos/PE/Fundo-Municipal-de-Saude-de-Sao-Jose-do-Egito-4920/PE-30-2026-2026-513824,Portal de Compras Públicas,Material,True,False,2,Sem benefício,False
GO-CAAE7FDE2948,Air Liquide,(3008) | 8-0/2026,(3008) | 8-0,2026,4,Goiás,FMS FUNDO MUN SAUDE URUTAI,11675013000187,FUNDO MUNICIPAL DE SAUDE DE URUTAI-GO,M,Urutaí,115752.7,,2026-09-11 02:29:19,2026-09-24 08:00:00,Pregão - Eletrônico,Aberto-Fechado,Divulgada no PNCP,True,https://pncp.gov.br/app/editais/11675013000187/2026/4,,GO,Material,True,False,6,Não se aplica,True
BNC-8AAD15A8EA4D,Air Liquide,PE 291/2026,PE 291,2026,154,Rio de Janeiro,FUNDO MUNICIPAL DE SAÚDE DE RESENDE - SUS,11800731000138,FUNDO MUNICIPAL DE SAUDE/SUS DO MUNICIPIO DE RESENDE,M,Resende,15400.0,,2026-08-12 10:27:23,2026-08-26 13:00:00,Pregão - Eletrônico,Aberto,Divulgada no PNCP,False,https://pncp.gov.br/app/editais/11800731000138/2026/154,https://bnccompras.com/Process/ProcessView?param1=[gkz]OwmdWaDb0j685whleQsDtVs1b86bdEvEsWSOlLFkWWHFGiV/LvpGsw0gn9qMtZvStDoYJhjtIMA4WOrAVLuK9uW62S02v7Uf6tIQL8YTRKI=,BNC Compras,Material,True,False,2,Participação exclusiva para ME/EPP,True
BNC-7BAADDF201C3,Hexis,PE 343/2026,PE 343,2026,194,Rio de Janeiro,FUNDO MUNICIPAL DE SAÚDE DE RESENDE - SUS,11800731000138,FUNDO MUNICIPAL DE SAUDE/SUS DO MUNICIPIO DE RESENDE,M,Resende,162941.0,,2026-09-09 13:21:08,2026-09-22 12:00:00,Pregão - Eletrônico,Aberto,Divulgada no PNCP,True,https://pncp.gov.br/app/editais/11800731000138/2026/194,https://bnccompras.com/Process/ProcessView?param1=[gkz]XcQ_FC9ZHxxVjRVnk5i5V8/ATy6byYmKEXSsvG/1eCPl0qqpCms8aEezdjbsoGeIp7t/kgo8hANpyxXQ7dxi0NQrCNb8zsjOGTXN7V62ZjA=,BNC Compras,Material,True,False,5,Sem benefício,False
COMPRASGOV-0D853ED43002,Air Liquide,8/2026,8,2026,41,Pernambuco,EPE-SISTEMA DE ASSIST. A SAUDE DOS SER.ESTADO,11944899000206,INSTITUTO DE RECURSOS HUMANOS DE PERNAMBUCO - IRH-PE,E,Recife,407489.76,,2026-08-25 10:34:09,2026-09-10 09:00:00,Pregão - Eletrônico,Aberto-Fechado,Divulgada no PNCP,False,https://pncp.gov.br/app/editais/11944899000206/2026/41,https://cnetmobile.estaleiro.serpro.gov.br/comprasnet-web/public/compras/acompanhamento-compra?compra=93205105000082026,ComprasGov,Serviço,False,True,2,Sem benefício,False
BNC-B99A304E2E76,Air Liquide,16/2026,16,2026,3,Tocantins,FUNDO MUNICIPAL DE SAÚDE DE LAJEADO/TO,11952334000181,FUNDO MUNICIPAL DE SAUDE DE LAJEADO DO TOCANTINS-TO,M,Lajeado,230526.77,,2026-08-25 23:15:05,2026-09-04 07:30:00,Pregão - Eletrônico,Aberto,Divulgada no PNCP,True,https://pncp.gov.br/app/editais/11952334000181/2026/3,https://bnccompras.com/Process/ProcessView?param1=[gkz]AP11sq/WobkWOT07vmqkvmcDv27oMhVPH37bU9L_9Rb9NgX1SQNc/kqZt_l7fcndCCNemO8eAy3Pp1wfOAKSz/Yd9LVhPel3CQAUYvzf3BA=,BNC Compras,Material,True,False,10,Sem benefício,False
BLL-C94298E1716F,Air Liquide,006/2026,006,2026,17,Mato Grosso do Sul,FUNDO MUNICIPAL DE SAÚDE DE COXIM - MS,11970135000104,FUNDO MUNICIPAL DE SAUDE DE COXIM-MS,M,Coxim,540739.2,,2026-08-21 11:58:32,2026-09-04 08:29:00,Pregão - Eletrônico,Aberto,Divulgada no PNCP,True,https://pncp.gov.br/app/editais/11970135000104/2026/17,https://bllcompras.com/Process/ProcessView?param1=[gkz]f3r44l/M2d0yHA9dOHy44rPg_3/GDtEpUSatFfJPkgw/7JKJ/FF9tqYd/DIVmQIP7nLbBPGRyUzM_Hb0HjlSOHXdnEKrgSyEnxxSISc393M=,BLL Compras,Material,True,False,3,Participação exclusiva para ME/EPP; Sem benefício,True
BLL-D74B7439CEBD,Air Liquide,019/2026,019,2026,6,MS,FUNDO MUNICIPAL DE SAUDE DE JARAGUARI,12021434000157,FUNDO MUNICIPAL DE SAUDE DE JARAGUARI,M,Jaraguari,60422.6,,2026-09-25 08:40:58,2026-10-09 09:00:00,Pregão - Eletrônico,Aberto,Divulgada no PNCP,True,https://pncp.gov.br/app/editais/12021434000157/2026/6,https://bllcompras.com/Process/ProcessView?param1=[gkz]5eQ2f/hWKT/ZPoHJCgpIhxgljmJjmb_TFjyEBhL2G4rLhxRq6K5N1cb5Ptt9Ob2vyb/HKIgTiy_w4KaVTuwwKPmHv2woHBaKbTg_wVFvs6Y=,BLL Compras,Serviço,False,True,4,Sem benefício,False
PCP-17CF262194B6,Divena,028/2026,028,2026,192,Goiás,Fundo Municipal de Saúde de Jataí,12053489000149,FUNDO MUNICIPAL DE SAUDE,M,Jataí,0.0,,2026-09-14 16:37:54,2026-09-24 08:00:00,Pregão - Eletrônico,Aberto-Fechado,Divulgada no PNCP,False,https://pncp.gov.br/app/editais/12053489000149/2026/192,https://www.portaldecompraspublicas.com.br/processos/GO/Fundo-Municipal-de-Saude-de-Jatai-3542/PE-028-2026-2026-511190,Portal de Compras Públicas,Material,True,False,4,Sem benefício,False
PCP-17CF262194B6,Cabala,028/2026,028,2026,192,Goiás,Fundo Municipal de Saúde de Jataí,12053489000149,FUNDO MUNICIPAL DE SAUDE,M,Jataí,0.0,,2026-09-14 16:37:54,2026-09-24 08:00:00,Pregão - Eletrônico,Aberto-Fechado,Divulgada no PNCP,False,https://pncp.gov.br/app/editais/12053489000149/2026/192,https://www.portaldecompraspublicas.com.br/processos/GO/Fundo-Municipal-de-Saude-de-Jatai-3542/PE-028-2026-2026-511190,Portal de Compras Públicas,Material,True,False,4,Sem benefício,False
BNC-30C960115F82,Air Liquide,PE 16/2026,PE 16,2026,27,Alagoas,PREFEITURA MUNICIPAL DE TRAIPU,12207452000128,MUNICIPIO DE TRAIPU,M,Traipu,96258.2,,2026-08-21 15:26:23,2026-09-03 09:59:00,Pregão - Eletrônico,Aberto,Divulgada no PNCP,True,https://pncp.gov.br/app/editais/12207452000128/2026/27,https://bnccompras.com/Process/ProcessView?param1=[gkz]sG5eGZqkXNTARXNdZQe9iog//se5_9e9BTFhGF06XgNzbOKHaInaosk9NpxXo93ycodczz47NNS0yvmypBJzaDI3ZXyxKbZ7M5OquWouJ9c=,BNC Compras,Material,True,False,9,Participação exclusiva para ME/EPP; Sem benefício,True
GO-C6F0F7F8DA54,Divena,(9217) | 21-0/2026,(9217) | 21-0,2026,5,GO,FUNDO MUNICIPAL DE SAUDE FMS,12213549000143,FUNDO MUNICIPAL DE SAUDE DE ARUANA,M,Aruanã,399612.8,,2026-09-28 15:51:24,2026-10-06 09:00:00,Pregão - Eletrônico,Aberto,Divulgada no PNCP,True,https://pncp.gov.br/app/editais/12213549000143/2026/5,,GO,Material,True,False,1,Não se aplica,True
GO-C6F0F7F8DA54,Mercedes,(9217) | 21-0/2026,(9217) | 21-0,2026,5,GO,FUNDO MUNICIPAL DE SAUDE FMS,12213549000143,FUNDO MUNICIPAL DE SAUDE DE ARUANA,M,Aruanã,399612.8,,2026-09-28 15:51:24,2026-10-06 09:00:00,Pregão - Eletrônico,Aberto,Divulgada no PNCP,True,https://pncp.gov.br/app/editais/12213549000143/2026/5,,GO,Material,True,False,1,Não se aplica,True
GO-C6F0F7F8DA54,Cabala,(9217) | 21-0/2026,(9217) | 21-0,2026,5,GO,FUNDO MUNICIPAL DE SAUDE FMS,12213549000143,FUNDO MUNICIPAL DE SAUDE DE ARUANA,M,Aruanã,399612.8,,2026-09-28 15:51:24,2026-10-06 09:00:00,Pregão - Eletrônico,Aberto,Divulgada no PNCP,True,https://pncp.gov.br/app/editais/12213549000143/2026/5,,GO,Material,True,False,1,Não se aplica,True
LICITANET-632E69E14A44,Air Liquide,24/2026,24,2026,107,Alagoas,MUNICÍPIO DE DELMIRO GOUVEIA/AL ,12224895000127,MUNICIPIO DE DELMIRO GOUVEIA,M,Delmiro Gouveia,0.0,,2026-09-09 08:21:21,2026-09-25 08:00:00,Pregão - Eletrônico,Aberto-Fechado,Divulgada no PNCP,True,https://pncp.gov.br/app/editais/12224895000127/2026/107,https://licitanet.com.br/sessao/200341,Licitanet,Serviço,False,True,8,Sem benefício,False
BNC-84EE1B3AE28C,Rodobens,012/2026,012,2026,19,Alagoas,PREFEITURA MUNICIPAL DE NOVO LINO - AL,12248878000120,MUNICIPIO DE NOVO LINO,M,Novo Lino,552283.33,,2026-08-12 12:11:33,2026-08-26 09:30:00,Pregão - Eletrônico,Aberto,Divulgada no PNCP,False,https://pncp.gov.br/app/editais/12248878000120/2026/19,https://bnccompras.com/Process/ProcessView?param1=[gkz]ZMVkrZD3XVJuEt_WN1SmnzAKc6MQXCQtaW2RAXJWyj7d5zjdvFvFSOiHvAsdyikMHf6lQqSg9kypupAQekYCRfdHnsDNfOWtKU5RttOrulQ=,BNC Compras,Material,True,False,1,Sem benefício,False
BA-586F229444E5,Air Liquide,28/2026,28,2026,16,Bahia,FUNDO MUNICIPAL DE SAÚDE DE DIAS D'ÁVILA,12284122000136,FUNDO MUNICIPAL DE SAUDE,M,Dias d'Ávila,510287.98,,2026-09-02 10:48:08,2026-09-21 10:00:00,Pregão - Eletrônico,Aberto,Divulgada no PNCP,True,https://pncp.gov.br/app/editais/12284122000136/2026/16,,BA,Misto,True,True,10,Participação exclusiva para ME/EPP; Sem benefício,True
BNC-A0B07E6B9214,Air Liquide,012/2026,012,2026,37,Alagoas,PREFEITURA MUNICIPAL DE MURICI,12332953000136,MUNICIPIO DE MURICI,M,Murici,327626.5,,2026-08-17 11:23:13,2026-09-17 09:00:00,Pregão - Eletrônico,Aberto,Divulgada no PNCP,True,https://pncp.gov.br/app/editais/12332953000136/2026/37,https://bnccompras.com/Process/ProcessView?param1=[gkz]yIi4xpdIInNpPrswdvWNplUhkgV7WKKMQSdXGoxxGyHaRZJFAuo/O7zyhzU8YM8jgbJ/XefbcaRnLzMwkQ/2FzZmOfvI/p3LahaQCFAv8e0=,BNC Compras,Material,True,False,5,Sem benefício,False
BNC-BDC279E7D99B,Divena,15/2026,15,2026,51,Alagoas,PREFEITURA MUNICIPAL DE COLÔNIA LEOPOLDINA,12332987000120,MUNICIPIO DE COLONIA LEOPOLDINA,M,Colônia Leopoldina,1217634.34,,2026-08-26 11:50:48,2026-09-10 09:00:00,Pregão - Eletrônico,Aberto,Divulgada no PNCP,True,https://pncp.gov.br/app/editais/12332987000120/2026/51,https://bnccompras.com/Process/ProcessView?param1=[gkz]CdAM52TThwQTeFtJA0gxYaN51rF7Y_LRgKi2ICcQlrZyrJxlNWwgGTm61jbmV8wbRrLX83Zz3YmhjRjcmUOlLGQee7Twmet0aphzG2CpB5o=,BNC Compras,Material,True,False,3,Sem benefício,False
BNC-BDC279E7D99B,Cabala,15/2026,15,2026,51,Alagoas,PREFEITURA MUNICIPAL DE COLÔNIA LEOPOLDINA,12332987000120,MUNICIPIO DE COLONIA LEOPOLDINA,M,Colônia Leopoldina,1217634.34,,2026-08-26 11:50:48,2026-09-10 09:00:00,Pregão - Eletrônico,Aberto,Divulgada no PNCP,True,https://pncp.gov.br/app/editais/12332987000120/2026/51,https://bnccompras.com/Process/ProcessView?param1=[gkz]CdAM52TThwQTeFtJA0gxYaN51rF7Y_LRgKi2ICcQlrZyrJxlNWwgGTm61jbmV8wbRrLX83Zz3YmhjRjcmUOlLGQee7Twmet0aphzG2CpB5o=,BNC Compras,Material,True,False,3,Sem benefício,False
BNC-5FF6EFB0C6C9,Air Liquide,18/2026,18,2026,92,AL,PREFEITURA MUNICIPAL DE PALMEIRA DOS ÍNDIOS,12356879000198,MUNICIPIO DE PALMEIRA DOS INDIOS,M,Palmeira dos Índios,1318511.0,,2026-09-29 07:05:52,2026-10-14 08:30:00,Pregão - Eletrônico,Aberto-Fechado,Divulgada no PNCP,True,https://pncp.gov.br/app/editais/12356879000198/2026/92,https://bnccompras.com/Process/ProcessView?param1=[gkz]NFPHH/QXuB7hsDwpeL_0vVEtRbHJctaLMmIxe_r6hhdfANlQaYCPMAHwTBDPVx9HZ5LgVmxDUCovg4WE7N2emF3Bw4VcR_3I37uT9qO7Qdo=,BNC Compras,Material,True,False,10,Participação exclusiva para ME/EPP; Sem benefício,True
M2A-9E7400199686,Divena,2026.09.22.1/2026,2026.09.22.1,2026,56,CE,FUNDEB,12464103000191,MUNICIPIO DE DEPUTADO IRAPUAN PINHEIRO,M,Deputado Irapuan Pinheiro,307963.33,,2026-09-23 11:58:57,2026-10-06 08:59:00,Pregão - Eletrônico,Aberto,Divulgada no PNCP,False,https://pncp.gov.br/app/editais/12464103000191/2026/56,http://precodereferencia.m2atecnologia.com.br/c/xouEtfwSQuKrvJhVDBl_fA.Qc5ogVlz-ZEB/,M2A Compras,Material,True,False,1,Sem benefício,False
M2A-9E7400199686,Cabala,2026.09.22.1/2026,2026.09.22.1,2026,56,CE,FUNDEB,12464103000191,MUNICIPIO DE DEPUTADO IRAPUAN PINHEIRO,M,Deputado Irapuan Pinheiro,307963.33,,2026-09-23 11:58:57,2026-10-06 08:59:00,Pregão - Eletrônico,Aberto,Divulgada no PNCP,False,https://pncp.gov.br/app/editais/12464103000191/2026/56,http://precodereferencia.m2atecnologia.com.br/c/xouEtfwSQuKrvJhVDBl_fA.Qc5ogVlz-ZEB/,M2A Compras,Material,True,False,1,Sem benefício,False
BLL-5845E159CDB6,Hexis,039/2026,039,2026,58,Mato Grosso do Sul,FUNDAÇAO SERVIÇOS DE SAUDE DE NOVA ANDRADINA,12600146000157,FUNDACAO SERVICOS DE SAUDE DE NOVA ANDRADINA,M,Nova Andradina,515169.61,,2026-08-14 15:26:25,2026-09-25 08:00:00,Pregão - Eletrônico,Aberto,Divulgada no PNCP,True,https://pncp.gov.br/app/editais/12600146000157/2026/58,https://bllcompras.com/Process/ProcessView?param1=[gkz]7BkvVXn6imqcUQFOJeRGlkQT6R8iR7wmIxEttZ2kZ1c4IaFPFufszY3gFCvfX7V_z1cjz7v4WA/OsXnIsbBLzmciUmf0UHWYOye1xVyKQ4w=,BLL Compras,Material,True,False,10,Sem benefício,False
BBNEW-7B5EEA2CC65A,Starmac,043/2026/2026,043/2026,2026,12,SE,CIA SANEAMENTO DE SERGIPE DESO,13018171000190,COMPANHIA DE SANEAMENTO DE SERGIPE - DESO,M,Aracaju,740523.72,,2026-09-24 16:27:08,2026-10-02 08:30:00,Pregão - Eletrônico,Aberto,Divulgada no PNCP,False,https://pncp.gov.br/app/editais/13018171000190/2026/12,https://licitacoes-e2.bb.com.br/aop-inter-estatico/visualizar-processo-publico/1100971,Novo Banco do Brasil,Material,True,False,1,Não se aplica,True
COMPRASGOV-80D678113F0F,Starmac,177/2026,177,2026,62,Sergipe,MEC-UNIVERSIDADE FEDERAL/SE,13031547000104,FUNDACAO UNIVERSIDADE FEDERAL DE SERGIPE,F,São Cristóvão,271936.93,,2026-09-01 04:00:00,2026-09-16 08:30:00,Pregão - Eletrônico,Aberto-Fechado,Divulgada no PNCP,True,https://pncp.gov.br/app/editais/13031547000104/2026/62,https://cnetmobile.estaleiro.serpro.gov.br/comprasnet-web/public/compras/acompanhamento-compra?compra=15405005001772026,ComprasGov,Material,True,False,10,Participação exclusiva para ME/EPP,True
COMPRASGOV-1BC533DBFF52,Air Liquide,173/2026,173,2026,70,Sergipe,MEC-UNIVERSIDADE FEDERAL/SE,13031547000104,FUNDACAO UNIVERSIDADE FEDERAL DE SERGIPE,F,São Cristóvão,15000.0,,2026-09-16 04:00:36,2026-09-29 08:30:00,Pregão - Eletrônico,Aberto-Fechado,Divulgada no PNCP,True,https://pncp.gov.br/app/editais/13031547000104/2026/70,https://cnetmobile.estaleiro.serpro.gov.br/comprasnet-web/public/compras/acompanhamento-compra?compra=15405005001732026,ComprasGov,Material,True,False,1,Sem benefício,False
SE-7746F17D4CE7,Mercedes,045/2026,045,2026,112,SE,PREFEITURA MUNICIPAL DE SIMÃO DIAS,13108089000156,MUNICIPIO DE SIMAO DIAS,M,Simão Dias,1300495.45,,2026-09-28 12:25:25,2026-10-13 10:00:00,Pregão - Eletrônico,Aberto,Divulgada no PNCP,False,https://pncp.gov.br/app/editais/13108089000156/2026/112,,SE,Material,True,False,1,Sem benefício,False
SE-7746F17D4CE7,Divena,045/2026,045,2026,112,SE,PREFEITURA MUNICIPAL DE SIMÃO DIAS,13108089000156,MUNICIPIO DE SIMAO DIAS,M,Simão Dias,1300495.45,,2026-09-28 12:25:25,2026-10-13 10:00:00,Pregão - Eletrônico,Aberto,Divulgada no PNCP,False,https://pncp.gov.br/app/editais/13108089000156/2026/112,,SE,Material,True,False,1,Sem benefício,False
SE-7746F17D4CE7,Rodobens,045/2026,045,2026,112,SE,PREFEITURA MUNICIPAL DE SIMÃO DIAS,13108089000156,MUNICIPIO DE SIMAO DIAS,M,Simão Dias,1300495.45,,2026-09-28 12:25:25,2026-10-13 10:00:00,Pregão - Eletrônico,Aberto,Divulgada no PNCP,False,https://pncp.gov.br/app/editais/13108089000156/2026/112,,SE,Material,True,False,1,Sem benefício,False
BNC-5E9ACC24A2F2,Editais,000002/2026,000002,2026,1,Tocantins,FUNDO MUNICIPAL DE SAÚDE DE TALISMÃ/TO,13111001000155,FUNDO MUNICIPAL DE SAUDE DE TALISMA,M,Talismã,222339.0,,2026-08-31 16:27:06,2026-09-16 13:30:00,Pregão - Eletrônico,Aberto,Divulgada no PNCP,False,https://pncp.gov.br/app/editais/13111001000155/2026/1,https://bnccompras.com/Process/ProcessView?param1=[gkz]SjijTm1TS6TsycSgD821FZtAUCSOs2qqCW3r3ZW/_ZuLg934gi7jK_Ru11HUie8szY3U3ICgHzGKOTiJOO3MUCNz3q5oIfUPAJ6FdJhbbK4=,BNC Compras,Serviço,False,True,8,Sem benefício,False
BNC-C81278AE6F37,Editais,000001/2026,000001,2026,2,Tocantins,FUNDO MUNICIPAL DE SAÚDE DE TALISMÃ/TO,13111001000155,FUNDO MUNICIPAL DE SAUDE DE TALISMA,M,Talismã,171101.5,,2026-08-31 16:29:36,2026-09-16 09:30:00,Pregão - Eletrônico,Aberto,Divulgada no PNCP,False,https://pncp.gov.br/app/editais/13111001000155/2026/2,https://bnccompras.com/Process/ProcessView?param1=[gkz]jDkihKNUWcMksKDiwCOlvo/QwvZZH9_YpQddJjj4RfkhnfiM7yIXoCn5PMWLhcNscsWrk5PB3a3QGYfrl4xbpOig14o3Ob1vzL9QdVDlkXQ=,BNC Compras,Serviço,False,True,9,Sem benefício,False
SE-FA64E9BAA9F0,Divena,56/2026,56,2026,71,Sergipe,"SEPLOG-Secretaria Municipal do Planejamento, Orçamento e Gestão de Aracaju-SE",13128780004431,MUNICIPIO DE ARACAJU,M,Aracaju,39372000.12,,2026-07-22 12:36:49,2026-09-15 09:00:00,Pregão - Eletrônico,Aberto,Divulgada no PNCP,False,https://pncp.gov.br/app/editais/13128780004431/2026/71,https://aracajucompras.se.gov.br/publico/WKF.aspx?code=SEPLOG-PE0056/2026&validation=55714,SE,Material,True,False,1,Não se aplica,True
SE-FA64E9BAA9F0,Mercedes,56/2026,56,2026,71,Sergipe,"SEPLOG-Secretaria Municipal do Planejamento, Orçamento e Gestão de Aracaju-SE",13128780004431,MUNICIPIO DE ARACAJU,M,Aracaju,39372000.12,,2026-07-22 12:36:49,2026-09-15 09:00:00,Pregão - Eletrônico,Aberto,Divulgada no PNCP,False,https://pncp.gov.br/app/editais/13128780004431/2026/71,https://aracajucompras.se.gov.br/publico/WKF.aspx?code=SEPLOG-PE0056/2026&validation=55714,SE,Material,True,False,1,Não se aplica,True
SE-FA64E9BAA9F0,Rodobens,56/2026,56,2026,71,Sergipe,"SEPLOG-Secretaria Municipal do Planejamento, Orçamento e Gestão de Aracaju-SE",13128780004431,MUNICIPIO DE ARACAJU,M,Aracaju,39372000.12,,2026-07-22 12:36:49,2026-09-15 09:00:00,Pregão - Eletrônico,Aberto,Divulgada no PNCP,False,https://pncp.gov.br/app/editais/13128780004431/2026/71,https://aracajucompras.se.gov.br/publico/WKF.aspx?code=SEPLOG-PE0056/2026&validation=55714,SE,Material,True,False,1,Não se aplica,True
BANR-6C2B58B5000F,Air Liquide,0135/2026,0135,2026,156,Rio Grande do Sul,FUNDAÇÃO DE SAÚDE SAPUCAIA DO SUL,13183513000127,FUNDACAO DE SAUDE SAPUCAIA DO SUL,M,Sapucaia do Sul,0.0,,2026-08-26 00:01:42,2026-10-02 08:30:00,Pregão - Eletrônico,Aberto,Divulgada no PNCP,True,https://pncp.gov.br/app/editais/13183513000127/2026/156,https://pregaobanrisul.com.br/editais/0135_2026/355803,Banrisul,Material,True,False,10,Sem benefício,False
BANR-8F2156319F72,Gases medicinais,0152/2026,0152,2026,167,Rio Grande do Sul,FUNDAÇÃO DE SAÚDE SAPUCAIA DO SUL,13183513000127,FUNDACAO DE SAUDE SAPUCAIA DO SUL,M,Sapucaia do Sul,0.0,,2026-09-14 00:00:58,2026-09-28 08:59:00,Pregão - Eletrônico,Aberto,Divulgada no PNCP,False,https://pncp.gov.br/app/editais/13183513000127/2026/167,https://pregaobanrisul.com.br/editais/0152_2026/356721,Banrisul,Serviço,False,True,1,Sem benefício,False
BBNEW-9B8DC4995671,Mercedes,SP114/2026/2026,SP114/2026,2026,212,Bahia,EMPRESA BAIANA DE AGUAS E SANEAMENTO S/A - EMBASA,13504675000110,EMPRESA BAIANA DE AGUAS E SANEAMENTO S/A - EMBASA,N,Salvador,0.0,,2026-07-29 18:30:50,2026-08-31 08:30:00,Pregão - Eletrônico,Aberto,Suspensa,False,https://pncp.gov.br/app/editais/13504675000110/2026/212,https://licitacoes-e2.bb.com.br/aop-inter-estatico/visualizar-processo-publico/1097583,Novo Banco do Brasil,Material,True,False,1,Não se aplica,True
BBNEW-9B8DC4995671,Divena,SP114/2026/2026,SP114/2026,2026,212,Bahia,EMPRESA BAIANA DE AGUAS E SANEAMENTO S/A - EMBASA,13504675000110,EMPRESA BAIANA DE AGUAS E SANEAMENTO S/A - EMBASA,N,Salvador,0.0,,2026-07-29 18:30:50,2026-08-31 08:30:00,Pregão - Eletrônico,Aberto,Suspensa,False,https://pncp.gov.br/app/editais/13504675000110/2026/212,https://licitacoes-e2.bb.com.br/aop-inter-estatico/visualizar-processo-publico/1097583,Novo Banco do Brasil,Material,True,False,1,Não se aplica,True
BBNEW-9B8DC4995671,Rodobens,SP114/2026/2026,SP114/2026,2026,212,Bahia,EMPRESA BAIANA DE AGUAS E SANEAMENTO S/A - EMBASA,13504675000110,EMPRESA BAIANA DE AGUAS E SANEAMENTO S/A - EMBASA,N,Salvador,0.0,,2026-07-29 18:30:50,2026-08-31 08:30:00,Pregão - Eletrônico,Aberto,Suspensa,False,https://pncp.gov.br/app/editais/13504675000110/2026/212,https://licitacoes-e2.bb.com.br/aop-inter-estatico/visualizar-processo-publico/1097583,Novo Banco do Brasil,Material,True,False,1,Não se aplica,True
BBNEW-33E62350C877,Hexis,SP136/2026/2026,SP136/2026,2026,243,Bahia,EMPRESA BAIANA DE AGUAS E SANEAMENTO S/A - EMBASA,13504675000110,EMPRESA BAIANA DE AGUAS E SANEAMENTO S/A - EMBASA,N,Salvador,0.0,,2026-08-17 18:31:13,2026-09-01 08:30:00,Pregão - Eletrônico,Aberto,Divulgada no PNCP,True,https://pncp.gov.br/app/editais/13504675000110/2026/243,https://licitacoes-e2.bb.com.br/aop-inter-estatico/visualizar-processo-publico/1098593,Novo Banco do Brasil,Material,True,False,10,Não se aplica; Participação exclusiva para ME/EPP,True
BBNEW-3A70248A631D,Mercedes,SP125/26/2026,SP125/26,2026,248,Bahia,EMPRESA BAIANA DE AGUAS E SANEAMENTO S/A - EMBASA,13504675000110,EMPRESA BAIANA DE AGUAS E SANEAMENTO S/A - EMBASA,N,Salvador,0.0,,2026-08-17 18:32:03,2026-09-11 09:30:00,Pregão - Eletrônico,Aberto,Suspensa,False,https://pncp.gov.br/app/editais/13504675000110/2026/248,https://licitacoes-e2.bb.com.br/aop-inter-estatico/visualizar-processo-publico/1098919,Novo Banco do Brasil,Material,True,False,1,Sem benefício,False
BBNEW-3A70248A631D,Divena,SP125/26/2026,SP125/26,2026,248,Bahia,EMPRESA BAIANA DE AGUAS E SANEAMENTO S/A - EMBASA,13504675000110,EMPRESA BAIANA DE AGUAS E SANEAMENTO S/A - EMBASA,N,Salvador,0.0,,2026-08-17 18:32:03,2026-09-11 09:30:00,Pregão - Eletrônico,Aberto,Suspensa,False,https://pncp.gov.br/app/editais/13504675000110/2026/248,https://licitacoes-e2.bb.com.br/aop-inter-estatico/visualizar-processo-publico/1098919,Novo Banco do Brasil,Material,True,False,1,Sem benefício,False
BBNEW-3A70248A631D,Rodobens,SP125/26/2026,SP125/26,2026,248,Bahia,EMPRESA BAIANA DE AGUAS E SANEAMENTO S/A - EMBASA,13504675000110,EMPRESA BAIANA DE AGUAS E SANEAMENTO S/A - EMBASA,N,Salvador,0.0,,2026-08-17 18:32:03,2026-09-11 09:30:00,Pregão - Eletrônico,Aberto,Suspensa,False,https://pncp.gov.br/app/editais/13504675000110/2026/248,https://licitacoes-e2.bb.com.br/aop-inter-estatico/visualizar-processo-publico/1098919,Novo Banco do Brasil,Material,True,False,1,Sem benefício,False
BBNEW-B024BFF3C4FE,Setti,SP165/2026/2026,SP165/2026,2026,285,Bahia,EMPRESA BAIANA DE AGUAS E SANEAMENTO S/A - EMBASA,13504675000110,EMPRESA BAIANA DE AGUAS E SANEAMENTO S/A - EMBASA,N,Salvador,0.0,,2026-09-09 18:31:57,2026-10-01 09:30:00,Pregão - Eletrônico,Aberto,Divulgada no PNCP,False,https://pncp.gov.br/app/editais/13504675000110/2026/285,https://licitacoes-e2.bb.com.br/aop-inter-estatico/visualizar-processo-publico/1100359,Novo Banco do Brasil,Serviço,False,True,1,Não se aplica,True
COMPRASGOV-BC6CA16998E5,GCT,17/2026,17,2026,156,BA,PREFEITURA MUNICIPAL DE UNA - BA,13672605000170,MUNICIPIO DE UNA,M,Una,99217.0,,2026-09-18 17:17:53,2026-10-01 09:29:00,Pregão - Eletrônico,Aberto-Fechado,Divulgada no PNCP,True,https://pncp.gov.br/app/editais/13672605000170/2026/156,https://cnetmobile.estaleiro.serpro.gov.br/comprasnet-web/public/compras/acompanhamento-compra?compra=98394905000172026,ComprasGov,Material,True,False,10,Sem benefício,False
BNC-8D547C04D54F,Setti,040/2026,040,2026,51,Bahia,TANHACU,13676309000148,MUNICIPIO DE TANHACU,M,Tanhaçu,428860.34,,2026-09-03 17:07:06,2026-09-21 08:00:00,Pregão - Eletrônico,Aberto,Divulgada no PNCP,False,https://pncp.gov.br/app/editais/13676309000148/2026/51,https://bnccompras.com/Process/ProcessView?param1=[gkz]iqyOXy1XkmV9quww0NyUTLI8UXFOZLOo51EJeIlI73H1bY0qETvZwdhQFPcNRrjYZKv1nu5HBm4rPHNJgxN2IH_FYjsIej0CdX9nwLInfXI=,BNC Compras,Material,True,False,5,Sem benefício,False
COMPRASGOV-1601002EF4ED,Editais,1/2026,1,2026,11,PR,MPR-CONSÓRCIO INTERMUNICIPAL SAÚDE LITORAL,13681884000139,CONSORCIO INTERMUNICIPAL DE SAUDE DO LITORAL DO PARANA - CISLIPA,N,Paranaguá,178001.8,,2026-09-15 19:23:33,2026-10-02 09:59:00,Pregão - Eletrônico,Aberto,Divulgada no PNCP,True,https://pncp.gov.br/app/editais/13681884000139/2026/11,https://cnetmobile.estaleiro.serpro.gov.br/comprasnet-web/public/compras/acompanhamento-compra?compra=93011405000012026,ComprasGov,Misto,True,True,4,Não se aplica,True
LICITANET-73D7E8E164D6,Hexis,025/2026,025,2026,39,Bahia,MUNICÍPIO DE ACAJUTIBA/BA,13696521000177,MUNICIPIO DE ACAJUTIBA,M,Acajutiba,0.0,,2026-09-08 21:10:38,2026-09-23 09:30:00,Pregão - Eletrônico,Aberto-Fechado,Divulgada no PNCP,False,https://pncp.gov.br/app/editais/13696521000177/2026/39,https://licitanet.com.br/sessao/200755,Licitanet,Material,True,False,10,Sem benefício,False
BLL-158A486AD9A4,Divena,PE 015/2026,PE 015,2026,134,Bahia,COMISSAO DE LICITACOES,13719646000175,MUNICIPIO DE ITABERABA,M,Itaberaba,11571015.0,,2026-07-23 10:35:43,2026-08-27 09:00:00,Pregão - Eletrônico,Aberto,Divulgada no PNCP,True,https://pncp.gov.br/app/editais/13719646000175/2026/134,https://bllcompras.com/Process/ProcessView?param1=[gkz]cXM2M1XTkBZxOhjDXwRVOP9hA9p/EaYj1LJYD5CxhEpIopfQ_6R7/aTONeQmC1Tp4N5QxmQkNhM1IakDZsS4uszonxLC_tblRaKGXixIUwk=,BLL Compras,Material,True,False,10,Sem benefício,False
BLL-158A486AD9A4,Cabala,PE 015/2026,PE 015,2026,134,Bahia,COMISSAO DE LICITACOES,13719646000175,MUNICIPIO DE ITABERABA,M,Itaberaba,11571015.0,,2026-07-23 10:35:43,2026-08-27 09:00:00,Pregão - Eletrônico,Aberto,Divulgada no PNCP,True,https://pncp.gov.br/app/editais/13719646000175/2026/134,https://bllcompras.com/Process/ProcessView?param1=[gkz]cXM2M1XTkBZxOhjDXwRVOP9hA9p/EaYj1LJYD5CxhEpIopfQ_6R7/aTONeQmC1Tp4N5QxmQkNhM1IakDZsS4uszonxLC_tblRaKGXixIUwk=,BLL Compras,Material,True,False,10,Sem benefício,False
BBNEW-4EAA865CCAC2,Divena,PE7-2026/2026,PE7-2026,2026,53,Bahia,PREFEITURA MUNICIPAL DE MUCURI,13761705000173,MUNICIPIO DE MUCURI,M,Mucuri,803940.0,,2026-08-18 18:30:08,2026-08-28 09:05:00,Pregão - Eletrônico,Aberto-Fechado,Divulgada no PNCP,True,https://pncp.gov.br/app/editais/13761705000173/2026/53,https://licitacoes-e2.bb.com.br/aop-inter-estatico/visualizar-processo-publico/1096371,Novo Banco do Brasil,Material,True,False,1,Não se aplica,True
BBNEW-4EAA865CCAC2,Cabala,PE7-2026/2026,PE7-2026,2026,53,Bahia,PREFEITURA MUNICIPAL DE MUCURI,13761705000173,MUNICIPIO DE MUCURI,M,Mucuri,803940.0,,2026-08-18 18:30:08,2026-08-28 09:05:00,Pregão - Eletrônico,Aberto-Fechado,Divulgada no PNCP,True,https://pncp.gov.br/app/editais/13761705000173/2026/53,https://licitacoes-e2.bb.com.br/aop-inter-estatico/visualizar-processo-publico/1096371,Novo Banco do Brasil,Material,True,False,1,Não se aplica,True
BBNEW-68762CE29E8E,Divena,PE17-2026/2026,PE17-2026,2026,55,Bahia,PREFEITURA MUNICIPAL DE MUCURI,13761705000173,MUNICIPIO DE MUCURI,M,Mucuri,804862.5,,2026-09-24 18:35:15,2026-10-07 09:05:00,Pregão - Eletrônico,Aberto-Fechado,Divulgada no PNCP,False,https://pncp.gov.br/app/editais/13761705000173/2026/55,https://licitacoes-e2.bb.com.br/aop-inter-estatico/visualizar-processo-publico/1101070,Novo Banco do Brasil,Material,True,False,1,Não se aplica,True
BBNEW-68762CE29E8E,Cabala,PE17-2026/2026,PE17-2026,2026,55,Bahia,PREFEITURA MUNICIPAL DE MUCURI,13761705000173,MUNICIPIO DE MUCURI,M,Mucuri,804862.5,,2026-09-24 18:35:15,2026-10-07 09:05:00,Pregão - Eletrônico,Aberto-Fechado,Divulgada no PNCP,False,https://pncp.gov.br/app/editais/13761705000173/2026/55,https://licitacoes-e2.bb.com.br/aop-inter-estatico/visualizar-processo-publico/1101070,Novo Banco do Brasil,Material,True,False,1,Não se aplica,True
LICITANET-B72E7B031BAE,Divena,022/2026,022,2026,35,BA,MUNICIPIO DE MACAUBAS/BA,13782461000105,MUNICIPIO DE MACAUBAS,M,Macaúbas,380455.42,,2026-08-25 08:30:43,2026-10-01 08:30:00,Pregão - Eletrônico,Aberto,Divulgada no PNCP,False,https://pncp.gov.br/app/editais/13782461000105/2026/35,https://licitanet.com.br/sessao/198877,Licitanet,Material,True,False,1,Sem benefício,False
LICITANET-B72E7B031BAE,Cabala,022/2026,022,2026,35,BA,MUNICIPIO DE MACAUBAS/BA,13782461000105,MUNICIPIO DE MACAUBAS,M,Macaúbas,380455.42,,2026-08-25 08:30:43,2026-10-01 08:30:00,Pregão - Eletrônico,Aberto,Divulgada no PNCP,False,https://pncp.gov.br/app/editais/13782461000105/2026/35,https://licitanet.com.br/sessao/198877,Licitanet,Material,True,False,1,Sem benefício,False
LICITANET-B72E7B031BAE,Rodobens,022/2026,022,2026,35,BA,MUNICIPIO DE MACAUBAS/BA,13782461000105,MUNICIPIO DE MACAUBAS,M,Macaúbas,380455.42,,2026-08-25 08:30:43,2026-10-01 08:30:00,Pregão - Eletrônico,Aberto,Divulgada no PNCP,False,https://pncp.gov.br/app/editais/13782461000105/2026/35,https://licitanet.com.br/sessao/198877,Licitanet,Material,True,False,1,Sem benefício,False
BNC-2B80FE798C25,Air Liquide,P.E 021/2026,P.E 021,2026,77,Bahia,PREFEITURA MUNICIPAL DE IBIRAPITANGA - BA,13846753000164,MUNICIPIO DE IBIRAPITANGA,M,Ibirapitanga,0.0,,2026-08-11 23:29:38,2026-08-25 08:00:00,Pregão - Eletrônico,Aberto-Fechado,Divulgada no PNCP,False,https://pncp.gov.br/app/editais/13846753000164/2026/77,https://bnccompras.com/Process/ProcessView?param1=[gkz]_Y/QoE19bqFD3Cgse4MCf9TxLzVA77_EwEWrqEmzjYDK3fnUmXpMnmSd03OGC7ekHPwsWbfe4amK4jl3pVIwnq5JYvYT9gqCduSggL4F9x0=,BNC Compras,Serviço,False,True,1,Sem benefício,False
LICITANET-C42EAB6C31A0,Air Liquide,26/2026,26,2026,4,Goiás,FUNDO MUNICIPAL DE SAUDE DE BRAZABRANTES - GO,13902557000160,FUNDO MUNICIPAL DE SAUDE DE BRAZABRANTES,M,Brazabrantes,36820.1,,2026-09-08 22:04:34,2026-10-02 09:00:00,Pregão - Eletrônico,Aberto,Divulgada no PNCP,False,https://pncp.gov.br/app/editais/13902557000160/2026/4,https://licitanet.com.br/sessao/200272,Licitanet,Material,True,False,8,Participação exclusiva para ME/EPP,True
BLL-4236255A0D6A,Air Liquide,PE025/2026,PE025,2026,97,Bahia,PREFEITURA MUNICIPAL DE ENCRUZILHADA - BA,13907373000192,MUNICIPIO DE ENCRUZILHADA,M,Encruzilhada,477222.9,,2026-09-14 10:12:26,2026-09-25 09:30:00,Pregão - Eletrônico,Aberto,Divulgada no PNCP,True,https://pncp.gov.br/app/editais/13907373000192/2026/97,https://bllcompras.com/Process/ProcessView?param1=[gkz]7LwslIQCb4fGzXYioKsTfyXF2zfueYFW28DeBWHba6YB39KK0Z3k4WiapNzAxVxfXLLvPGjCPzRnqmtv1wmVB_yhIkH4rOVxL_5K6KrA6hs=,BLL Compras,Material,True,False,3,Sem benefício,False
BA-DAFEEEDB10D6,Divena,PE029/2026,PE029,2026,118,Bahia,DEPARTAMENTO DE EDUCAÇÃO,13908702000110,MUNICIPIO DE CAMPO FORMOSO,M,Campo Formoso,1754635.24,,2026-07-22 14:55:17,2026-08-31 09:00:00,Pregão - Eletrônico,Aberto,Divulgada no PNCP,False,https://pncp.gov.br/app/editais/13908702000110/2026/118,https://emunicipio.com.br/pmcf/modalidade/index.php,BA,Material,True,False,2,Sem benefício,False
BA-DAFEEEDB10D6,Cabala,PE029/2026,PE029,2026,118,Bahia,DEPARTAMENTO DE EDUCAÇÃO,13908702000110,MUNICIPIO DE CAMPO FORMOSO,M,Campo Formoso,1754635.24,,2026-07-22 14:55:17,2026-08-31 09:00:00,Pregão - Eletrônico,Aberto,Divulgada no PNCP,False,https://pncp.gov.br/app/editais/13908702000110/2026/118,https://emunicipio.com.br/pmcf/modalidade/index.php,BA,Material,True,False,2,Sem benefício,False
BA-DAFEEEDB10D6,Mercedes,PE029/2026,PE029,2026,118,Bahia,DEPARTAMENTO DE EDUCAÇÃO,13908702000110,MUNICIPIO DE CAMPO FORMOSO,M,Campo Formoso,1754635.24,,2026-07-22 14:55:17,2026-08-31 09:00:00,Pregão - Eletrônico,Aberto,Divulgada no PNCP,False,https://pncp.gov.br/app/editais/13908702000110/2026/118,https://emunicipio.com.br/pmcf/modalidade/index.php,BA,Material,True,False,2,Sem benefício,False
BNC-60D928F2E9D0,Air Liquide,37/2026,37,2026,125,Bahia,PREFEITURA DE MARACAS,13910203000167,MUNICIPIO DE MARACAS,M,Maracás,653366.2,,2026-08-26 22:42:28,2026-09-11 00:00:00,Pregão - Eletrônico,Aberto-Fechado,Divulgada no PNCP,False,https://pncp.gov.br/app/editais/13910203000167/2026/125,https://bnccompras.com/Process/ProcessView?param1=[gkz]xH4M/RvQ04jsKNeKs/jSu4TC0Q/68l83JPI08z2CHRq_6DBny3VqaQ2lOz4C62Kn/R9ouBxiX6GXUVb6SCuiorpYIv5QwB1rdYblWo5/oSk=,BNC Compras,Material,True,False,10,Sem benefício,False
BBNEW-0E41B51EB9DC,Divena,002/2026/2026,002/2026,2026,177,Bahia,SEMOB SECRETARIA MUNICIPAL DE MOBILIDADE,13927801000149,MUNICIPIO DE SALVADOR,M,Salvador,166500000.0,,2026-07-22 18:32:37,2026-09-23 09:59:50,Pregão - Eletrônico,Aberto-Fechado,Divulgada no PNCP,True,https://pncp.gov.br/app/editais/13927801000149/2026/177,https://licitacoes-e2.bb.com.br/aop-inter-estatico/visualizar-processo-publico/1097383,Novo Banco do Brasil,Material,True,False,3,Sem benefício,False
BBNEW-0E41B51EB9DC,Mercedes,002/2026/2026,002/2026,2026,177,Bahia,SEMOB SECRETARIA MUNICIPAL DE MOBILIDADE,13927801000149,MUNICIPIO DE SALVADOR,M,Salvador,166500000.0,,2026-07-22 18:32:37,2026-09-23 09:59:50,Pregão - Eletrônico,Aberto-Fechado,Divulgada no PNCP,True,https://pncp.gov.br/app/editais/13927801000149/2026/177,https://licitacoes-e2.bb.com.br/aop-inter-estatico/visualizar-processo-publico/1097383,Novo Banco do Brasil,Material,True,False,3,Sem benefício,False
BBNEW-0E41B51EB9DC,Rodobens,002/2026/2026,002/2026,2026,177,Bahia,SEMOB SECRETARIA MUNICIPAL DE MOBILIDADE,13927801000149,MUNICIPIO DE SALVADOR,M,Salvador,166500000.0,,2026-07-22 18:32:37,2026-09-23 09:59:50,Pregão - Eletrônico,Aberto-Fechado,Divulgada no PNCP,True,https://pncp.gov.br/app/editais/13927801000149/2026/177,https://licitacoes-e2.bb.com.br/aop-inter-estatico/visualizar-processo-publico/1097383,Novo Banco do Brasil,Material,True,False,3,Sem benefício,False
BBNEW-45994DEB893D,Air Liquide,PE012.2026/2026,PE012.2026,2026,2218,Bahia,FESBA - FUNDO ESTADUAL DE SAUDE DO ESTADO DA BAHIA,13937032000160,ESTADO DA BAHIA,E,Salvador,57639.5,,2026-08-13 18:30:25,2026-08-27 09:30:00,Pregão - Eletrônico,Aberto,Divulgada no PNCP,False,https://pncp.gov.br/app/editais/13937032000160/2026/2218,https://licitacoes-e2.bb.com.br/aop-inter-estatico/visualizar-processo-publico/1098051,Novo Banco do Brasil,Material,True,False,7,Participação exclusiva para ME/EPP,True
BBNEW-FC592E417507,Air Liquide,DPT/022/26/2026,DPT/022/26,2026,2394,Bahia,FESBA - FUNDO ESTADUAL DE SAUDE DO ESTADO DA BAHIA,13937032000160,ESTADO DA BAHIA,E,Salvador,1397405.6,,2026-08-28 18:30:42,2026-09-11 10:00:00,Pregão - Eletrônico,Aberto,Divulgada no PNCP,False,https://pncp.gov.br/app/editais/13937032000160/2026/2394,https://licitacoes-e2.bb.com.br/aop-inter-estatico/visualizar-processo-publico/1099606,Novo Banco do Brasil,Material,True,False,6,Não se aplica,True
BA-F184EF8AE3C4,Mercedes,058/2026,058,2026,173,BA,SECRETARIA MUNICIPAL DE EDUCAÇÃO,13988308000139,MUNICIPIO DE SENHOR DO BONFIM,M,Senhor do Bonfim,0.0,,2026-09-23 12:05:00,2026-10-08 09:00:00,Pregão - Eletrônico,Aberto,Divulgada no PNCP,True,https://pncp.gov.br/app/editais/13988308000139/2026/173,https://emunicipio.com.br/pmsb/modalidade/index.php,BA,Material,True,False,1,Não se aplica,True
BA-F184EF8AE3C4,Divena,058/2026,058,2026,173,BA,SECRETARIA MUNICIPAL DE EDUCAÇÃO,13988308000139,MUNICIPIO DE SENHOR DO BONFIM,M,Senhor do Bonfim,0.0,,2026-09-23 12:05:00,2026-10-08 09:00:00,Pregão - Eletrônico,Aberto,Divulgada no PNCP,True,https://pncp.gov.br/app/editais/13988308000139/2026/173,https://emunicipio.com.br/pmsb/modalidade/index.php,BA,Material,True,False,1,Não se aplica,True
BA-F184EF8AE3C4,Rodobens,058/2026,058,2026,173,BA,SECRETARIA MUNICIPAL DE EDUCAÇÃO,13988308000139,MUNICIPIO DE SENHOR DO BONFIM,M,Senhor do Bonfim,0.0,,2026-09-23 12:05:00,2026-10-08 09:00:00,Pregão - Eletrônico,Aberto,Divulgada no PNCP,True,https://pncp.gov.br/app/editais/13988308000139/2026/173,https://emunicipio.com.br/pmsb/modalidade/index.php,BA,Material,True,False,1,Não se aplica,True
BBNEW-916C6A6B1188,Starmac,024Pe/2026/2026,024Pe/2026,2026,120,BA,ADMINISTRAçãO,14060602000149,MUNICIPIO DE SAO GONCALO DOS CAMPOS,M,São Gonçalo dos Campos,95751.41,,2026-09-28 18:50:09,2026-10-09 08:00:00,Pregão - Eletrônico,Aberto-Fechado,Divulgada no PNCP,False,https://pncp.gov.br/app/editais/14060602000149/2026/120,https://licitacoes-e2.bb.com.br/aop-inter-estatico/visualizar-processo-publico/1101505,Novo Banco do Brasil,Material,True,False,10,Não se aplica,True
BNC-617F54A669D0,Rodobens,042/2026,042,2026,133,Bahia,Prefeitura Municipal de Bom Jesus da Lapa,14105183000114,MUNICIPIO DE BOM JESUS DA LAPA,M,Bom Jesus da Lapa,1439331.33,,2026-09-11 08:39:25,2026-09-22 07:00:00,Pregão - Eletrônico,Aberto-Fechado,Divulgada no PNCP,False,https://pncp.gov.br/app/editais/14105183000114/2026/133,https://bnccompras.com/Process/ProcessView?param1=[gkz]duUnaGfHjPYeXWuHKXHDypdg4_3JEmCvUz6YrvQVDEOgSLlioyK0kGd/LYPi/sjaEnnS1V0cLA3ZQzmO8tBTkogNSEeUcNVeC222hO5xg0Q=,BNC Compras,Material,True,False,2,Sem benefício,False
BNC-617F54A669D0,Divena,042/2026,042,2026,133,Bahia,Prefeitura Municipal de Bom Jesus da Lapa,14105183000114,MUNICIPIO DE BOM JESUS DA LAPA,M,Bom Jesus da Lapa,1439331.33,,2026-09-11 08:39:25,2026-09-22 07:00:00,Pregão - Eletrônico,Aberto-Fechado,Divulgada no PNCP,False,https://pncp.gov.br/app/editais/14105183000114/2026/133,https://bnccompras.com/Process/ProcessView?param1=[gkz]duUnaGfHjPYeXWuHKXHDypdg4_3JEmCvUz6YrvQVDEOgSLlioyK0kGd/LYPi/sjaEnnS1V0cLA3ZQzmO8tBTkogNSEeUcNVeC222hO5xg0Q=,BNC Compras,Material,True,False,2,Sem benefício,False
BNC-E1D2C769E8F0,Mercedes,048/2026,048,2026,138,Bahia,Prefeitura Municipal de Bom Jesus da Lapa,14105183000114,MUNICIPIO DE BOM JESUS DA LAPA,M,Bom Jesus da Lapa,957000.0,,2026-09-28 08:20:59,2026-10-08 09:00:00,Pregão - Eletrônico,Aberto-Fechado,Divulgada no PNCP,False,https://pncp.gov.br/app/editais/14105183000114/2026/138,https://bnccompras.com/Process/ProcessView?param1=[gkz]Wh2eCuasAKovrf8IxtUETOteWo6ofcSKPIc5MYcB0pS_IHJFaUoyPtO69S5g_PCVMeSGMZ/cm8v_qmeSMKYia3Gpde9JJ51eB3od2tTCf6s=,BNC Compras,Material,True,False,2,Sem benefício,False
BNC-E1D2C769E8F0,Divena,048/2026,048,2026,138,Bahia,Prefeitura Municipal de Bom Jesus da Lapa,14105183000114,MUNICIPIO DE BOM JESUS DA LAPA,M,Bom Jesus da Lapa,957000.0,,2026-09-28 08:20:59,2026-10-08 09:00:00,Pregão - Eletrônico,Aberto-Fechado,Divulgada no PNCP,False,https://pncp.gov.br/app/editais/14105183000114/2026/138,https://bnccompras.com/Process/ProcessView?param1=[gkz]Wh2eCuasAKovrf8IxtUETOteWo6ofcSKPIc5MYcB0pS_IHJFaUoyPtO69S5g_PCVMeSGMZ/cm8v_qmeSMKYia3Gpde9JJ51eB3od2tTCf6s=,BNC Compras,Material,True,False,2,Sem benefício,False
BNC-E1D2C769E8F0,Cabala,048/2026,048,2026,138,Bahia,Prefeitura Municipal de Bom Jesus da Lapa,14105183000114,MUNICIPIO DE BOM JESUS DA LAPA,M,Bom Jesus da Lapa,957000.0,,2026-09-28 08:20:59,2026-10-08 09:00:00,Pregão - Eletrônico,Aberto-Fechado,Divulgada no PNCP,False,https://pncp.gov.br/app/editais/14105183000114/2026/138,https://bnccompras.com/Process/ProcessView?param1=[gkz]Wh2eCuasAKovrf8IxtUETOteWo6ofcSKPIc5MYcB0pS_IHJFaUoyPtO69S5g_PCVMeSGMZ/cm8v_qmeSMKYia3Gpde9JJ51eB3od2tTCf6s=,BNC Compras,Material,True,False,2,Sem benefício,False
COMPRASGOV-D5471D2AA497,Divena,71/2026,71,2026,228,Bahia,PREFEITURA MUNICIPAL DE PAULO AFONSO - BA,14217327000124,MUNICIPIO DE PAULO AFONSO,M,Paulo Afonso,931780.0,,2026-08-28 12:59:48,2026-09-17 08:00:00,Pregão - Eletrônico,Aberto,Divulgada no PNCP,False,https://pncp.gov.br/app/editais/14217327000124/2026/228,https://cnetmobile.estaleiro.serpro.gov.br/comprasnet-web/public/compras/acompanhamento-compra?compra=98378105000712026,ComprasGov,Material,True,False,1,Sem benefício,False
COMPRASGOV-D5471D2AA497,Cabala,71/2026,71,2026,228,Bahia,PREFEITURA MUNICIPAL DE PAULO AFONSO - BA,14217327000124,MUNICIPIO DE PAULO AFONSO,M,Paulo Afonso,931780.0,,2026-08-28 12:59:48,2026-09-17 08:00:00,Pregão - Eletrônico,Aberto,Divulgada no PNCP,False,https://pncp.gov.br/app/editais/14217327000124/2026/228,https://cnetmobile.estaleiro.serpro.gov.br/comprasnet-web/public/compras/acompanhamento-compra?compra=98378105000712026,ComprasGov,Material,True,False,1,Sem benefício,False
LICITANET-6CF04365A13A,Air Liquide,026/2026,026,2026,42,BA,MUNICÍPIO DE RODELAS/BA,14217350000119,MUNICIPIO DE RODELAS,M,Rodelas,767304.14,,2026-09-23 11:47:53,2026-10-05 08:00:00,Pregão - Eletrônico,Aberto,Divulgada no PNCP,False,https://pncp.gov.br/app/editais/14217350000119/2026/42,https://licitanet.com.br/sessao/202501,Licitanet,Material,True,False,8,Sem benefício,False
SC-01D7FB94F815,Air Liquide,PE 27/2026,PE 27,2026,28,Santa Catarina,FUNDO MUNICIPAL DE SAÚDE DE CELSO RAMOS,14608771000170,FUNDO MUNICIPAL DE SAUDE DE CELSO RAMOS,M,Celso Ramos,111441.0,,2026-09-15 14:56:23,2026-09-28 12:59:00,Pregão - Eletrônico,Aberto,Divulgada no PNCP,True,https://pncp.gov.br/app/editais/14608771000170/2026/28,,SC,Material,True,False,4,Sem benefício,False
SC-8935C43D76BC,Air Liquide,PCE 24/2026,PCE 24,2026,54,Santa Catarina,CVC - Consorcio Intermunicipal Velho Coronel - CVC,14688861000119,CONSORCIO INTERMUNICIPAL VELHO CORONEL - CVC,N,Coronel Freitas,2890809.16,,2026-08-18 10:51:03,2026-09-02 08:00:00,Pregão - Eletrônico,Aberto,Divulgada no PNCP,True,https://pncp.gov.br/app/editais/14688861000119/2026/54,,SC,Material,True,False,7,Sem benefício,False
PCP-6B038EC7A1C5,Air Liquide,47/2026,47,2026,171,MT,Departamento de Licitações,15024003000132,MUNICIPIO DE SINOP,M,Sinop,1294466.01,,2026-09-21 14:08:30,2026-10-05 09:00:00,Pregão - Eletrônico,Aberto,Divulgada no PNCP,False,https://pncp.gov.br/app/editais/15024003000132/2026/171,https://www.portaldecompraspublicas.com.br/processos/MT/Prefeitura-Municipal-de-Sinop-267/PE-47-2026-2026-512742,Portal de Compras Públicas,Material,True,False,10,Sem benefício,False
LICITANET-91F7C6AC5329,Air Liquide,39/2026,39,2026,83,Mato Grosso,MUNICÍPIO DE SÃO JOSÉ DOS QUATRO MARCOS/MT,15024029000180,MUNICIPIO DE SAO JOSE DOS QUATRO MARCOS,M,São José dos Quatro Marcos,249131.5,,2026-08-11 14:13:20,2026-09-15 09:00:00,Pregão - Eletrônico,Aberto,Divulgada no PNCP,True,https://pncp.gov.br/app/editais/15024029000180/2026/83,https://licitanet.com.br/sessao/197273,Licitanet,Material,True,False,4,Participação exclusiva para ME/EPP; Sem benefício,True
COMPRASGOV-534D119E1E31,Hexis,36/2026,36,2026,3402,Rio Grande do Norte,HOSPITAL UNIVERSITÁRIO ONOFRE LOPES,15126437000305,EMPRESA BRASILEIRA DE SERVICOS HOSPITALARES - EBSERH,N,Natal,0.0,,2026-08-26 04:03:14,2026-09-18 09:00:00,Pregão - Eletrônico,Aberto,Divulgada no PNCP,True,https://pncp.gov.br/app/editais/15126437000305/2026/3402,https://cnetmobile.estaleiro.serpro.gov.br/comprasnet-web/public/compras/acompanhamento-compra?compra=15501305000362026,ComprasGov,Material,True,False,10,Sem benefício,False
COMPRASGOV-7D20ADE59C8B,Hexis,51/2026,51,2026,3459,Rio Grande do Norte,HOSPITAL UNIVERSITÁRIO ONOFRE LOPES,15126437000305,EMPRESA BRASILEIRA DE SERVICOS HOSPITALARES - EBSERH,N,Natal,0.0,,2026-08-28 04:00:23,2026-09-21 09:00:00,Pregão - Eletrônico,Aberto-Fechado,Divulgada no PNCP,False,https://pncp.gov.br/app/editais/15126437000305/2026/3459,https://cnetmobile.estaleiro.serpro.gov.br/comprasnet-web/public/compras/acompanhamento-compra?compra=15512605000512026,ComprasGov,Material,True,False,10,Sem benefício,False
COMPRASGOV-4FF91278B29B,Hexis,140/2026,140,2026,3555,Rio Grande do Norte,HOSPITAL UNIVERSITÁRIO ONOFRE LOPES,15126437000305,EMPRESA BRASILEIRA DE SERVICOS HOSPITALARES - EBSERH,N,Natal,0.0,,2026-09-03 04:00:20,2026-09-22 09:00:00,Pregão - Eletrônico,Aberto-Fechado,Divulgada no PNCP,True,https://pncp.gov.br/app/editais/15126437000305/2026/3555,https://cnetmobile.estaleiro.serpro.gov.br/comprasnet-web/public/compras/acompanhamento-compra?compra=15590405001402026,ComprasGov,Material,True,False,10,Participação exclusiva para ME/EPP; Sem benefício,True
COMPRASGOV-6E2F4679C057,Hexis,55/2026,55,2026,3614,Rio Grande do Norte,HOSPITAL UNIVERSITÁRIO ONOFRE LOPES,15126437000305,EMPRESA BRASILEIRA DE SERVICOS HOSPITALARES - EBSERH,N,Natal,0.0,,2026-09-09 04:03:02,2026-09-21 09:00:00,Pregão - Eletrônico,Aberto,Divulgada no PNCP,True,https://pncp.gov.br/app/editais/15126437000305/2026/3614,https://cnetmobile.estaleiro.serpro.gov.br/comprasnet-web/public/compras/acompanhamento-compra?compra=15501305000552026,ComprasGov,Material,True,False,10,Sem benefício,False
COMPRASGOV-444E860E156F,Air Liquide,26/2026,26,2026,3715,Rio Grande do Norte,HOSPITAL UNIVERSITÁRIO ONOFRE LOPES,15126437000305,EMPRESA BRASILEIRA DE SERVICOS HOSPITALARES - EBSERH,N,Natal,0.0,,2026-09-15 04:00:18,2026-09-30 15:00:00,Pregão - Eletrônico,Aberto,Divulgada no PNCP,False,https://pncp.gov.br/app/editais/15126437000305/2026/3715,https://cnetmobile.estaleiro.serpro.gov.br/comprasnet-web/public/compras/acompanhamento-compra?compra=15501605000262026,ComprasGov,Material,True,False,9,Sem benefício,False
COMPRASGOV-1DF31B388D0B,Air Liquide,62/2026,62,2026,3816,Rio Grande do Norte,HOSPITAL UNIVERSITÁRIO ONOFRE LOPES,15126437000305,EMPRESA BRASILEIRA DE SERVICOS HOSPITALARES - EBSERH,N,Natal,0.0,,2026-09-22 04:00:21,2026-10-02 09:00:00,Pregão - Eletrônico,Aberto,Divulgada no PNCP,False,https://pncp.gov.br/app/editais/15126437000305/2026/3816,https://cnetmobile.estaleiro.serpro.gov.br/comprasnet-web/public/compras/acompanhamento-compra?compra=15590305000622026,ComprasGov,Material,True,False,10,Sem benefício,False
COMPRASGOV-AF9A92D97882,Hexis,35/2026,35,2026,3952,Rio Grande do Norte,HOSPITAL UNIVERSITÁRIO ONOFRE LOPES,15126437000305,EMPRESA BRASILEIRA DE SERVICOS HOSPITALARES - EBSERH,N,Natal,0.0,,2026-09-29 04:03:48,2026-10-09 10:00:00,Pregão - Eletrônico,Aberto,Divulgada no PNCP,True,https://pncp.gov.br/app/editais/15126437000305/2026/3952,https://cnetmobile.estaleiro.serpro.gov.br/comprasnet-web/public/compras/acompanhamento-compra?compra=15501805000352026,ComprasGov,Material,True,False,1,Não se aplica,True
COMPRASGOV-49E983A76D9A,Hexis,96/2026,96,2026,175,Bahia,COMPLEXO HOSPITALAR E DE SAUDE DA UFBA,15180714000104,UNIVERSIDADE FEDERAL DA BAHIA,F,Salvador,350000.0,,2026-08-19 04:00:23,2026-09-15 09:00:00,Pregão - Eletrônico,Aberto-Fechado,Divulgada no PNCP,False,https://pncp.gov.br/app/editais/15180714000104/2026/175,https://cnetmobile.estaleiro.serpro.gov.br/comprasnet-web/public/compras/acompanhamento-compra?compra=15024705000962026,ComprasGov,Material,True,False,1,Sem benefício,False
COMPRASGOV-C8804A6A6C31,Hexis,140/2026,140,2026,226,Bahia,COMPLEXO HOSPITALAR E DE SAUDE DA UFBA,15180714000104,UNIVERSIDADE FEDERAL DA BAHIA,F,Salvador,687192.0,,2026-09-29 04:00:41,2026-10-09 09:00:00,Pregão - Eletrônico,Aberto-Fechado,Divulgada no PNCP,True,https://pncp.gov.br/app/editais/15180714000104/2026/226,https://cnetmobile.estaleiro.serpro.gov.br/comprasnet-web/public/compras/acompanhamento-compra?compra=15024705001402026,ComprasGov,Material,True,False,3,Sem benefício,False
PCP-51E06B0BA264,Divena,38/2026,38,2026,117,Mato Grosso do Sul,Comissão Permanente de Licitação,15389596000130,MUNICIPIO DE COSTA RICA,M,Costa Rica,920066.66,,2026-09-15 16:01:35,2026-09-28 08:29:00,Pregão - Eletrônico,Aberto-Fechado,Divulgada no PNCP,False,https://pncp.gov.br/app/editais/15389596000130/2026/117,https://www.portaldecompraspublicas.com.br/processos/MS/Prefeitura-Municipal-de-Costa-Rica-21/PE-38-2026-2026-511598,Portal de Compras Públicas,Material,True,False,1,Sem benefício,False
PCP-51E06B0BA264,Mercedes,38/2026,38,2026,117,Mato Grosso do Sul,Comissão Permanente de Licitação,15389596000130,MUNICIPIO DE COSTA RICA,M,Costa Rica,920066.66,,2026-09-15 16:01:35,2026-09-28 08:29:00,Pregão - Eletrônico,Aberto-Fechado,Divulgada no PNCP,False,https://pncp.gov.br/app/editais/15389596000130/2026/117,https://www.portaldecompraspublicas.com.br/processos/MS/Prefeitura-Municipal-de-Costa-Rica-21/PE-38-2026-2026-511598,Portal de Compras Públicas,Material,True,False,1,Sem benefício,False
COMPRASGOV-83FA5AB2BC46,Divena,42/2026,42,2026,21,MS,CONSELHO REG. DE ENGENHARIA E AGRONOMIA - MS,15417520000171,CONSELHO REGIONAL DE ENGENHARIA E AGRONOMIA DE MATO GROSSO DO SUL,F,Campo Grande,2936031.24,,2026-09-23 13:27:37,2026-10-07 08:59:00,Pregão - Eletrônico,Aberto,Divulgada no PNCP,True,https://pncp.gov.br/app/editais/15417520000171/2026/21,https://cnetmobile.estaleiro.serpro.gov.br/comprasnet-web/public/compras/acompanhamento-compra?compra=38908605000422026,ComprasGov,Material,True,False,4,Sem benefício,False
COMPRASGOV-83FA5AB2BC46,Cabala,42/2026,42,2026,21,MS,CONSELHO REG. DE ENGENHARIA E AGRONOMIA - MS,15417520000171,CONSELHO REGIONAL DE ENGENHARIA E AGRONOMIA DE MATO GROSSO DO SUL,F,Campo Grande,2936031.24,,2026-09-23 13:27:37,2026-10-07 08:59:00,Pregão - Eletrônico,Aberto,Divulgada no PNCP,True,https://pncp.gov.br/app/editais/15417520000171/2026/21,https://cnetmobile.estaleiro.serpro.gov.br/comprasnet-web/public/compras/acompanhamento-compra?compra=38908605000422026,ComprasGov,Material,True,False,4,Sem benefício,False
COMPRASGOV-90F79722A694,Rodobens,6/2026,6,2026,44,Mato Grosso do Sul,MMS-PREFEITURA MUNICIPAL DE BODOQUENA,15465016000147,MUNICIPIO DE BODOQUENA,M,Bodoquena,562854.02,,2026-07-24 10:47:53,2026-09-23 08:59:00,Pregão - Eletrônico,Aberto,Divulgada no PNCP,False,https://pncp.gov.br/app/editais/15465016000147/2026/44,https://cnetmobile.estaleiro.serpro.gov.br/comprasnet-web/public/compras/acompanhamento-compra?compra=98980105000062026,ComprasGov,Material,True,False,1,Sem benefício,False
COMPRASGOV-0E6EB5A60EB9,GCT,54/2026,54,2026,60,RO,ERO-DEPARTAMENTO ESTADUAL DE TRÃNSITO,15883796000145,DEPARTAMENTO ESTADUAL DE TRANSITO,E,Porto Velho,866100.32,,2026-09-22 13:49:03,2026-10-13 10:00:00,Pregão - Eletrônico,Aberto,Divulgada no PNCP,False,https://pncp.gov.br/app/editais/15883796000145/2026/60,https://cnetmobile.estaleiro.serpro.gov.br/comprasnet-web/public/compras/acompanhamento-compra?compra=92600205000542026,ComprasGov,Material,True,False,9,Participação exclusiva para ME/EPP; Sem benefício,True
PCMG-58763CAA50D6,Hexis,584/2026,584,2026,932,MG,CSC-SAUDE/DS,16695025000197,POLICIA MILITAR DO ESTADO DE MINAS GERAIS,E,Belo Horizonte,0.0,,2026-09-24 15:54:58,2026-10-06 09:00:00,Pregão - Eletrônico,Aberto-Fechado,Divulgada no PNCP,False,https://pncp.gov.br/app/editais/16695025000197/2026/932,https://www1.compras.mg.gov.br/n/procedimentolei14133/consulta/eletronico/visualizar/2026/584/1255302,Portal de Compras MG,Material,True,False,10,Sem benefício,False
COMPRASGOV-D0E16A647DB2,Cabala,20/2026,20,2026,237,MG,PREFEITURA MUNICIPAL DE CONGONHAS - MG,16752446000102,MUNICIPIO DE CONGONHAS,M,Congonhas,344498.33,,2026-09-16 15:12:04,2026-09-30 08:00:00,Pregão - Eletrônico,Aberto-Fechado,Divulgada no PNCP,False,https://pncp.gov.br/app/editais/16752446000102/2026/237,https://cnetmobile.estaleiro.serpro.gov.br/comprasnet-web/public/compras/acompanhamento-compra?compra=98435905000202026,ComprasGov,Material,True,False,1,Sem benefício,False
AMM-35597E6286BF,Air Liquide,25/2026,25,2026,96,Minas Gerais,Unidade Única,16819831000120,MUNICIPIO DE NOVA ERA,M,Nova Era,0.0,,2026-08-21 10:20:32,2026-09-08 13:30:00,Pregão - Eletrônico,Aberto,Divulgada no PNCP,False,https://pncp.gov.br/app/editais/16819831000120/2026/96,https://app2.ammlicita.org.br/pesquisa/111197,AMM Licita,Material,True,False,2,Participação exclusiva para ME/EPP; Sem benefício,True
MG-3A6C64D41467,Divena,PRE 49/2026,PRE 49,2026,151,MG,Sec. Municipal de Educação,16870974000166,MUNICIPIO DE SANTO ANTONIO DO MONTE,M,Santo Antônio do Monte,1874183.33,,2026-08-31 10:27:15,2026-10-06 08:29:00,Pregão - Eletrônico,Aberto-Fechado,Divulgada no PNCP,False,https://pncp.gov.br/app/editais/16870974000166/2026/151,,MG,Material,True,False,2,Sem benefício,False
MG-3A6C64D41467,Mercedes,PRE 49/2026,PRE 49,2026,151,MG,Sec. Municipal de Educação,16870974000166,MUNICIPIO DE SANTO ANTONIO DO MONTE,M,Santo Antônio do Monte,1874183.33,,2026-08-31 10:27:15,2026-10-06 08:29:00,Pregão - Eletrônico,Aberto-Fechado,Divulgada no PNCP,False,https://pncp.gov.br/app/editais/16870974000166/2026/151,,MG,Material,True,False,2,Sem benefício,False
MG-3A6C64D41467,Rodobens,PRE 49/2026,PRE 49,2026,151,MG,Sec. Municipal de Educação,16870974000166,MUNICIPIO DE SANTO ANTONIO DO MONTE,M,Santo Antônio do Monte,1874183.33,,2026-08-31 10:27:15,2026-10-06 08:29:00,Pregão - Eletrônico,Aberto-Fechado,Divulgada no PNCP,False,https://pncp.gov.br/app/editais/16870974000166/2026/151,,MG,Material,True,False,2,Sem benefício,False
PCP-1DCEEF129FDE,Mercedes,93/2026,93,2026,170,MG,Prefeitura Municipal de Santo Antônio do Monte,16870974000166,MUNICIPIO DE SANTO ANTONIO DO MONTE,M,Santo Antônio do Monte,1874183.33,,2026-09-24 08:44:36,2026-10-06 08:29:00,Pregão - Eletrônico,Aberto-Fechado,Divulgada no PNCP,False,https://pncp.gov.br/app/editais/16870974000166/2026/170,https://www.portaldecompraspublicas.com.br/processos/MG/Prefeitura-Municipal-de-Santo-Antonio-do-Monte-3732/PE-93-2026-2026-508130,Portal de Compras Públicas,Material,True,False,2,Sem benefício,False
PCP-1DCEEF129FDE,Divena,93/2026,93,2026,170,MG,Prefeitura Municipal de Santo Antônio do Monte,16870974000166,MUNICIPIO DE SANTO ANTONIO DO MONTE,M,Santo Antônio do Monte,1874183.33,,2026-09-24 08:44:36,2026-10-06 08:29:00,Pregão - Eletrônico,Aberto-Fechado,Divulgada no PNCP,False,https://pncp.gov.br/app/editais/16870974000166/2026/170,https://www.portaldecompraspublicas.com.br/processos/MG/Prefeitura-Municipal-de-Santo-Antonio-do-Monte-3732/PE-93-2026-2026-508130,Portal de Compras Públicas,Material,True,False,2,Sem benefício,False
PCP-1DCEEF129FDE,Rodobens,93/2026,93,2026,170,MG,Prefeitura Municipal de Santo Antônio do Monte,16870974000166,MUNICIPIO DE SANTO ANTONIO DO MONTE,M,Santo Antônio do Monte,1874183.33,,2026-09-24 08:44:36,2026-10-06 08:29:00,Pregão - Eletrônico,Aberto-Fechado,Divulgada no PNCP,False,https://pncp.gov.br/app/editais/16870974000166/2026/170,https://www.portaldecompraspublicas.com.br/processos/MG/Prefeitura-Municipal-de-Santo-Antonio-do-Monte-3732/PE-93-2026-2026-508130,Portal de Compras Públicas,Material,True,False,2,Sem benefício,False
LDIG-7FB096833801,Divena,0012/2026,0012,2026,26,Minas Gerais,Unidade Unica,16886608000103,MUNICIPIO DE CHAPADA DO NORTE,M,Chapada do Norte,5958710.16,,2026-08-14 09:03:21,2026-08-28 09:00:00,Pregão - Eletrônico,Aberto-Fechado,Divulgada no PNCP,True,https://pncp.gov.br/app/editais/16886608000103/2026/26,https://app2.licitardigital.com.br/pesquisa/110432,Licitar Digital,Material,True,False,10,Sem benefício,False
LDIG-7FB096833801,Cabala,0012/2026,0012,2026,26,Minas Gerais,Unidade Unica,16886608000103,MUNICIPIO DE CHAPADA DO NORTE,M,Chapada do Norte,5958710.16,,2026-08-14 09:03:21,2026-08-28 09:00:00,Pregão - Eletrônico,Aberto-Fechado,Divulgada no PNCP,True,https://pncp.gov.br/app/editais/16886608000103/2026/26,https://app2.licitardigital.com.br/pesquisa/110432,Licitar Digital,Material,True,False,10,Sem benefício,False
COMPRASGOV-C748DA527046,Air Liquide,196/2026,196,2026,33,Minas Gerais,UNIV.FED.DOS VALES DO JEQUITINHONHA E MUCURI,16888315000157,UNIVERSIDADE FEDERAL DOS VALES DO JEQUITINHONHA E MUCURI,F,Diamantina,697003.8,,2026-08-28 04:00:17,2026-09-10 09:00:00,Pregão - Eletrônico,Aberto,Divulgada no PNCP,True,https://pncp.gov.br/app/editais/16888315000157/2026/33,https://cnetmobile.estaleiro.serpro.gov.br/comprasnet-web/public/compras/acompanhamento-compra?compra=15303605001962026,ComprasGov,Material,True,False,10,Participação exclusiva para ME/EPP,True
COMPRASGOV-36524D3F1569,Hexis,105/2026,105,2026,387,Acre,EAC-SECRETARIA DE EST.INDÚST.CIÊNCIA E TECNOL,16958425000148,"SECRETARIA DE ESTADO DE INDUSTRIA, CIENCIA E TECNOLOGIA",E,Rio Branco,0.0,,2026-09-01 12:44:42,2026-09-18 09:15:00,Pregão - Eletrônico,Aberto,Divulgada no PNCP,True,https://pncp.gov.br/app/editais/16958425000148/2026/387,https://cnetmobile.estaleiro.serpro.gov.br/comprasnet-web/public/compras/acompanhamento-compra?compra=92799605001052026,ComprasGov,Material,True,False,10,Sem benefício,False
LDIG-6B2AA7EF7BEE,Air Liquide,30/2026,30,2026,88,MG,Unidade Única,17005653000166,MUNICIPIO DE BELO ORIENTE,M,Belo Oriente,364347.35,,2026-09-18 10:49:04,2026-10-06 09:00:00,Pregão - Eletrônico,Aberto,Divulgada no PNCP,True,https://pncp.gov.br/app/editais/17005653000166/2026/88,https://app2.licitardigital.com.br/pesquisa/113923,Licitar Digital,Material,True,False,4,Sem benefício,False
LDIG-C69DD51B461F,Cabala,16/2026,16,2026,88,MG,Unidade Única,17097791000112,MUNICIPIO DE MONTALVANIA,M,Montalvânia,2468410.0,,2026-09-16 11:40:23,2026-09-28 08:30:00,Pregão - Eletrônico,Aberto,Divulgada no PNCP,True,https://pncp.gov.br/app/editais/17097791000112/2026/88,https://app2.licitardigital.com.br/pesquisa/113508,Licitar Digital,Material,True,False,4,Sem benefício,False
LDIG-C69DD51B461F,Mercedes,16/2026,16,2026,88,MG,Unidade Única,17097791000112,MUNICIPIO DE MONTALVANIA,M,Montalvânia,2468410.0,,2026-09-16 11:40:23,2026-09-28 08:30:00,Pregão - Eletrônico,Aberto,Divulgada no PNCP,True,https://pncp.gov.br/app/editais/17097791000112/2026/88,https://app2.licitardigital.com.br/pesquisa/113508,Licitar Digital,Material,True,False,4,Sem benefício,False
LDIG-C69DD51B461F,Divena,16/2026,16,2026,88,MG,Unidade Única,17097791000112,MUNICIPIO DE MONTALVANIA,M,Montalvânia,2468410.0,,2026-09-16 11:40:23,2026-09-28 08:30:00,Pregão - Eletrônico,Aberto,Divulgada no PNCP,True,https://pncp.gov.br/app/editais/17097791000112/2026/88,https://app2.licitardigital.com.br/pesquisa/113508,Licitar Digital,Material,True,False,4,Sem benefício,False
LDIG-C69DD51B461F,Rodobens,16/2026,16,2026,88,MG,Unidade Única,17097791000112,MUNICIPIO DE MONTALVANIA,M,Montalvânia,2468410.0,,2026-09-16 11:40:23,2026-09-28 08:30:00,Pregão - Eletrônico,Aberto,Divulgada no PNCP,True,https://pncp.gov.br/app/editais/17097791000112/2026/88,https://app2.licitardigital.com.br/pesquisa/113508,Licitar Digital,Material,True,False,4,Sem benefício,False
PCMG-1DB89CE951CF,Air Liquide,101/2026,101,2026,167,Minas Gerais,DPSU,17138140000123,EMPRESA DE PESQUISA AGROPECUARIA DE MINAS GERAIS,E,Belo Horizonte,0.0,,2026-08-12 09:31:47,2026-08-24 09:00:00,Pregão - Eletrônico,Aberto,Divulgada no PNCP,False,https://pncp.gov.br/app/editais/17138140000123/2026/167,https://www1.compras.mg.gov.br/n/procedimentolei14133/consulta/eletronico/visualizar/2026/101/3051002,Portal de Compras MG,Material,True,False,1,Sem benefício,False
PCMG-1F6D5D8BCD4E,Hexis,255/2025,255,2025,211,Minas Gerais,GEASU-DEAC,17217332000125,INSTITUTO DE PREVIDENCIA DOS SERVIDORES DO ESTADO MG,E,Belo Horizonte,0.0,,2026-08-31 11:20:50,2026-09-14 09:00:00,Pregão - Eletrônico,Aberto-Fechado,Divulgada no PNCP,False,https://pncp.gov.br/app/editais/17217332000125/2025/211,https://www1.compras.mg.gov.br/n/procedimentolei14133/consulta/eletronico/visualizar/2025/255/2012015,Portal de Compras MG,Misto,True,True,10,Sem benefício,False
PCMG-372549508791,Educantes,39/2026,39,2026,24,Minas Gerais,CCCA,17464652000180,FUNDACAO JOAO PINHEIRO,E,Belo Horizonte,57250.0,,2026-09-15 17:26:07,2026-09-21 08:00:47,Dispensa,Dispensa Com Disputa,Divulgada no PNCP,False,https://pncp.gov.br/app/editais/17464652000180/2026/24,https://www1.compras.mg.gov.br/n/procedimentolei14133/consulta/eletronico/visualizar/2026/39/2061034,Portal de Compras MG,Serviço,False,True,1,Participação exclusiva para ME/EPP,True
PCMG-DB70505109DF,Hexis,299/2026,299,2026,200,MG,SERVICO DE COMPRAS,17503475000101,FUNDACAO EZEQUIEL DIAS,E,Belo Horizonte,0.0,,2026-09-21 14:22:35,2026-10-26 09:00:00,Pregão - Eletrônico,Aberto-Fechado,Divulgada no PNCP,False,https://pncp.gov.br/app/editais/17503475000101/2026/200,https://www1.compras.mg.gov.br/n/procedimentolei14133/consulta/eletronico/visualizar/2026/299/2261032,Portal de Compras MG,Material,True,False,10,Sem benefício,False
MG-B793889B61C1,Air Liquide,82/2026,82,2026,81,Minas Gerais,PREFEITURA MUNICIPAL DE MERCES,17744442000145,MUNICIPIO DE MERCES,M,Mercês,447935.7,,2026-09-03 13:41:17,2026-09-21 09:00:00,Pregão - Eletrônico,Aberto,Divulgada no PNCP,True,https://pncp.gov.br/app/editais/17744442000145/2026/81,,MG,Misto,True,True,10,Não se aplica,True
LDIG-A2BCFEB5165B,Divena,027/2026,027,2026,78,MG,Unidade Única,17754201000187,MUNICIPIO DE FELICIO DOS SANTOS,M,Felício dos Santos,661333.34,,2026-09-18 13:02:37,2026-10-01 09:00:00,Pregão - Eletrônico,Aberto,Divulgada no PNCP,False,https://pncp.gov.br/app/editais/17754201000187/2026/78,https://app2.licitardigital.com.br/pesquisa/113965,Licitar Digital,Material,True,False,1,Sem benefício,False
LDIG-A2BCFEB5165B,Mercedes,027/2026,027,2026,78,MG,Unidade Única,17754201000187,MUNICIPIO DE FELICIO DOS SANTOS,M,Felício dos Santos,661333.34,,2026-09-18 13:02:37,2026-10-01 09:00:00,Pregão - Eletrônico,Aberto,Divulgada no PNCP,False,https://pncp.gov.br/app/editais/17754201000187/2026/78,https://app2.licitardigital.com.br/pesquisa/113965,Licitar Digital,Material,True,False,1,Sem benefício,False
LDIG-A2BCFEB5165B,Cabala,027/2026,027,2026,78,MG,Unidade Única,17754201000187,MUNICIPIO DE FELICIO DOS SANTOS,M,Felício dos Santos,661333.34,,2026-09-18 13:02:37,2026-10-01 09:00:00,Pregão - Eletrônico,Aberto,Divulgada no PNCP,False,https://pncp.gov.br/app/editais/17754201000187/2026/78,https://app2.licitardigital.com.br/pesquisa/113965,Licitar Digital,Material,True,False,1,Sem benefício,False
AMM-1C026C3A2CE4,Hexis,000059/2026,000059,2026,152,Minas Gerais,Unidade Única,17899717000110,MUNICIPIO DE ARCEBURGO,M,Arceburgo,14844.0,,2026-09-15 14:38:32,2026-09-28 08:20:00,Pregão - Eletrônico,Aberto,Divulgada no PNCP,False,https://pncp.gov.br/app/editais/17899717000110/2026/152,https://app2.ammlicita.org.br/pesquisa/113563,AMM Licita,Material,True,False,1,Sem benefício,False
AMM-FEDE455AA889,Air Liquide,76/2026,76,2026,138,Minas Gerais,Unidade Única,17900473000148,MUNICIPIO DE GUARANESIA,M,Guaranésia,1068320.0,,2026-08-18 10:30:30,2026-09-21 09:00:00,Pregão - Eletrônico,Aberto-Fechado,Divulgada no PNCP,True,https://pncp.gov.br/app/editais/17900473000148/2026/138,https://app2.ammlicita.org.br/pesquisa/110752,AMM Licita,Material,True,False,6,Participação exclusiva para ME/EPP; Sem benefício,True
LDIG-4AA4B610867A,Air Liquide,22/2026,22,2026,22,Minas Gerais,Unidade Única,17906314000150,MUNICIPIO DE SAO SEBASTIAO DO RIO VERDE,M,São Sebastião do Rio Verde,117600.0,,2026-09-08 12:12:14,2026-09-24 14:00:00,Pregão - Eletrônico,Aberto,Divulgada no PNCP,False,https://pncp.gov.br/app/editais/17906314000150/2026/22,https://app2.licitardigital.com.br/pesquisa/112803,Licitar Digital,Material,True,False,6,Sem benefício,False
MG-32EDC91926AE,Air Liquide,287/2026,287,2026,166,MG,Prefeitura Municipal de Camanducaia-MG,17935396000161,MUNICIPIO DE CAMANDUCAIA,M,Camanducaia,109917.0,,2026-09-22 16:10:40,2026-10-13 08:59:00,Pregão - Eletrônico,Aberto,Divulgada no PNCP,True,https://pncp.gov.br/app/editais/17935396000161/2026/166,,MG,Material,True,False,4,Não se aplica,True
MG-EEEF41AA348F,Rodobens,PRE 88/2026,PRE 88,2026,214,MG,SECRETARIA MUNICIPAL DE ADMINISTRAÇÃO,17947581000176,MUNICIPIO DE MURIAE,M,Muriaé,1290000.0,,2026-09-18 18:18:15,2026-10-05 12:59:00,Pregão - Eletrônico,Aberto-Fechado,Divulgada no PNCP,False,https://pncp.gov.br/app/editais/17947581000176/2026/214,,MG,Material,True,False,1,Sem benefício,False
MG-EEEF41AA348F,Mercedes,PRE 88/2026,PRE 88,2026,214,MG,SECRETARIA MUNICIPAL DE ADMINISTRAÇÃO,17947581000176,MUNICIPIO DE MURIAE,M,Muriaé,1290000.0,,2026-09-18 18:18:15,2026-10-05 12:59:00,Pregão - Eletrônico,Aberto-Fechado,Divulgada no PNCP,False,https://pncp.gov.br/app/editais/17947581000176/2026/214,,MG,Material,True,False,1,Sem benefício,False
MG-EEEF41AA348F,Divena,PRE 88/2026,PRE 88,2026,214,MG,SECRETARIA MUNICIPAL DE ADMINISTRAÇÃO,17947581000176,MUNICIPIO DE MURIAE,M,Muriaé,1290000.0,,2026-09-18 18:18:15,2026-10-05 12:59:00,Pregão - Eletrônico,Aberto-Fechado,Divulgada no PNCP,False,https://pncp.gov.br/app/editais/17947581000176/2026/214,,MG,Material,True,False,1,Sem benefício,False
BNC-F27FB16094C3,Divena,007/2026,007,2026,11,MG,MMG-PREFEITURA MUN. DE BARAO DO MONTE ALTO,17947649000117,MUNICIPIO DE BARAO DO MONTE ALTO,M,Barão do Monte Alto,3724047.59,,2026-09-18 07:49:59,2026-10-02 08:30:00,Pregão - Eletrônico,Aberto,Divulgada no PNCP,True,https://pncp.gov.br/app/editais/17947649000117/2026/11,https://bnccompras.com/Process/ProcessView?param1=[gkz]mxCQLM6L/4FWEGIOGKGVa6qwGVic220W_SY2SXjnEh7RrmiMffCQeS5s/LlpUjXikKLNl68nfvS1UwSPHFhAS_9At5TVvnW3ZavtF_9UmRo=,BNC Compras,Material,True,False,5,Sem benefício,False
BNC-F27FB16094C3,Cabala,007/2026,007,2026,11,MG,MMG-PREFEITURA MUN. DE BARAO DO MONTE ALTO,17947649000117,MUNICIPIO DE BARAO DO MONTE ALTO,M,Barão do Monte Alto,3724047.59,,2026-09-18 07:49:59,2026-10-02 08:30:00,Pregão - Eletrônico,Aberto,Divulgada no PNCP,True,https://pncp.gov.br/app/editais/17947649000117/2026/11,https://bnccompras.com/Process/ProcessView?param1=[gkz]mxCQLM6L/4FWEGIOGKGVa6qwGVic220W_SY2SXjnEh7RrmiMffCQeS5s/LlpUjXikKLNl68nfvS1UwSPHFhAS_9At5TVvnW3ZavtF_9UmRo=,BNC Compras,Material,True,False,5,Sem benefício,False
MG-D8222E50CC1F,Air Liquide,00010926/2026,00010926,2026,103,Minas Gerais,PREFEITURA MUNICIPAL DE SÃO VICENTE DE MINAS,17954546000184,MUNICIPIO DE SAO VICENTE DE MINAS,M,São Vicente de Minas,195598.8,,2026-09-16 09:31:29,2026-09-30 08:29:00,Pregão - Eletrônico,Aberto,Divulgada no PNCP,True,https://pncp.gov.br/app/editais/17954546000184/2026/103,,MG,Material,True,False,1,Sem benefício,False
MG-C40B7F42E255,Air Liquide,00008926/2026,00008926,2026,88,Minas Gerais,PREFEITURA MUNICIPAL DE SÃO VICENTE DE MINAS,17954546000184,MUNICIPIO DE SAO VICENTE DE MINAS,M,São Vicente de Minas,353250.3,,2026-08-17 15:04:02,2026-09-03 08:29:00,Pregão - Eletrônico,Aberto,Divulgada no PNCP,True,https://pncp.gov.br/app/editais/17954546000184/2026/88,,MG,Serviço,False,True,6,Sem benefício,False
MG-412A387F99A1,Air Liquide,000116/2026,000116,2026,260,Minas Gerais,PREFEITURA MUNICIPAL DE TRÊS CORAÇÕES,17955535000119,MUNICIPIO DE TRES CORACOES,M,Três Corações,2264070.44,,2026-09-10 15:52:36,2026-09-29 09:30:00,Pregão - Eletrônico,Aberto,Divulgada no PNCP,False,https://pncp.gov.br/app/editais/17955535000119/2026/260,,MG,Misto,True,True,10,Sem benefício,False
LDIG-9BC1012298AD,Air Liquide,000018/2026,000018,2026,58,Minas Gerais,Unidade Única,17963083000117,MUNICIPIO DE ARACUAI,M,Araçuaí,0.0,,2026-08-14 08:30:04,2026-08-27 09:00:00,Pregão - Eletrônico,Aberto,Divulgada no PNCP,True,https://pncp.gov.br/app/editais/17963083000117/2026/58,https://app2.licitardigital.com.br/pesquisa/110421,Licitar Digital,Material,True,False,6,Sem benefício,False
LDIG-149272AB3B40,Divena,43/2026,43,2026,102,Minas Gerais,Unidade Única,18013326000119,MUNICIPIO DE PORTEIRINHA,M,Porteirinha,0.0,,2026-09-04 08:38:54,2026-09-18 09:00:00,Pregão - Eletrônico,Aberto,Divulgada no PNCP,False,https://pncp.gov.br/app/editais/18013326000119/2026/102,https://app2.licitardigital.com.br/pesquisa/112625,Licitar Digital,Material,True,False,3,Sem benefício,False
LDIG-149272AB3B40,Rodobens,43/2026,43,2026,102,Minas Gerais,Unidade Única,18013326000119,MUNICIPIO DE PORTEIRINHA,M,Porteirinha,0.0,,2026-09-04 08:38:54,2026-09-18 09:00:00,Pregão - Eletrônico,Aberto,Divulgada no PNCP,False,https://pncp.gov.br/app/editais/18013326000119/2026/102,https://app2.licitardigital.com.br/pesquisa/112625,Licitar Digital,Material,True,False,3,Sem benefício,False
PCP-95D6979EAE2D,Divena,036/2026,036,2026,100,Minas Gerais,Secretaria Municipal de Educação,18017442000106,MUNICIPIO DE BRASILIA DE MINAS,M,Brasília de Minas,3531983.4,,2026-09-21 13:00:29,2026-10-02 13:30:00,Pregão - Eletrônico,Aberto,Divulgada no PNCP,True,https://pncp.gov.br/app/editais/18017442000106/2026/100,https://www.portaldecompraspublicas.com.br/processos/MG/Prefeitura-Municipal-Brasilia-de-Minas-2321/RPE-036-2026-2026-509523,Portal de Compras Públicas,Material,True,False,3,Sem benefício,False
PCP-95D6979EAE2D,Mercedes,036/2026,036,2026,100,Minas Gerais,Secretaria Municipal de Educação,18017442000106,MUNICIPIO DE BRASILIA DE MINAS,M,Brasília de Minas,3531983.4,,2026-09-21 13:00:29,2026-10-02 13:30:00,Pregão - Eletrônico,Aberto,Divulgada no PNCP,True,https://pncp.gov.br/app/editais/18017442000106/2026/100,https://www.portaldecompraspublicas.com.br/processos/MG/Prefeitura-Municipal-Brasilia-de-Minas-2321/RPE-036-2026-2026-509523,Portal de Compras Públicas,Material,True,False,3,Sem benefício,False
PCP-95D6979EAE2D,Cabala,036/2026,036,2026,100,Minas Gerais,Secretaria Municipal de Educação,18017442000106,MUNICIPIO DE BRASILIA DE MINAS,M,Brasília de Minas,3531983.4,,2026-09-21 13:00:29,2026-10-02 13:30:00,Pregão - Eletrônico,Aberto,Divulgada no PNCP,True,https://pncp.gov.br/app/editais/18017442000106/2026/100,https://www.portaldecompraspublicas.com.br/processos/MG/Prefeitura-Municipal-Brasilia-de-Minas-2321/RPE-036-2026-2026-509523,Portal de Compras Públicas,Material,True,False,3,Sem benefício,False
PCP-95D6979EAE2D,Rodobens,036/2026,036,2026,100,Minas Gerais,Secretaria Municipal de Educação,18017442000106,MUNICIPIO DE BRASILIA DE MINAS,M,Brasília de Minas,3531983.4,,2026-09-21 13:00:29,2026-10-02 13:30:00,Pregão - Eletrônico,Aberto,Divulgada no PNCP,True,https://pncp.gov.br/app/editais/18017442000106/2026/100,https://www.portaldecompraspublicas.com.br/processos/MG/Prefeitura-Municipal-Brasilia-de-Minas-2321/RPE-036-2026-2026-509523,Portal de Compras Públicas,Material,True,False,3,Sem benefício,False
PCP-6F5380658C12,Divena,036/2026,036,2026,91,Minas Gerais,Secretaria Municipal de Educação,18017442000106,MUNICIPIO DE BRASILIA DE MINAS,M,Brasília de Minas,3923689.41,,2026-09-08 08:33:10,2026-09-22 07:45:00,Pregão - Eletrônico,Aberto,Divulgada no PNCP,True,https://pncp.gov.br/app/editais/18017442000106/2026/91,https://www.portaldecompraspublicas.com.br/processos/MG/Prefeitura-Municipal-Brasilia-de-Minas-2321/RPE-036-2026-2026-509523,Portal de Compras Públicas,Material,True,False,4,Sem benefício,False
PCP-6F5380658C12,Cabala,036/2026,036,2026,91,Minas Gerais,Secretaria Municipal de Educação,18017442000106,MUNICIPIO DE BRASILIA DE MINAS,M,Brasília de Minas,3923689.41,,2026-09-08 08:33:10,2026-09-22 07:45:00,Pregão - Eletrônico,Aberto,Divulgada no PNCP,True,https://pncp.gov.br/app/editais/18017442000106/2026/91,https://www.portaldecompraspublicas.com.br/processos/MG/Prefeitura-Municipal-Brasilia-de-Minas-2321/RPE-036-2026-2026-509523,Portal de Compras Públicas,Material,True,False,4,Sem benefício,False
PCP-6F5380658C12,Mercedes,036/2026,036,2026,91,Minas Gerais,Secretaria Municipal de Educação,18017442000106,MUNICIPIO DE BRASILIA DE MINAS,M,Brasília de Minas,3923689.41,,2026-09-08 08:33:10,2026-09-22 07:45:00,Pregão - Eletrônico,Aberto,Divulgada no PNCP,True,https://pncp.gov.br/app/editais/18017442000106/2026/91,https://www.portaldecompraspublicas.com.br/processos/MG/Prefeitura-Municipal-Brasilia-de-Minas-2321/RPE-036-2026-2026-509523,Portal de Compras Públicas,Material,True,False,4,Sem benefício,False
COMPRASBR-6EA8A30F3B96,Air Liquide,071/2026,071,2026,153,MG,Prefeitura Municipal de Brazópolis - MG,18025890000151,MUNICIPIO DE BRASOPOLIS,M,Brazópolis,553580.1,,2026-09-25 09:56:12,2026-10-08 08:59:00,Pregão - Eletrônico,Aberto,Divulgada no PNCP,True,https://pncp.gov.br/app/editais/18025890000151/2026/153,https://comprasbr.com.br/pregao-eletronico-detalhe/?idlicitacao=48588,Compras BR,Material,True,False,8,Não se aplica,True
MG-00CC03C757FF,Air Liquide,000056/2026,000056,2026,141,Minas Gerais,Compras e Licitação,18025932000154,MUNICIPIO DE GONCALVES,M,Gonçalves,226409.75,,2026-08-27 15:35:30,2026-09-16 07:59:00,Pregão - Eletrônico,Aberto,Divulgada no PNCP,True,https://pncp.gov.br/app/editais/18025932000154/2026/141,,MG,Serviço,False,True,5,Não se aplica,True
BLL-C0E1E821E9BE,Hexis,000024/2026,000024,2026,99,Minas Gerais,Departamento de Administração,18025981000197,MUNICIPIO DE PIRANGUCU,M,Piranguçu,463070.0,,2026-09-04 09:03:52,2026-09-24 08:59:00,Pregão - Eletrônico,Aberto,Divulgada no PNCP,True,https://pncp.gov.br/app/editais/18025981000197/2026/99,https://bllcompras.com/Process/ProcessView?param1=[gkz]1kYXgD3ef06TRSWlPrnngvPv/XfRvFVbPNmzt_vslHQP1GK_u3K0X/pOJ8VMpsKFVSSp3pr8wH_ApKa/2VQEpw1SnLERuNrJr0DAk14otLM=,BLL Compras,Material,True,False,8,Participação exclusiva para ME/EPP; Sem benefício,True
BLL-21727B143E81,Mercedes,018/2026,018,2026,71,Minas Gerais,MUNICIPIO DE ENGENHEIRO CALDAS,18080655000182,MUNICIPIO DE ENGENHEIRO CALDAS,M,Engenheiro Caldas,2586288.0,,2026-08-11 08:14:18,2026-09-03 12:00:00,Pregão - Eletrônico,Aberto,Divulgada no PNCP,False,https://pncp.gov.br/app/editais/18080655000182/2026/71,https://bllcompras.com/Process/ProcessView?param1=[gkz]MHuXQlYemkydmaNGrhEbiM0r53squ4VskyS7NtlUnQ_CuV1kv_RdtaSf1Pg1IiPKXQymvoDhy6zT2xLiD18HlA_uVP8IZ6b8gyjQTKIHVYk=,BLL Compras,Material,True,False,1,Sem benefício,False
BLL-21727B143E81,Divena,018/2026,018,2026,71,Minas Gerais,MUNICIPIO DE ENGENHEIRO CALDAS,18080655000182,MUNICIPIO DE ENGENHEIRO CALDAS,M,Engenheiro Caldas,2586288.0,,2026-08-11 08:14:18,2026-09-03 12:00:00,Pregão - Eletrônico,Aberto,Divulgada no PNCP,False,https://pncp.gov.br/app/editais/18080655000182/2026/71,https://bllcompras.com/Process/ProcessView?param1=[gkz]MHuXQlYemkydmaNGrhEbiM0r53squ4VskyS7NtlUnQ_CuV1kv_RdtaSf1Pg1IiPKXQymvoDhy6zT2xLiD18HlA_uVP8IZ6b8gyjQTKIHVYk=,BLL Compras,Material,True,False,1,Sem benefício,False
BLL-21727B143E81,Rodobens,018/2026,018,2026,71,Minas Gerais,MUNICIPIO DE ENGENHEIRO CALDAS,18080655000182,MUNICIPIO DE ENGENHEIRO CALDAS,M,Engenheiro Caldas,2586288.0,,2026-08-11 08:14:18,2026-09-03 12:00:00,Pregão - Eletrônico,Aberto,Divulgada no PNCP,False,https://pncp.gov.br/app/editais/18080655000182/2026/71,https://bllcompras.com/Process/ProcessView?param1=[gkz]MHuXQlYemkydmaNGrhEbiM0r53squ4VskyS7NtlUnQ_CuV1kv_RdtaSf1Pg1IiPKXQymvoDhy6zT2xLiD18HlA_uVP8IZ6b8gyjQTKIHVYk=,BLL Compras,Material,True,False,1,Sem benefício,False
AMM-E0860E5D89D0,Divena,0019/2026,0019,2026,64,MG,Unidade Única,18083659000114,MUNICIPIO DE JEQUITINHONHA,M,Jequitinhonha,1128625.1,,2026-09-25 07:22:21,2026-10-09 08:00:00,Pregão - Eletrônico,Aberto,Divulgada no PNCP,False,https://pncp.gov.br/app/editais/18083659000114/2026/64,https://app2.ammlicita.org.br/pesquisa/114419,AMM Licita,Material,True,False,1,Sem benefício,False
AMM-E0860E5D89D0,Mercedes,0019/2026,0019,2026,64,MG,Unidade Única,18083659000114,MUNICIPIO DE JEQUITINHONHA,M,Jequitinhonha,1128625.1,,2026-09-25 07:22:21,2026-10-09 08:00:00,Pregão - Eletrônico,Aberto,Divulgada no PNCP,False,https://pncp.gov.br/app/editais/18083659000114/2026/64,https://app2.ammlicita.org.br/pesquisa/114419,AMM Licita,Material,True,False,1,Sem benefício,False
AMM-E0860E5D89D0,Rodobens,0019/2026,0019,2026,64,MG,Unidade Única,18083659000114,MUNICIPIO DE JEQUITINHONHA,M,Jequitinhonha,1128625.1,,2026-09-25 07:22:21,2026-10-09 08:00:00,Pregão - Eletrônico,Aberto,Divulgada no PNCP,False,https://pncp.gov.br/app/editais/18083659000114/2026/64,https://app2.ammlicita.org.br/pesquisa/114419,AMM Licita,Material,True,False,1,Sem benefício,False
LDIG-C3CBD83BFEC3,Air Liquide,20/2026,20,2026,56,Minas Gerais,Unidade Única,18094839000100,MUNICIPIO DE IBERTIOGA,M,Ibertioga,410544.5,,2026-07-29 15:40:09,2026-08-18 09:00:00,Pregão - Eletrônico,Aberto,Divulgada no PNCP,True,https://pncp.gov.br/app/editais/18094839000100/2026/56,https://app2.licitardigital.com.br/pesquisa/108818,Licitar Digital,Material,True,False,5,Participação exclusiva para ME/EPP; Sem benefício,True
MG-11423CB0C225,Air Liquide,00822026/2026,00822026,2026,73,Minas Gerais,PREFEITURA MUNICIPAL DE SENHORA DOS REMÉDIOS ,18094870000132,MUNICIPIO DE SENHORA DOS REMEDIOS,M,Senhora dos Remédios,522137.31,,2026-08-17 10:18:53,2026-08-28 09:30:00,Pregão - Eletrônico,Aberto,Divulgada no PNCP,False,https://pncp.gov.br/app/editais/18094870000132/2026/73,,MG,Material,True,False,5,Participação exclusiva para ME/EPP,True
AMM-6E4CC10D9F04,Divena,27/2026,27,2026,75,MG,Unidade Única,18125146000129,MUNICIPIO DE BURITIS,M,Buritis,2162000.0,,2026-09-17 09:10:07,2026-10-02 08:00:00,Pregão - Eletrônico,Aberto,Revogada,False,https://pncp.gov.br/app/editais/18125146000129/2026/75,https://app2.ammlicita.org.br/pesquisa/113754,AMM Licita,Material,True,False,2,Sem benefício,False
AMM-6E4CC10D9F04,Mercedes,27/2026,27,2026,75,MG,Unidade Única,18125146000129,MUNICIPIO DE BURITIS,M,Buritis,2162000.0,,2026-09-17 09:10:07,2026-10-02 08:00:00,Pregão - Eletrônico,Aberto,Revogada,False,https://pncp.gov.br/app/editais/18125146000129/2026/75,https://app2.ammlicita.org.br/pesquisa/113754,AMM Licita,Material,True,False,2,Sem benefício,False
AMM-6E4CC10D9F04,Cabala,27/2026,27,2026,75,MG,Unidade Única,18125146000129,MUNICIPIO DE BURITIS,M,Buritis,2162000.0,,2026-09-17 09:10:07,2026-10-02 08:00:00,Pregão - Eletrônico,Aberto,Revogada,False,https://pncp.gov.br/app/editais/18125146000129/2026/75,https://app2.ammlicita.org.br/pesquisa/113754,AMM Licita,Material,True,False,2,Sem benefício,False
AMM-6E4CC10D9F04,Rodobens,27/2026,27,2026,75,MG,Unidade Única,18125146000129,MUNICIPIO DE BURITIS,M,Buritis,2162000.0,,2026-09-17 09:10:07,2026-10-02 08:00:00,Pregão - Eletrônico,Aberto,Revogada,False,https://pncp.gov.br/app/editais/18125146000129/2026/75,https://app2.ammlicita.org.br/pesquisa/113754,AMM Licita,Material,True,False,2,Sem benefício,False
AMM-C6AF6148F53B,Air Liquide,059/2026,059,2026,86,Minas Gerais,Unidade Única,18128256000144,MUNICIPIO DE RODEIRO,M,Rodeiro,591002.33,,2026-09-02 10:00:03,2026-09-18 09:00:00,Pregão - Eletrônico,Aberto,Divulgada no PNCP,True,https://pncp.gov.br/app/editais/18128256000144/2026/86,https://app2.ammlicita.org.br/pesquisa/112347,AMM Licita,Serviço,False,True,10,Sem benefício,False
COMPRASGOV-F6CEF50ADB0D,Divena,23/2026,23,2026,122,Minas Gerais,PREFEITURA MUNICIPAL DE VIÇOSA - MG,18132449000179,MUNICIPIO DE VICOSA,M,Viçosa,2837820.0,,2026-08-26 10:16:15,2026-09-11 08:59:00,Pregão - Eletrônico,Aberto-Fechado,Divulgada no PNCP,False,https://pncp.gov.br/app/editais/18132449000179/2026/122,https://cnetmobile.estaleiro.serpro.gov.br/comprasnet-web/public/compras/acompanhamento-compra?compra=98542705000232026,ComprasGov,Material,True,False,3,Sem benefício,False
COMPRASGOV-F6CEF50ADB0D,Mercedes,23/2026,23,2026,122,Minas Gerais,PREFEITURA MUNICIPAL DE VIÇOSA - MG,18132449000179,MUNICIPIO DE VICOSA,M,Viçosa,2837820.0,,2026-08-26 10:16:15,2026-09-11 08:59:00,Pregão - Eletrônico,Aberto-Fechado,Divulgada no PNCP,False,https://pncp.gov.br/app/editais/18132449000179/2026/122,https://cnetmobile.estaleiro.serpro.gov.br/comprasnet-web/public/compras/acompanhamento-compra?compra=98542705000232026,ComprasGov,Material,True,False,3,Sem benefício,False
COMPRASGOV-F6CEF50ADB0D,Rodobens,23/2026,23,2026,122,Minas Gerais,PREFEITURA MUNICIPAL DE VIÇOSA - MG,18132449000179,MUNICIPIO DE VICOSA,M,Viçosa,2837820.0,,2026-08-26 10:16:15,2026-09-11 08:59:00,Pregão - Eletrônico,Aberto-Fechado,Divulgada no PNCP,False,https://pncp.gov.br/app/editais/18132449000179/2026/122,https://cnetmobile.estaleiro.serpro.gov.br/comprasnet-web/public/compras/acompanhamento-compra?compra=98542705000232026,ComprasGov,Material,True,False,3,Sem benefício,False
BLL-D76BF4031054,Air Liquide,054/2026,054,2026,70,MG,PREFEITURA MUNICIPAL DE ERVÁLIA,18133306000181,MUNICIPIO DE ERVALIA,M,Ervália,0.0,,2026-09-24 14:46:02,2026-10-07 08:00:00,Pregão - Eletrônico,Aberto,Divulgada no PNCP,True,https://pncp.gov.br/app/editais/18133306000181/2026/70,https://bllcompras.com/Process/ProcessView?param1=[gkz]MEDq5EVGI5S_RATpwbKPxQo6GGy9RRwlalbLmUKPAc/9HQ6sPJKPqusA3BEU_oizg46c4hsJzQyepW8JoTBmp6FEgOoQsTYWNfWW3vp2Nrk=,BLL Compras,Material,True,False,9,Sem benefício,False
MG-2425C6F03B50,Mercedes,PE 54/2026,PE 54,2026,104,MG,MUNICÍPIO DE SACRAMENTO/MG,18140764000148,MUNICIPIO DE SACRAMENTO,M,Sacramento,1187333.33,,2026-09-23 15:47:57,2026-10-07 08:00:00,Pregão - Eletrônico,Aberto,Divulgada no PNCP,False,https://pncp.gov.br/app/editais/18140764000148/2026/104,,MG,Material,True,False,1,Sem benefício,False
MG-2425C6F03B50,Divena,PE 54/2026,PE 54,2026,104,MG,MUNICÍPIO DE SACRAMENTO/MG,18140764000148,MUNICIPIO DE SACRAMENTO,M,Sacramento,1187333.33,,2026-09-23 15:47:57,2026-10-07 08:00:00,Pregão - Eletrônico,Aberto,Divulgada no PNCP,False,https://pncp.gov.br/app/editais/18140764000148/2026/104,,MG,Material,True,False,1,Sem benefício,False
MG-2425C6F03B50,Rodobens,PE 54/2026,PE 54,2026,104,MG,MUNICÍPIO DE SACRAMENTO/MG,18140764000148,MUNICIPIO DE SACRAMENTO,M,Sacramento,1187333.33,,2026-09-23 15:47:57,2026-10-07 08:00:00,Pregão - Eletrônico,Aberto,Divulgada no PNCP,False,https://pncp.gov.br/app/editais/18140764000148/2026/104,,MG,Material,True,False,1,Sem benefício,False
AMM-0C60D9D61838,Rodobens,056/2026,056,2026,174,Minas Gerais,Unidade Única,18178400000157,MUNICIPIO DE CAMPESTRE,M,Campestre,4212100.8,,2026-08-18 20:01:04,2026-09-01 13:00:00,Pregão - Eletrônico,Aberto-Fechado,Divulgada no PNCP,True,https://pncp.gov.br/app/editais/18178400000157/2026/174,https://app2.ammlicita.org.br/pesquisa/110835,AMM Licita,Material,True,False,2,Sem benefício,False
MG-5C2B3C371CDB,Air Liquide,000064/2026,000064,2026,108,Minas Gerais,PREFEITURA MUNICIPAL DE GUAPE,18239616000185,MUNICIPIO DE GUAPE,M,Guapé,157383.92,,2026-09-04 09:57:26,2026-09-18 08:10:00,Pregão - Eletrônico,Aberto,Divulgada no PNCP,True,https://pncp.gov.br/app/editais/18239616000185/2026/108,,MG,Material,True,False,3,Sem benefício,False
PCP-666C46BCD20B,Rodobens,PE108/2026,PE108,2026,266,Minas Gerais,Prefeitura do Município de Varginha,18240119000105,MUNICIPIO DE VARGINHA,M,Varginha,946888.17,,2026-09-04 15:34:15,2026-09-18 08:30:00,Pregão - Eletrônico,Aberto,Divulgada no PNCP,False,https://pncp.gov.br/app/editais/18240119000105/2026/266,https://www.portaldecompraspublicas.com.br/processos/MG/Prefeitura-do-Municipio-de-Varginha-1970/PE-PE108-2026-2026-509540,Portal de Compras Públicas,Não identificado,False,False,0,Não identificado,False
PCP-666C46BCD20B,Divena,PE108/2026,PE108,2026,266,Minas Gerais,Prefeitura do Município de Varginha,18240119000105,MUNICIPIO DE VARGINHA,M,Varginha,946888.17,,2026-09-04 15:34:15,2026-09-18 08:30:00,Pregão - Eletrônico,Aberto,Divulgada no PNCP,False,https://pncp.gov.br/app/editais/18240119000105/2026/266,https://www.portaldecompraspublicas.com.br/processos/MG/Prefeitura-do-Municipio-de-Varginha-1970/PE-PE108-2026-2026-509540,Portal de Compras Públicas,Não identificado,False,False,0,Não identificado,False
PCP-666C46BCD20B,Mercedes,PE108/2026,PE108,2026,266,Minas Gerais,Prefeitura do Município de Varginha,18240119000105,MUNICIPIO DE VARGINHA,M,Varginha,946888.17,,2026-09-04 15:34:15,2026-09-18 08:30:00,Pregão - Eletrônico,Aberto,Divulgada no PNCP,False,https://pncp.gov.br/app/editais/18240119000105/2026/266,https://www.portaldecompraspublicas.com.br/processos/MG/Prefeitura-do-Municipio-de-Varginha-1970/PE-PE108-2026-2026-509540,Portal de Compras Públicas,Não identificado,False,False,0,Não identificado,False
CAPME-B6241D1B7EF3,Rodobens,047/2026,047,2026,66,Minas Gerais,Prefeitura Municipal de Pratápolis,18241356000182,MUNICIPIO DE PRATAPOLIS,M,Pratápolis,844441.09,,2026-09-09 15:26:24,2026-09-24 13:00:00,Pregão - Eletrônico,Aberto,Divulgada no PNCP,False,https://pncp.gov.br/app/editais/18241356000182/2026/66,https://capturame.com.br,CapturaME,Material,True,False,2,Participação exclusiva para ME/EPP,True
AMM-401E73518E66,Air Liquide,000037/2026,000037,2026,49,Minas Gerais,Unidade Única,18241752000100,MUNICIPIO DE ALPINOPOLIS,M,Alpinópolis,1207196.0,,2026-08-17 10:37:18,2026-08-31 09:00:00,Pregão - Eletrônico,Aberto,Divulgada no PNCP,False,https://pncp.gov.br/app/editais/18241752000100/2026/49,https://app2.ammlicita.org.br/pesquisa/110628,AMM Licita,Material,True,False,3,Sem benefício,False
MG-ADB896FDB537,Setti,134 Pregão eletrônico nº 50/2026,134 Pregão eletrônico nº 50,2026,127,MG,Secretaria Municipal de Administração,18244335000110,MUNICIPIO DE SANTO ANTONIO DO AMPARO,M,Santo Antônio do Amparo,264685.42,,2026-09-18 16:44:30,2026-10-01 12:30:00,Pregão - Eletrônico,Aberto,Divulgada no PNCP,False,https://pncp.gov.br/app/editais/18244335000110/2026/127,www.bnc.org.br,MG,Material,True,False,4,Não se aplica,True
COMPRASBR-762CB87E2B27,Air Liquide,021/2026,021,2026,81,Minas Gerais,Prefeitura Municipal de Nepomuceno - MG,18244350000169,MUNICIPIO DE NEPOMUCENO,M,Nepomuceno,1555861.35,,2026-09-02 17:01:45,2026-09-24 12:59:00,Pregão - Eletrônico,Aberto,Divulgada no PNCP,True,https://pncp.gov.br/app/editais/18244350000169/2026/81,https://comprasbr.com.br/pregao-eletronico-detalhe/?idlicitacao=48096,Compras BR,Material,True,False,10,Não se aplica; Participação exclusiva para ME/EPP,True
PCP-FA74F0C3DBC6,Air Liquide,66/2026,66,2026,179,MG,Prefeitura Municipal de Lavras,18244376000107,MUNICIPIO DE LAVRAS,M,Lavras,6039895.0,,2026-09-16 11:54:24,2026-10-01 13:15:00,Pregão - Eletrônico,Aberto,Divulgada no PNCP,True,https://pncp.gov.br/app/editais/18244376000107/2026/179,https://www.portaldecompraspublicas.com.br/processos/MG/Prefeitura-Municipal-de-Lavras-3123/RPE-66-2026-2026-498353,Portal de Compras Públicas,Material,True,False,7,Sem benefício,False
MG-A81089D24C8D,Divena,00007026/2026,00007026,2026,43,Minas Gerais,PREFEITURA MUNICIPAL DE ITUMIRIM,18244392000108,MUNICIPIO DE ITUMIRIM,M,Itumirim,2394767.09,,2026-08-20 13:26:07,2026-09-18 12:30:00,Pregão - Eletrônico,Aberto,Divulgada no PNCP,False,https://pncp.gov.br/app/editais/18244392000108/2026/43,https://itumirim.licitapp.com.br//,MG,Material,True,False,5,Sem benefício,False
MG-A81089D24C8D,Cabala,00007026/2026,00007026,2026,43,Minas Gerais,PREFEITURA MUNICIPAL DE ITUMIRIM,18244392000108,MUNICIPIO DE ITUMIRIM,M,Itumirim,2394767.09,,2026-08-20 13:26:07,2026-09-18 12:30:00,Pregão - Eletrônico,Aberto,Divulgada no PNCP,False,https://pncp.gov.br/app/editais/18244392000108/2026/43,https://itumirim.licitapp.com.br//,MG,Material,True,False,5,Sem benefício,False
MG-91E7A64D5EDF,Air Liquide,00011326/2026,00011326,2026,110,Minas Gerais,PREFEITURA MUNICIPAL DE IBITURUNA,18244418000100,MUNICIPIO DE IBITURUNA,M,Ibituruna,0.0,,2026-09-01 10:57:26,2026-09-16 08:00:00,Pregão - Eletrônico,Aberto,Divulgada no PNCP,True,https://pncp.gov.br/app/editais/18244418000100/2026/110,,MG,Material,True,False,3,Sem benefício,False
AMM-CE8116468D74,Air Liquide,022/2026,022,2026,27,Minas Gerais,Unidade Única,18291369000166,MUNICIPIO DE SAO GONCALO DO PARA,M,São Gonçalo do Pará,435903.49,,2026-08-17 16:51:08,2026-08-31 08:00:00,Pregão - Eletrônico,Aberto,Divulgada no PNCP,True,https://pncp.gov.br/app/editais/18291369000166/2026/27,https://app2.ammlicita.org.br/pesquisa/110657,AMM Licita,Material,True,False,9,Sem benefício,False
MG-B15401ABF272,Divena,PE 26/2026,PE 26,2026,124,MG,ADMINISTRAÇÃO E RH,18291377000102,MUNICIPIO DE CARMO DO CAJURU,M,Carmo do Cajuru,756912.5,,2026-07-06 09:57:49,2026-10-09 08:45:00,Pregão - Eletrônico,Aberto,Divulgada no PNCP,False,https://pncp.gov.br/app/editais/18291377000102/2026/124,,MG,Material,True,False,2,Sem benefício,False
MG-B15401ABF272,Cabala,PE 26/2026,PE 26,2026,124,MG,ADMINISTRAÇÃO E RH,18291377000102,MUNICIPIO DE CARMO DO CAJURU,M,Carmo do Cajuru,756912.5,,2026-07-06 09:57:49,2026-10-09 08:45:00,Pregão - Eletrônico,Aberto,Divulgada no PNCP,False,https://pncp.gov.br/app/editais/18291377000102/2026/124,,MG,Material,True,False,2,Sem benefício,False
MG-B15401ABF272,Rodobens,PE 26/2026,PE 26,2026,124,MG,ADMINISTRAÇÃO E RH,18291377000102,MUNICIPIO DE CARMO DO CAJURU,M,Carmo do Cajuru,756912.5,,2026-07-06 09:57:49,2026-10-09 08:45:00,Pregão - Eletrônico,Aberto,Divulgada no PNCP,False,https://pncp.gov.br/app/editais/18291377000102/2026/124,,MG,Material,True,False,2,Sem benefício,False
PCP-CE973508C5EE,Divena,18/2026,18,2026,64,MG,Prefeitura Municipal de Paineiras,18296673000104,MUNICIPIO DE PAINEIRAS,M,Paineiras,1077000.0,,2026-09-22 12:43:47,2026-10-05 12:00:00,Pregão - Eletrônico,Aberto,Divulgada no PNCP,False,https://pncp.gov.br/app/editais/18296673000104/2026/64,https://www.portaldecompraspublicas.com.br/processos/MG/Prefeitura-Municipal-de-Paineiras-2145/PE-18-2026-2026-513171,Portal de Compras Públicas,Material,True,False,1,Sem benefício,False
PCP-CE973508C5EE,Cabala,18/2026,18,2026,64,MG,Prefeitura Municipal de Paineiras,18296673000104,MUNICIPIO DE PAINEIRAS,M,Paineiras,1077000.0,,2026-09-22 12:43:47,2026-10-05 12:00:00,Pregão - Eletrônico,Aberto,Divulgada no PNCP,False,https://pncp.gov.br/app/editais/18296673000104/2026/64,https://www.portaldecompraspublicas.com.br/processos/MG/Prefeitura-Municipal-de-Paineiras-2145/PE-18-2026-2026-513171,Portal de Compras Públicas,Material,True,False,1,Sem benefício,False
MG-F3BC23ACA1D2,Divena,19/2026,19,2026,65,MG,Prefeitura Municipal de Paineiras,18296673000104,MUNICIPIO DE PAINEIRAS,M,Paineiras,322000.0,,2026-09-22 12:57:17,2026-10-09 12:00:00,Pregão - Eletrônico,Aberto,Divulgada no PNCP,False,https://pncp.gov.br/app/editais/18296673000104/2026/65,https://www.diariomunicipal.com.br/amm-mg/pesquisar?busca_avancada%5Bpage%5D=&busca_avancada%5BentidadeUsuaria%5D=1344&busca_avancada%5Bnome_orgao%5D=1833&busca_avancada%5Btitulo%5D=&busca_avancada%5Btexto%5D=&busca_avancada%5BdataInicio%5D=29%2F05%2F2026&busca_avancada%5BdataFim%5D=29%2F05%2F2026&busca_avancada%5BEnviar%5D=&busca_avancada%5B_token,MG,Material,True,False,1,Não se aplica,True
MG-F3BC23ACA1D2,Cabala,19/2026,19,2026,65,MG,Prefeitura Municipal de Paineiras,18296673000104,MUNICIPIO DE PAINEIRAS,M,Paineiras,322000.0,,2026-09-22 12:57:17,2026-10-09 12:00:00,Pregão - Eletrônico,Aberto,Divulgada no PNCP,False,https://pncp.gov.br/app/editais/18296673000104/2026/65,https://www.diariomunicipal.com.br/amm-mg/pesquisar?busca_avancada%5Bpage%5D=&busca_avancada%5BentidadeUsuaria%5D=1344&busca_avancada%5Bnome_orgao%5D=1833&busca_avancada%5Btitulo%5D=&busca_avancada%5Btexto%5D=&busca_avancada%5BdataInicio%5D=29%2F05%2F2026&busca_avancada%5BdataFim%5D=29%2F05%2F2026&busca_avancada%5BEnviar%5D=&busca_avancada%5B_token,MG,Material,True,False,1,Não se aplica,True
PCP-72EE31945953,Divena,19/2026,19,2026,66,MG,Prefeitura Municipal de Paineiras,18296673000104,MUNICIPIO DE PAINEIRAS,M,Paineiras,322000.0,,2026-09-22 13:34:19,2026-10-05 12:00:00,Pregão - Eletrônico,Aberto,Divulgada no PNCP,False,https://pncp.gov.br/app/editais/18296673000104/2026/66,https://www.portaldecompraspublicas.com.br/processos/MG/Prefeitura-Municipal-de-Paineiras-2145/PE-19-2026-2026-513206,Portal de Compras Públicas,Material,True,False,1,Sem benefício,False
PCP-72EE31945953,Cabala,19/2026,19,2026,66,MG,Prefeitura Municipal de Paineiras,18296673000104,MUNICIPIO DE PAINEIRAS,M,Paineiras,322000.0,,2026-09-22 13:34:19,2026-10-05 12:00:00,Pregão - Eletrônico,Aberto,Divulgada no PNCP,False,https://pncp.gov.br/app/editais/18296673000104/2026/66,https://www.portaldecompraspublicas.com.br/processos/MG/Prefeitura-Municipal-de-Paineiras-2145/PE-19-2026-2026-513206,Portal de Compras Públicas,Material,True,False,1,Sem benefício,False
AMM-06D356197F61,Divena,48/2026,48,2026,278,Minas Gerais,Unidade Única,18296699000144,MUNICIPIO DE QUARTEL GERAL,M,Quartel Geral,527000.0,,2026-08-11 08:02:24,2026-08-28 08:00:00,Pregão - Eletrônico,Aberto,Divulgada no PNCP,False,https://pncp.gov.br/app/editais/18296699000144/2026/278,https://app2.ammlicita.org.br/pesquisa/109991,AMM Licita,Material,True,False,1,Sem benefício,False
AMM-06D356197F61,Mercedes,48/2026,48,2026,278,Minas Gerais,Unidade Única,18296699000144,MUNICIPIO DE QUARTEL GERAL,M,Quartel Geral,527000.0,,2026-08-11 08:02:24,2026-08-28 08:00:00,Pregão - Eletrônico,Aberto,Divulgada no PNCP,False,https://pncp.gov.br/app/editais/18296699000144/2026/278,https://app2.ammlicita.org.br/pesquisa/109991,AMM Licita,Material,True,False,1,Sem benefício,False
AMM-7193835CB9CF,Divena,13/2026,13,2026,8,Minas Gerais,Unidade Única,18300996000116,MUNICIPIO DE ARAUJOS,M,Araújos,680000.0,,2026-08-14 10:58:13,2026-09-02 09:00:00,Pregão - Eletrônico,Aberto,Divulgada no PNCP,True,https://pncp.gov.br/app/editais/18300996000116/2026/8,https://app2.ammlicita.org.br/pesquisa/110493,AMM Licita,Material,True,False,1,Sem benefício,False
AMM-7193835CB9CF,Mercedes,13/2026,13,2026,8,Minas Gerais,Unidade Única,18300996000116,MUNICIPIO DE ARAUJOS,M,Araújos,680000.0,,2026-08-14 10:58:13,2026-09-02 09:00:00,Pregão - Eletrônico,Aberto,Divulgada no PNCP,True,https://pncp.gov.br/app/editais/18300996000116/2026/8,https://app2.ammlicita.org.br/pesquisa/110493,AMM Licita,Material,True,False,1,Sem benefício,False
LDIG-29EBCB447E57,Air Liquide,015/2026,015,2026,32,Minas Gerais,Unidade Única,18303180000146,MUNICIPIO DE CONGONHAS DO NORTE,M,Congonhas do Norte,306801.0,,2026-08-12 15:40:43,2026-08-25 09:00:00,Pregão - Eletrônico,Aberto,Divulgada no PNCP,True,https://pncp.gov.br/app/editais/18303180000146/2026/32,https://app2.licitardigital.com.br/pesquisa/110259,Licitar Digital,Material,True,False,5,Sem benefício,False
LDIG-4B4B387761E0,Air Liquide,0033/2026,0033,2026,45,Minas Gerais,Unidade Única,18303206000156,MUNICIPIO DE MATERLANDIA,M,Materlândia,0.0,,2026-09-01 14:42:05,2026-09-14 09:00:00,Pregão - Eletrônico,Aberto,Divulgada no PNCP,True,https://pncp.gov.br/app/editais/18303206000156/2026/45,https://app2.licitardigital.com.br/pesquisa/111951,Licitar Digital,Serviço,False,True,4,Participação exclusiva para ME/EPP; Sem benefício,True
LDIG-CF6BC06E3071,Air Liquide,22/2026,22,2026,26,MG,Unidade Única,18303230000195,MUNICIPIO DE SERRA AZUL DE MINAS,M,Serra Azul de Minas,367248.01,,2026-09-21 09:14:53,2026-10-01 09:00:00,Pregão - Eletrônico,Aberto,Divulgada no PNCP,True,https://pncp.gov.br/app/editais/18303230000195/2026/26,https://app2.licitardigital.com.br/pesquisa/114049,Licitar Digital,Material,True,False,5,Sem benefício,False
MG-29B679492268,Air Liquide,000025/2026,000025,2026,51,Minas Gerais,MUNICIPIO DE RIO VERMELHO,18303255000199,MUNICIPIO DE RIO VERMELHO,M,Rio Vermelho,71735.16,,2026-08-12 11:17:06,2026-08-13 08:00:00,Pregão - Eletrônico,Fechado,Divulgada no PNCP,False,https://pncp.gov.br/app/editais/18303255000199/2026/51,,MG,Material,True,False,6,Não se aplica,True
LDIG-63BC6748E2A8,Divena,000028/2026,000028,2026,56,Minas Gerais,MUNICIPIO DE RIO VERMELHO,18303255000199,MUNICIPIO DE RIO VERMELHO,M,Rio Vermelho,884110.17,,2026-08-17 14:20:23,2026-08-27 08:00:00,Pregão - Eletrônico,Aberto,Divulgada no PNCP,False,https://pncp.gov.br/app/editais/18303255000199/2026/56,https://app2.licitardigital.com.br/pesquisa/110671,Licitar Digital,Material,True,False,3,Sem benefício,False
LDIG-63BC6748E2A8,Cabala,000028/2026,000028,2026,56,Minas Gerais,MUNICIPIO DE RIO VERMELHO,18303255000199,MUNICIPIO DE RIO VERMELHO,M,Rio Vermelho,884110.17,,2026-08-17 14:20:23,2026-08-27 08:00:00,Pregão - Eletrônico,Aberto,Divulgada no PNCP,False,https://pncp.gov.br/app/editais/18303255000199/2026/56,https://app2.licitardigital.com.br/pesquisa/110671,Licitar Digital,Material,True,False,3,Sem benefício,False
LDIG-76B012BC6E11,Rodobens,48/2026,48,2026,170,MG,Unidade Única,18308775000194,MUNICIPIO DE CLAUDIO,M,Cláudio,0.0,,2026-09-17 08:07:41,2026-10-06 09:30:00,Pregão - Eletrônico,Aberto,Divulgada no PNCP,False,https://pncp.gov.br/app/editais/18308775000194/2026/170,https://app2.licitardigital.com.br/pesquisa/113529,Licitar Digital,Material,True,False,1,Sem benefício,False
LDIG-1CB0C58EF0CB,Editais,24/2026,24,2026,123,Minas Gerais,Unidade Única,18309724000187,MUNICIPIO DE ITAUNA,M,Itaúna,23080932.12,,2026-08-28 14:59:06,2026-09-15 08:30:00,Pregão - Eletrônico,Aberto-Fechado,Divulgada no PNCP,False,https://pncp.gov.br/app/editais/18309724000187/2026/123,https://app2.licitardigital.com.br/pesquisa/111984,Licitar Digital,Serviço,False,True,1,Sem benefício,False
LDIG-72C0BB26D8E5,Hexis,44/2026,44,2026,73,Minas Gerais,Unidade Única,18313007000129,MUNICIPIO DE CRUCILANDIA,M,Crucilândia,144421.08,,2026-08-27 15:45:02,2026-09-15 09:00:00,Pregão - Eletrônico,Aberto-Fechado,Divulgada no PNCP,False,https://pncp.gov.br/app/editais/18313007000129/2026/73,https://app2.licitardigital.com.br/pesquisa/111848,Licitar Digital,Material,True,False,10,Participação exclusiva para ME/EPP,True
LDIG-9032D0128662,Cabala,51/2026,51,2026,81,Minas Gerais,Unidade Única,18313007000129,MUNICIPIO DE CRUCILANDIA,M,Crucilândia,469830.0,,2026-09-17 09:47:19,2026-10-08 14:00:00,Pregão - Eletrônico,Aberto-Fechado,Divulgada no PNCP,False,https://pncp.gov.br/app/editais/18313007000129/2026/81,https://app2.licitardigital.com.br/pesquisa/113769,Licitar Digital,Material,True,False,1,Sem benefício,False
LDIG-9032D0128662,Rodobens,51/2026,51,2026,81,Minas Gerais,Unidade Única,18313007000129,MUNICIPIO DE CRUCILANDIA,M,Crucilândia,469830.0,,2026-09-17 09:47:19,2026-10-08 14:00:00,Pregão - Eletrônico,Aberto-Fechado,Divulgada no PNCP,False,https://pncp.gov.br/app/editais/18313007000129/2026/81,https://app2.licitardigital.com.br/pesquisa/113769,Licitar Digital,Material,True,False,1,Sem benefício,False
LDIG-4323A8D24A33,Rodobens,53/2026,53,2026,85,Minas Gerais,Unidade Única,18313007000129,MUNICIPIO DE CRUCILANDIA,M,Crucilândia,411500.0,,2026-09-21 11:46:06,2026-10-05 14:00:00,Pregão - Eletrônico,Aberto-Fechado,Divulgada no PNCP,False,https://pncp.gov.br/app/editais/18313007000129/2026/85,https://app2.licitardigital.com.br/pesquisa/114087,Licitar Digital,Material,True,False,1,Sem benefício,False
COMPRASGOV-00305C68AF40,Divena,24/2026,24,2026,64,Minas Gerais,PREFEITURA MUNICIPAL DE ITAGUARA,18313015000175,MUNICIPIO DE ITAGUARA,M,Itaguara,1197675.22,,2026-08-12 15:50:45,2026-09-03 09:00:00,Pregão - Eletrônico,Aberto-Fechado,Divulgada no PNCP,False,https://pncp.gov.br/app/editais/18313015000175/2026/64,https://cnetmobile.estaleiro.serpro.gov.br/comprasnet-web/public/compras/acompanhamento-compra?compra=98464305000242026,ComprasGov,Material,True,False,3,Sem benefício,False
COMPRASGOV-00305C68AF40,Cabala,24/2026,24,2026,64,Minas Gerais,PREFEITURA MUNICIPAL DE ITAGUARA,18313015000175,MUNICIPIO DE ITAGUARA,M,Itaguara,1197675.22,,2026-08-12 15:50:45,2026-09-03 09:00:00,Pregão - Eletrônico,Aberto-Fechado,Divulgada no PNCP,False,https://pncp.gov.br/app/editais/18313015000175/2026/64,https://cnetmobile.estaleiro.serpro.gov.br/comprasnet-web/public/compras/acompanhamento-compra?compra=98464305000242026,ComprasGov,Material,True,False,3,Sem benefício,False
LDIG-AB10DB5FDB63,Divena,063/2026,063,2026,79,Minas Gerais,Unidade Única,18313866000118,MUNICIPIO DE PAPAGAIOS,M,Papagaios,0.0,,2026-08-28 19:18:33,2026-09-14 10:00:00,Pregão - Eletrônico,Aberto,Divulgada no PNCP,False,https://pncp.gov.br/app/editais/18313866000118/2026/79,https://app2.licitardigital.com.br/pesquisa/111960,Licitar Digital,Material,True,False,1,Sem benefício,False
LDIG-AB10DB5FDB63,Mercedes,063/2026,063,2026,79,Minas Gerais,Unidade Única,18313866000118,MUNICIPIO DE PAPAGAIOS,M,Papagaios,0.0,,2026-08-28 19:18:33,2026-09-14 10:00:00,Pregão - Eletrônico,Aberto,Divulgada no PNCP,False,https://pncp.gov.br/app/editais/18313866000118/2026/79,https://app2.licitardigital.com.br/pesquisa/111960,Licitar Digital,Material,True,False,1,Sem benefício,False
LDIG-FFE02BEF1119,Hexis,018/2026,018,2026,25,Minas Gerais,Unidade Única,18313882000100,MUNICIPIO DE SAO JOSE DA VARGINHA,M,São José da Varginha,3276629.38,,2026-08-14 14:50:03,2026-08-31 08:00:00,Pregão - Eletrônico,Aberto,Divulgada no PNCP,True,https://pncp.gov.br/app/editais/18313882000100/2026/25,https://app2.licitardigital.com.br/pesquisa/110301,Licitar Digital,Serviço,False,True,10,Participação exclusiva para ME/EPP; Sem benefício,True
LDIG-0B5A922D2782,Cabala,18/2026,18,2026,99,MG,Unidade Única,18314617000147,MUNICIPIO DE CAPIM BRANCO,M,Capim Branco,450691.23,,2026-09-16 09:18:22,2026-09-28 09:00:00,Pregão - Eletrônico,Aberto,Divulgada no PNCP,False,https://pncp.gov.br/app/editais/18314617000147/2026/99,https://app2.licitardigital.com.br/pesquisa/113606,Licitar Digital,Material,True,False,1,Sem benefício,False
LDIG-49196E6F702C,Educantes,0016/2026,0016,2026,13,Minas Gerais,Unidade Única,18316257000112,MUNICIPIO DE PIEDADE DE PONTE NOVA,M,Piedade de Ponte Nova,130118.04,,2026-08-20 13:51:18,2026-09-22 09:00:00,Pregão - Eletrônico,Aberto,Divulgada no PNCP,True,https://pncp.gov.br/app/editais/18316257000112/2026/13,https://app2.licitardigital.com.br/pesquisa/111092,Licitar Digital,Serviço,False,True,1,Sem benefício,False
PCP-A95C64E16B3A,Hexis,041/2026,041,2026,260,Minas Gerais,Subsecretaria de Licitações e Compras - SSLICOM,18338178000102,MUNICIPIO DE JUIZ DE FORA,M,Juiz de Fora,33250.0,,2026-09-08 09:20:10,2026-09-21 08:50:00,Pregão - Eletrônico,Aberto,Divulgada no PNCP,True,https://pncp.gov.br/app/editais/18338178000102/2026/260,https://www.portaldecompraspublicas.com.br/processos/MG/Prefeitura-Municipal-de-Juiz-de-Fora-13/RPE-041-2026-2026-509512,Portal de Compras Públicas,Material,True,False,1,Participação exclusiva para ME/EPP,True
MG-1940435D611F,Air Liquide,39 Pregão eletrônico nº 9/2026,39 Pregão eletrônico nº 9,2026,46,Minas Gerais,Departamento de Infra-Estrutura,18348722000105,MUNICIPIO DE CORONEL MURTA,M,Coronel Murta,0.0,,2026-08-18 16:11:47,2026-09-03 08:00:00,Pregão - Eletrônico,Aberto,Divulgada no PNCP,False,https://pncp.gov.br/app/editais/18348722000105/2026/46,,MG,Material,True,False,10,Não se aplica,True
LDIG-E55A6135F3CA,Air Liquide,9/2026,9,2026,49,Minas Gerais,Departamento de Infra-Estrutura,18348722000105,MUNICIPIO DE CORONEL MURTA,M,Coronel Murta,0.0,,2026-08-20 15:36:33,2026-09-03 08:00:00,Pregão - Eletrônico,Aberto,Divulgada no PNCP,True,https://pncp.gov.br/app/editais/18348722000105/2026/49,https://app2.licitardigital.com.br/pesquisa/111070,Licitar Digital,Material,True,False,10,Participação exclusiva para ME/EPP; Sem benefício,True
BNC-4A951ADE0F25,Air Liquide,00018/2026,00018,2026,52,Minas Gerais,Unidade Única,18349894000195,MUNICIPIO DE ALMENARA,M,Almenara,384942.4,,2026-08-11 08:54:21,2026-08-26 09:00:00,Pregão - Eletrônico,Aberto-Fechado,Divulgada no PNCP,True,https://pncp.gov.br/app/editais/18349894000195/2026/52,https://bnccompras.com/Process/ProcessView?param1=[gkz]AznpS838rYmU0b_1fYnILyxief5mQL/ygJz7KgzQOIYx3p0StAQCKm_doZhpiXWuj5yLMrItJRjLq7uXmLWJxrr_FJG3e5yD/6i_2Fo4WJU=,BNC Compras,Material,True,False,9,Participação exclusiva para ME/EPP; Sem benefício,True
LDIG-25AC1DAA093D,Air Liquide,000010/2026,000010,2026,111,Minas Gerais,Secretária Municipal de Saúde,18363929000140,MUNICIPIO DE BRUMADINHO,M,Brumadinho,1351368.76,,2026-09-10 08:02:05,2026-09-28 09:00:00,Pregão - Eletrônico,Aberto-Fechado,Divulgada no PNCP,True,https://pncp.gov.br/app/editais/18363929000140/2026/111,https://app2.licitardigital.com.br/pesquisa/112690,Licitar Digital,Material,True,False,10,Sem benefício,False
AMM-623A23EC5E68,Equilam,000041/2026,000041,2026,49,Minas Gerais,Unidade Única,18400945000166,MUNICIPIO DE RIO PIRACICABA,M,Rio Piracicaba,0.0,,2026-09-10 07:20:51,2026-09-23 08:30:00,Pregão - Eletrônico,Aberto,Divulgada no PNCP,True,https://pncp.gov.br/app/editais/18400945000166/2026/49,https://app2.ammlicita.org.br/pesquisa/112946,AMM Licita,Material,True,False,10,Participação exclusiva para ME/EPP; Sem benefício,True
LDIG-96DDF5FC5DCE,Air Liquide,041/2026,041,2026,51,Minas Gerais,Unidade Única,18404764000108,MUNICIPIO DE PADRE PARAISO,M,Padre Paraíso,166409.5,,2026-07-14 07:06:21,2026-08-26 08:00:00,Pregão - Eletrônico,Aberto,Divulgada no PNCP,True,https://pncp.gov.br/app/editais/18404764000108/2026/51,https://app2.licitardigital.com.br/pesquisa/107077,Licitar Digital,Material,True,False,8,Participação exclusiva para ME/EPP,True
LDIG-4E8152883C5C,Gás medicinal,000017/2026,000017,2026,58,MG,Unidade Única,18404855000143,MUNICIPIO DE ITAMBACURI,M,Itambacuri,0.0,,2026-09-17 09:33:16,2026-09-25 09:00:00,Pregão - Eletrônico,Aberto,Divulgada no PNCP,False,https://pncp.gov.br/app/editais/18404855000143/2026/58,https://app2.licitardigital.com.br/pesquisa/111215,Licitar Digital,Material,True,False,7,Participação exclusiva para ME/EPP; Sem benefício,True
LDIG-409C3D21D6D3,Cabala,000013/2026,000013,2026,24,MG,Unidade Única,18404988000110,MUNICIPIO DE SAO JOSE DO DIVINO,M,São José do Divino,771147.18,,2026-09-22 09:20:40,2026-10-01 09:00:00,Pregão - Eletrônico,Aberto,Divulgada no PNCP,False,https://pncp.gov.br/app/editais/18404988000110/2026/24,https://app2.licitardigital.com.br/pesquisa/113969,Licitar Digital,Material,True,False,1,Sem benefício,False
LDIG-409C3D21D6D3,Divena,000013/2026,000013,2026,24,MG,Unidade Única,18404988000110,MUNICIPIO DE SAO JOSE DO DIVINO,M,São José do Divino,771147.18,,2026-09-22 09:20:40,2026-10-01 09:00:00,Pregão - Eletrônico,Aberto,Divulgada no PNCP,False,https://pncp.gov.br/app/editais/18404988000110/2026/24,https://app2.licitardigital.com.br/pesquisa/113969,Licitar Digital,Material,True,False,1,Sem benefício,False
LDIG-409C3D21D6D3,Rodobens,000013/2026,000013,2026,24,MG,Unidade Única,18404988000110,MUNICIPIO DE SAO JOSE DO DIVINO,M,São José do Divino,771147.18,,2026-09-22 09:20:40,2026-10-01 09:00:00,Pregão - Eletrônico,Aberto,Divulgada no PNCP,False,https://pncp.gov.br/app/editais/18404988000110/2026/24,https://app2.licitardigital.com.br/pesquisa/113969,Licitar Digital,Material,True,False,1,Sem benefício,False
BLL-FE045C037099,Divena,000011/2026,000011,2026,9,MG,MUNICIPIO DE ITUETA,18413179000174,MUNICIPIO DE ITUETA,M,Itueta,4558102.73,,2026-09-24 12:46:42,2026-10-07 10:00:00,Pregão - Eletrônico,Aberto-Fechado,Divulgada no PNCP,True,https://pncp.gov.br/app/editais/18413179000174/2026/9,https://bllcompras.com/Process/ProcessView?param1=[gkz]haUtQw0fxHmimecBuWjsfSwjhheGBFLC8ZhIdHv3b9lMX4Yd8nAW_cxULMqPqUscUYB1c4PxKJ_oj73WtRkZb7xO02ZO89GnXeF8xJFctOE=,BLL Compras,Material,True,False,9,Sem benefício,False
BLL-FE045C037099,Cabala,000011/2026,000011,2026,9,MG,MUNICIPIO DE ITUETA,18413179000174,MUNICIPIO DE ITUETA,M,Itueta,4558102.73,,2026-09-24 12:46:42,2026-10-07 10:00:00,Pregão - Eletrônico,Aberto-Fechado,Divulgada no PNCP,True,https://pncp.gov.br/app/editais/18413179000174/2026/9,https://bllcompras.com/Process/ProcessView?param1=[gkz]haUtQw0fxHmimecBuWjsfSwjhheGBFLC8ZhIdHv3b9lMX4Yd8nAW_cxULMqPqUscUYB1c4PxKJ_oj73WtRkZb7xO02ZO89GnXeF8xJFctOE=,BLL Compras,Material,True,False,9,Sem benefício,False
BLL-FE045C037099,Rodobens,000011/2026,000011,2026,9,MG,MUNICIPIO DE ITUETA,18413179000174,MUNICIPIO DE ITUETA,M,Itueta,4558102.73,,2026-09-24 12:46:42,2026-10-07 10:00:00,Pregão - Eletrônico,Aberto-Fechado,Divulgada no PNCP,True,https://pncp.gov.br/app/editais/18413179000174/2026/9,https://bllcompras.com/Process/ProcessView?param1=[gkz]haUtQw0fxHmimecBuWjsfSwjhheGBFLC8ZhIdHv3b9lMX4Yd8nAW_cxULMqPqUscUYB1c4PxKJ_oj73WtRkZb7xO02ZO89GnXeF8xJFctOE=,BLL Compras,Material,True,False,9,Sem benefício,False
LDIG-EC28A39FB7FF,Air Liquide,17/2026,17,2026,49,Minas Gerais,Unidade Única,18414565000180,MUNICIPIO DE PEDRA AZUL,M,Pedra Azul,0.0,,2026-09-01 16:07:15,2026-09-15 08:30:00,Pregão - Eletrônico,Aberto,Divulgada no PNCP,True,https://pncp.gov.br/app/editais/18414565000180/2026/49,https://app2.licitardigital.com.br/pesquisa/112276,Licitar Digital,Material,True,False,4,Participação exclusiva para ME/EPP; Sem benefício,True
LICITANET-B23E2C2FB346,Mercedes,028/2026,028,2026,12,MG,MUNICIPIO DE PLANURA - MG,18449157000164,MUNICIPIO DE PLANURA,M,Planura,671166.67,,2026-09-17 08:51:31,2026-10-01 08:00:00,Pregão - Eletrônico,Aberto,Divulgada no PNCP,False,https://pncp.gov.br/app/editais/18449157000164/2026/12,https://licitanet.com.br/sessao/201770,Licitanet,Material,True,False,1,Sem benefício,False
LICITANET-B23E2C2FB346,Divena,028/2026,028,2026,12,MG,MUNICIPIO DE PLANURA - MG,18449157000164,MUNICIPIO DE PLANURA,M,Planura,671166.67,,2026-09-17 08:51:31,2026-10-01 08:00:00,Pregão - Eletrônico,Aberto,Divulgada no PNCP,False,https://pncp.gov.br/app/editais/18449157000164/2026/12,https://licitanet.com.br/sessao/201770,Licitanet,Material,True,False,1,Sem benefício,False
LICITANET-B23E2C2FB346,Rodobens,028/2026,028,2026,12,MG,MUNICIPIO DE PLANURA - MG,18449157000164,MUNICIPIO DE PLANURA,M,Planura,671166.67,,2026-09-17 08:51:31,2026-10-01 08:00:00,Pregão - Eletrônico,Aberto,Divulgada no PNCP,False,https://pncp.gov.br/app/editais/18449157000164/2026/12,https://licitanet.com.br/sessao/201770,Licitanet,Material,True,False,1,Sem benefício,False
LMBR-8EEF6A6F4841,Mercedes,PERP 021/26/2026,PERP 021/26,2026,130,MG,MUNICIPIO DE SANTA VITORIA,18457226000181,MUNICIPIO DE SANTA VITORIA,M,Santa Vitória,1000475.26,,2026-09-24 14:17:15,2026-10-08 08:20:00,Pregão - Eletrônico,Aberto,Divulgada no PNCP,True,https://pncp.gov.br/app/editais/18457226000181/2026/130,https://licitamaisbrasil.com.br/detalhes-do-edital/Nt5V5j9Zc09EQGeq,Licita Mais Brasil,Material,True,False,2,Sem benefício,False
LMBR-8EEF6A6F4841,Divena,PERP 021/26/2026,PERP 021/26,2026,130,MG,MUNICIPIO DE SANTA VITORIA,18457226000181,MUNICIPIO DE SANTA VITORIA,M,Santa Vitória,1000475.26,,2026-09-24 14:17:15,2026-10-08 08:20:00,Pregão - Eletrônico,Aberto,Divulgada no PNCP,True,https://pncp.gov.br/app/editais/18457226000181/2026/130,https://licitamaisbrasil.com.br/detalhes-do-edital/Nt5V5j9Zc09EQGeq,Licita Mais Brasil,Material,True,False,2,Sem benefício,False
LMBR-8EEF6A6F4841,Rodobens,PERP 021/26/2026,PERP 021/26,2026,130,MG,MUNICIPIO DE SANTA VITORIA,18457226000181,MUNICIPIO DE SANTA VITORIA,M,Santa Vitória,1000475.26,,2026-09-24 14:17:15,2026-10-08 08:20:00,Pregão - Eletrônico,Aberto,Divulgada no PNCP,True,https://pncp.gov.br/app/editais/18457226000181/2026/130,https://licitamaisbrasil.com.br/detalhes-do-edital/Nt5V5j9Zc09EQGeq,Licita Mais Brasil,Material,True,False,2,Sem benefício,False
LICITANET-3A3EB6D542BE,Divena,068/2026,068,2026,50,MG,MUNICIPIO DE ITURAMA/MG,18457242000174,MUNICIPIO DE ITURAMA,M,Iturama,1657629.5,,2026-08-13 11:16:01,2026-10-14 09:00:00,Pregão - Eletrônico,Aberto,Divulgada no PNCP,True,https://pncp.gov.br/app/editais/18457242000174/2026/50,https://licitanet.com.br/sessao/197624,Licitanet,Material,True,False,4,Sem benefício,False
LICITANET-3A3EB6D542BE,Cabala,068/2026,068,2026,50,MG,MUNICIPIO DE ITURAMA/MG,18457242000174,MUNICIPIO DE ITURAMA,M,Iturama,1657629.5,,2026-08-13 11:16:01,2026-10-14 09:00:00,Pregão - Eletrônico,Aberto,Divulgada no PNCP,True,https://pncp.gov.br/app/editais/18457242000174/2026/50,https://licitanet.com.br/sessao/197624,Licitanet,Material,True,False,4,Sem benefício,False
LICITANET-3A3EB6D542BE,Rodobens,068/2026,068,2026,50,MG,MUNICIPIO DE ITURAMA/MG,18457242000174,MUNICIPIO DE ITURAMA,M,Iturama,1657629.5,,2026-08-13 11:16:01,2026-10-14 09:00:00,Pregão - Eletrônico,Aberto,Divulgada no PNCP,True,https://pncp.gov.br/app/editais/18457242000174/2026/50,https://licitanet.com.br/sessao/197624,Licitanet,Material,True,False,4,Sem benefício,False
LICITANET-C13ED527C807,Hexis,029/2026,029,2026,26,MG,MUNICIPIO DE CACHOEIRA DOURADA/MG,18457267000178,MUNICIPIO DE CACHOEIRA DOURADA,M,Cachoeira Dourada,368544.81,,2026-09-18 08:25:19,2026-09-29 08:00:00,Pregão - Eletrônico,Aberto,Divulgada no PNCP,True,https://pncp.gov.br/app/editais/18457267000178/2026/26,https://licitanet.com.br/sessao/201956,Licitanet,Material,True,False,10,Sem benefício,False
LICITANET-829EB2F515EB,Divena,075/2026,075,2026,36,MG,MUNICÍPIO DE CRUZEIRO DA FORTALEZA/MG,18468041000172,MUNICIPIO DE CRUZEIRO DA FORTALEZA,M,Cruzeiro da Fortaleza,588865.03,,2026-09-28 14:55:20,2026-10-14 08:00:00,Pregão - Eletrônico,Aberto,Divulgada no PNCP,False,https://pncp.gov.br/app/editais/18468041000172/2026/36,https://licitanet.com.br/sessao/202988,Licitanet,Material,True,False,1,Sem benefício,False
LICITANET-829EB2F515EB,Mercedes,075/2026,075,2026,36,MG,MUNICÍPIO DE CRUZEIRO DA FORTALEZA/MG,18468041000172,MUNICIPIO DE CRUZEIRO DA FORTALEZA,M,Cruzeiro da Fortaleza,588865.03,,2026-09-28 14:55:20,2026-10-14 08:00:00,Pregão - Eletrônico,Aberto,Divulgada no PNCP,False,https://pncp.gov.br/app/editais/18468041000172/2026/36,https://licitanet.com.br/sessao/202988,Licitanet,Material,True,False,1,Sem benefício,False
LICITANET-829EB2F515EB,Rodobens,075/2026,075,2026,36,MG,MUNICÍPIO DE CRUZEIRO DA FORTALEZA/MG,18468041000172,MUNICIPIO DE CRUZEIRO DA FORTALEZA,M,Cruzeiro da Fortaleza,588865.03,,2026-09-28 14:55:20,2026-10-14 08:00:00,Pregão - Eletrônico,Aberto,Divulgada no PNCP,False,https://pncp.gov.br/app/editais/18468041000172/2026/36,https://licitanet.com.br/sessao/202988,Licitanet,Material,True,False,1,Sem benefício,False
LDIG-95FDD53E2287,Divena,33/2026,33,2026,43,Minas Gerais,Unidade Única,18477315000190,MUNICIPIO DE CARLOS CHAGAS,M,Carlos Chagas,46133.0,,2026-08-20 12:01:07,2026-09-08 08:30:00,Pregão - Eletrônico,Aberto,Divulgada no PNCP,True,https://pncp.gov.br/app/editais/18477315000190/2026/43,https://app2.licitardigital.com.br/pesquisa/111041,Licitar Digital,Serviço,False,True,4,Participação exclusiva para ME/EPP,True
LDIG-95FDD53E2287,Cabala,33/2026,33,2026,43,Minas Gerais,Unidade Única,18477315000190,MUNICIPIO DE CARLOS CHAGAS,M,Carlos Chagas,46133.0,,2026-08-20 12:01:07,2026-09-08 08:30:00,Pregão - Eletrônico,Aberto,Divulgada no PNCP,True,https://pncp.gov.br/app/editais/18477315000190/2026/43,https://app2.licitardigital.com.br/pesquisa/111041,Licitar Digital,Serviço,False,True,4,Participação exclusiva para ME/EPP,True
MG-860A2ED80D14,Air Liquide,36/2026,36,2026,88,Minas Gerais,MEDIA E ALTA COMPLEXIDADE,18591149000158,MUNICIPIO DE COROMANDEL,M,Coromandel,3022018.5,,2026-09-01 10:52:31,2026-09-18 08:00:00,Pregão - Eletrônico,Aberto,Divulgada no PNCP,True,https://pncp.gov.br/app/editais/18591149000158/2026/88,                                                                                                    ,MG,Material,True,False,6,Sem benefício,False
AMM-17D20C79C03E,GCT,000029/2026,000029,2026,76,MG,Unidade Única,18666172000164,MUNICIPIO DE SAO PEDRO DA UNIAO,M,São Pedro da União,212250.8,,2026-09-25 16:57:48,2026-10-16 10:00:00,Pregão - Eletrônico,Aberto-Fechado,Divulgada no PNCP,False,https://pncp.gov.br/app/editais/18666172000164/2026/76,https://app2.ammlicita.org.br/pesquisa/114717,AMM Licita,Serviço,False,True,10,Sem benefício,False
AMM-2F0AF33EB932,Air Liquide,69/2026,69,2026,106,Minas Gerais,SECRETARIA MUNICIPAL DE ADMINISTRACAO,18668376000134,MUNICIPIO DE MONTE BELO,M,Monte Belo,356099.76,,2026-08-12 13:39:35,2026-08-28 09:00:00,Pregão - Eletrônico,Aberto,Divulgada no PNCP,True,https://pncp.gov.br/app/editais/18668376000134/2026/106,https://app2.ammlicita.org.br/pesquisa/110214,AMM Licita,Serviço,False,True,4,Sem benefício,False
MG-1777C5020618,Divena,059/2026/2026,059/2026,2026,89,Minas Gerais,Munhoz,18675934000199,MUNICIPIO DE MUNHOZ,M,Munhoz,5241259.39,,2026-08-26 16:43:21,2026-09-25 08:30:00,Pregão - Eletrônico,Aberto,Divulgada no PNCP,True,https://pncp.gov.br/app/editais/18675934000199/2026/89,,MG,Material,True,False,10,Sem benefício,False
MG-1777C5020618,Cabala,059/2026/2026,059/2026,2026,89,Minas Gerais,Munhoz,18675934000199,MUNICIPIO DE MUNHOZ,M,Munhoz,5241259.39,,2026-08-26 16:43:21,2026-09-25 08:30:00,Pregão - Eletrônico,Aberto,Divulgada no PNCP,True,https://pncp.gov.br/app/editais/18675934000199/2026/89,,MG,Material,True,False,10,Sem benefício,False
MG-1777C5020618,Mercedes,059/2026/2026,059/2026,2026,89,Minas Gerais,Munhoz,18675934000199,MUNICIPIO DE MUNHOZ,M,Munhoz,5241259.39,,2026-08-26 16:43:21,2026-09-25 08:30:00,Pregão - Eletrônico,Aberto,Divulgada no PNCP,True,https://pncp.gov.br/app/editais/18675934000199/2026/89,,MG,Material,True,False,10,Sem benefício,False
MG-1777C5020618,Rodobens,059/2026/2026,059/2026,2026,89,Minas Gerais,Munhoz,18675934000199,MUNICIPIO DE MUNHOZ,M,Munhoz,5241259.39,,2026-08-26 16:43:21,2026-09-25 08:30:00,Pregão - Eletrônico,Aberto,Divulgada no PNCP,True,https://pncp.gov.br/app/editais/18675934000199/2026/89,,MG,Material,True,False,10,Sem benefício,False
PCP-E1B70C75616C,Divena,36/2026,36,2026,120,MG,Prefeitura Municipal de Congonhal,18675967000139,MUNICIPIO DE CONGONHAL,M,Congonhal,2328800.0,,2026-09-18 10:29:50,2026-10-01 08:15:00,Pregão - Eletrônico,Aberto,Divulgada no PNCP,True,https://pncp.gov.br/app/editais/18675967000139/2026/120,https://www.portaldecompraspublicas.com.br/processos/MG/Prefeitura-Municipal-de-Congonhal-2475/RPE-36-2026-2026-508745,Portal de Compras Públicas,Material,True,False,1,Sem benefício,False
PCP-E1B70C75616C,Mercedes,36/2026,36,2026,120,MG,Prefeitura Municipal de Congonhal,18675967000139,MUNICIPIO DE CONGONHAL,M,Congonhal,2328800.0,,2026-09-18 10:29:50,2026-10-01 08:15:00,Pregão - Eletrônico,Aberto,Divulgada no PNCP,True,https://pncp.gov.br/app/editais/18675967000139/2026/120,https://www.portaldecompraspublicas.com.br/processos/MG/Prefeitura-Municipal-de-Congonhal-2475/RPE-36-2026-2026-508745,Portal de Compras Públicas,Material,True,False,1,Sem benefício,False
MG-E9B881750507,Divena,51/2026/2026,51/2026,2026,130,Minas Gerais,Cambuí,18675975000185,MUNICIPIO DE CAMBUI,M,Cambuí,1044864.62,,2026-09-14 08:58:13,2026-09-24 08:00:00,Pregão - Eletrônico,Aberto,Divulgada no PNCP,False,https://pncp.gov.br/app/editais/18675975000185/2026/130,,MG,Material,True,False,2,Sem benefício,False
MG-E9B881750507,Mercedes,51/2026/2026,51/2026,2026,130,Minas Gerais,Cambuí,18675975000185,MUNICIPIO DE CAMBUI,M,Cambuí,1044864.62,,2026-09-14 08:58:13,2026-09-24 08:00:00,Pregão - Eletrônico,Aberto,Divulgada no PNCP,False,https://pncp.gov.br/app/editais/18675975000185/2026/130,,MG,Material,True,False,2,Sem benefício,False
AMM-596B4D8F3069,Divena,115/2026,115,2026,466,Minas Gerais,Unidade Única,18677591000100,MUNICIPIO DE EXTREMA,M,Extrema,8604783.4,,2026-09-14 17:16:39,2026-09-30 09:00:00,Pregão - Eletrônico,Aberto,Divulgada no PNCP,True,https://pncp.gov.br/app/editais/18677591000100/2026/466,https://app2.ammlicita.org.br/pesquisa/113440,AMM Licita,Material,True,False,2,Sem benefício,False
AMM-596B4D8F3069,Cabala,115/2026,115,2026,466,Minas Gerais,Unidade Única,18677591000100,MUNICIPIO DE EXTREMA,M,Extrema,8604783.4,,2026-09-14 17:16:39,2026-09-30 09:00:00,Pregão - Eletrônico,Aberto,Divulgada no PNCP,True,https://pncp.gov.br/app/editais/18677591000100/2026/466,https://app2.ammlicita.org.br/pesquisa/113440,AMM Licita,Material,True,False,2,Sem benefício,False
PCP-B4F65F29E8DF,Air Liquide,142/2026,142,2026,59,Minas Gerais,Prefeitura Municipal de Bom Jardim de Minas,18684217000123,MUNICIPIO DE BOM JARDIM DE MINAS,M,Bom Jardim de Minas,966661.6,,2026-09-16 05:15:06,2026-10-01 10:00:00,Pregão - Eletrônico,Aberto,Divulgada no PNCP,True,https://pncp.gov.br/app/editais/18684217000123/2026/59,https://www.portaldecompraspublicas.com.br/processos/MG/Prefeitura-Municipal-de-Bom-Jardim-de-Minas-1568/RPE-142-2026-2026-511593,Portal de Compras Públicas,Material,True,False,8,Sem benefício,False
COMPRASGOV-A42659FE04B7,Mercedes,22/2026,22,2026,67,Minas Gerais,PREFEITURA MUNICIPAL DE ITATIAIUCU - MG,18691766000125,MUNICIPIO DE ITATIAIUCU,M,Itatiaiuçu,1511555.37,,2026-08-13 13:00:54,2026-09-09 08:30:00,Pregão - Eletrônico,Aberto,Divulgada no PNCP,False,https://pncp.gov.br/app/editais/18691766000125/2026/67,https://cnetmobile.estaleiro.serpro.gov.br/comprasnet-web/public/compras/acompanhamento-compra?compra=98467305000222026,ComprasGov,Material,True,False,3,Sem benefício,False
COMPRASGOV-A42659FE04B7,Divena,22/2026,22,2026,67,Minas Gerais,PREFEITURA MUNICIPAL DE ITATIAIUCU - MG,18691766000125,MUNICIPIO DE ITATIAIUCU,M,Itatiaiuçu,1511555.37,,2026-08-13 13:00:54,2026-09-09 08:30:00,Pregão - Eletrônico,Aberto,Divulgada no PNCP,False,https://pncp.gov.br/app/editais/18691766000125/2026/67,https://cnetmobile.estaleiro.serpro.gov.br/comprasnet-web/public/compras/acompanhamento-compra?compra=98467305000222026,ComprasGov,Material,True,False,3,Sem benefício,False
COMPRASGOV-5CE78F2A7388,Divena,31/2026,31,2026,76,Minas Gerais,PREFEITURA MUNICIPAL DE ITATIAIUCU - MG,18691766000125,MUNICIPIO DE ITATIAIUCU,M,Itatiaiuçu,1265876.61,,2026-09-10 14:58:26,2026-09-23 08:30:00,Pregão - Eletrônico,Aberto-Fechado,Divulgada no PNCP,False,https://pncp.gov.br/app/editais/18691766000125/2026/76,https://cnetmobile.estaleiro.serpro.gov.br/comprasnet-web/public/compras/acompanhamento-compra?compra=98467305000312026,ComprasGov,Material,True,False,2,Sem benefício,False
COMPRASGOV-5CE78F2A7388,Cabala,31/2026,31,2026,76,Minas Gerais,PREFEITURA MUNICIPAL DE ITATIAIUCU - MG,18691766000125,MUNICIPIO DE ITATIAIUCU,M,Itatiaiuçu,1265876.61,,2026-09-10 14:58:26,2026-09-23 08:30:00,Pregão - Eletrônico,Aberto-Fechado,Divulgada no PNCP,False,https://pncp.gov.br/app/editais/18691766000125/2026/76,https://cnetmobile.estaleiro.serpro.gov.br/comprasnet-web/public/compras/acompanhamento-compra?compra=98467305000312026,ComprasGov,Material,True,False,2,Sem benefício,False
LDIG-76B26282B81B,Mercedes,23/2026,23,2026,34,Minas Gerais,Unidade Única,18712158000150,MUNICIPIO DE SAO GONCALO DO SAPUCAI,M,São Gonçalo do Sapucaí,4716619.11,,2026-08-14 10:58:59,2026-08-25 09:31:00,Pregão - Eletrônico,Aberto,Divulgada no PNCP,False,https://pncp.gov.br/app/editais/18712158000150/2026/34,https://app2.licitardigital.com.br/pesquisa/110468,Licitar Digital,Material,True,False,7,Sem benefício,False
LDIG-76B26282B81B,Divena,23/2026,23,2026,34,Minas Gerais,Unidade Única,18712158000150,MUNICIPIO DE SAO GONCALO DO SAPUCAI,M,São Gonçalo do Sapucaí,4716619.11,,2026-08-14 10:58:59,2026-08-25 09:31:00,Pregão - Eletrônico,Aberto,Divulgada no PNCP,False,https://pncp.gov.br/app/editais/18712158000150/2026/34,https://app2.licitardigital.com.br/pesquisa/110468,Licitar Digital,Material,True,False,7,Sem benefício,False
LDIG-76B26282B81B,Rodobens,23/2026,23,2026,34,Minas Gerais,Unidade Única,18712158000150,MUNICIPIO DE SAO GONCALO DO SAPUCAI,M,São Gonçalo do Sapucaí,4716619.11,,2026-08-14 10:58:59,2026-08-25 09:31:00,Pregão - Eletrônico,Aberto,Divulgada no PNCP,False,https://pncp.gov.br/app/editais/18712158000150/2026/34,https://app2.licitardigital.com.br/pesquisa/110468,Licitar Digital,Material,True,False,7,Sem benefício,False
PCMG-CF07C7EDB002,Divena,77/2026,77,2026,42,Minas Gerais,SETOR DE COMPRAS/DPO/SEAPA,18715573000167,"SECRETARIA DE ESTADO DE AGRICULTURA, PECUARIA E ABASTECIMENTO",E,Belo Horizonte,203585039.0,,2026-08-28 10:50:35,2026-10-05 10:00:00,Pregão - Eletrônico,Aberto-Fechado,Divulgada no PNCP,True,https://pncp.gov.br/app/editais/18715573000167/2026/42,https://www1.compras.mg.gov.br/n/procedimentolei14133/consulta/eletronico/visualizar/2026/77/1231021,Portal de Compras MG,Material,True,False,5,Sem benefício,False
PCMG-CF07C7EDB002,Mercedes,77/2026,77,2026,42,Minas Gerais,SETOR DE COMPRAS/DPO/SEAPA,18715573000167,"SECRETARIA DE ESTADO DE AGRICULTURA, PECUARIA E ABASTECIMENTO",E,Belo Horizonte,203585039.0,,2026-08-28 10:50:35,2026-10-05 10:00:00,Pregão - Eletrônico,Aberto-Fechado,Divulgada no PNCP,True,https://pncp.gov.br/app/editais/18715573000167/2026/42,https://www1.compras.mg.gov.br/n/procedimentolei14133/consulta/eletronico/visualizar/2026/77/1231021,Portal de Compras MG,Material,True,False,5,Sem benefício,False
PCMG-CF07C7EDB002,Rodobens,77/2026,77,2026,42,Minas Gerais,SETOR DE COMPRAS/DPO/SEAPA,18715573000167,"SECRETARIA DE ESTADO DE AGRICULTURA, PECUARIA E ABASTECIMENTO",E,Belo Horizonte,203585039.0,,2026-08-28 10:50:35,2026-10-05 10:00:00,Pregão - Eletrônico,Aberto-Fechado,Divulgada no PNCP,True,https://pncp.gov.br/app/editais/18715573000167/2026/42,https://www1.compras.mg.gov.br/n/procedimentolei14133/consulta/eletronico/visualizar/2026/77/1231021,Portal de Compras MG,Material,True,False,5,Sem benefício,False
AMM-24BB1E5FAE89,Divena,32/2026,32,2026,145,MG,Unidade Única,18940098000122,MUNICIPIO DE BUENO BRANDAO,M,Bueno Brandão,3820008.8,,2026-09-25 08:24:55,2026-10-08 09:30:00,Pregão - Eletrônico,Aberto-Fechado,Divulgada no PNCP,False,https://pncp.gov.br/app/editais/18940098000122/2026/145,https://app2.ammlicita.org.br/pesquisa/114614,AMM Licita,Material,True,False,6,Sem benefício,False
AMM-24BB1E5FAE89,Cabala,32/2026,32,2026,145,MG,Unidade Única,18940098000122,MUNICIPIO DE BUENO BRANDAO,M,Bueno Brandão,3820008.8,,2026-09-25 08:24:55,2026-10-08 09:30:00,Pregão - Eletrônico,Aberto-Fechado,Divulgada no PNCP,False,https://pncp.gov.br/app/editais/18940098000122/2026/145,https://app2.ammlicita.org.br/pesquisa/114614,AMM Licita,Material,True,False,6,Sem benefício,False
AMM-24BB1E5FAE89,Rodobens,32/2026,32,2026,145,MG,Unidade Única,18940098000122,MUNICIPIO DE BUENO BRANDAO,M,Bueno Brandão,3820008.8,,2026-09-25 08:24:55,2026-10-08 09:30:00,Pregão - Eletrônico,Aberto-Fechado,Divulgada no PNCP,False,https://pncp.gov.br/app/editais/18940098000122/2026/145,https://app2.ammlicita.org.br/pesquisa/114614,AMM Licita,Material,True,False,6,Sem benefício,False
LDIG-94B6F883EB66,Cabalas,0034/2026,0034,2026,75,Minas Gerais,Unidade Única,19229921000159,MUNICIPIO DE CAPELINHA,M,Capelinha,539000.0,,2026-08-11 14:15:23,2026-08-24 08:30:00,Pregão - Eletrônico,Aberto,Divulgada no PNCP,False,https://pncp.gov.br/app/editais/19229921000159/2026/75,https://app2.licitardigital.com.br/pesquisa/110083,Licitar Digital,Material,True,False,1,Sem benefício,False
MG-78BDEAA29BDE,Divena,00010326/2026,00010326,2026,68,MG,PREFEITURA MUNICIPAL DE CAPELA NOVA,19259951000108,MUNICIPIO DE CAPELA NOVA,M,Capela Nova,1497740.87,,2026-09-24 14:58:36,2026-10-08 09:30:00,Pregão - Eletrônico,Aberto-Fechado,Divulgada no PNCP,False,https://pncp.gov.br/app/editais/19259951000108/2026/68,,MG,Material,True,False,3,Sem benefício,False
MG-78BDEAA29BDE,Mercedes,00010326/2026,00010326,2026,68,MG,PREFEITURA MUNICIPAL DE CAPELA NOVA,19259951000108,MUNICIPIO DE CAPELA NOVA,M,Capela Nova,1497740.87,,2026-09-24 14:58:36,2026-10-08 09:30:00,Pregão - Eletrônico,Aberto-Fechado,Divulgada no PNCP,False,https://pncp.gov.br/app/editais/19259951000108/2026/68,,MG,Material,True,False,3,Sem benefício,False
MG-78BDEAA29BDE,Rodobens,00010326/2026,00010326,2026,68,MG,PREFEITURA MUNICIPAL DE CAPELA NOVA,19259951000108,MUNICIPIO DE CAPELA NOVA,M,Capela Nova,1497740.87,,2026-09-24 14:58:36,2026-10-08 09:30:00,Pregão - Eletrônico,Aberto-Fechado,Divulgada no PNCP,False,https://pncp.gov.br/app/editais/19259951000108/2026/68,,MG,Material,True,False,3,Sem benefício,False
MG-78BDEAA29BDE,Cabala,00010326/2026,00010326,2026,68,MG,PREFEITURA MUNICIPAL DE CAPELA NOVA,19259951000108,MUNICIPIO DE CAPELA NOVA,M,Capela Nova,1497740.87,,2026-09-24 14:58:36,2026-10-08 09:30:00,Pregão - Eletrônico,Aberto-Fechado,Divulgada no PNCP,False,https://pncp.gov.br/app/editais/19259951000108/2026/68,,MG,Material,True,False,3,Sem benefício,False
AL-D817BD02FD28,Air Liquide,031/2026,031,2026,17,Alagoas,FUNDO MUNICIPAL DE SAÚDE DE CAMPO ALEGRE,19296278000186,FUNDO MUNICIPAL DE SAUDE DO MUNICIPIO DE CAMPO ALEGRE,M,Campo Alegre,1494710.29,,2026-08-13 15:16:52,2026-08-26 09:00:00,Pregão - Eletrônico,Aberto,Divulgada no PNCP,True,https://pncp.gov.br/app/editais/19296278000186/2026/17,,AL,Material,True,False,10,Participação exclusiva para ME/EPP; Sem benefício,True
AMM-AE98AA92FFF4,Air Liquide,040/2026,040,2026,311,Minas Gerais,Unidade Única,19382647000153,MUNICIPIO DE GUARACIABA,M,Guaraciaba,658263.72,,2026-08-31 07:35:23,2026-09-16 08:00:00,Pregão - Eletrônico,Aberto,Divulgada no PNCP,False,https://pncp.gov.br/app/editais/19382647000153/2026/311,https://app2.ammlicita.org.br/pesquisa/110255,AMM Licita,Serviço,False,True,10,Sem benefício,False
LICITANET-97FDDD9455F5,Cabala,046/2026,046,2026,100,MG,CONSORCIO INTERFEDERATIVO MINAS GERAIS - CIMINAS,19493732000199,CONSORCIO INTERFEDERATIVO MINAS GERAIS - CIMINAS,N,Araxá,10529785.5,,2026-09-24 17:30:20,2026-10-07 08:30:00,Pregão - Eletrônico,Aberto,Divulgada no PNCP,True,https://pncp.gov.br/app/editais/19493732000199/2026/100,https://licitanet.com.br/sessao/202712,Licitanet,Material,True,False,1,Sem benefício,False
LICITANET-97FDDD9455F5,Divena,046/2026,046,2026,100,MG,CONSORCIO INTERFEDERATIVO MINAS GERAIS - CIMINAS,19493732000199,CONSORCIO INTERFEDERATIVO MINAS GERAIS - CIMINAS,N,Araxá,10529785.5,,2026-09-24 17:30:20,2026-10-07 08:30:00,Pregão - Eletrônico,Aberto,Divulgada no PNCP,True,https://pncp.gov.br/app/editais/19493732000199/2026/100,https://licitanet.com.br/sessao/202712,Licitanet,Material,True,False,1,Sem benefício,False
LICITANET-57BE47F12324,Divena,047/2026,047,2026,102,MG,CONSORCIO INTERFEDERATIVO MINAS GERAIS - CIMINAS,19493732000199,CONSORCIO INTERFEDERATIVO MINAS GERAIS - CIMINAS,N,Araxá,55716868.0,,2026-09-25 16:43:55,2026-10-07 13:30:00,Pregão - Eletrônico,Aberto,Divulgada no PNCP,True,https://pncp.gov.br/app/editais/19493732000199/2026/102,https://licitanet.com.br/sessao/202784,Licitanet,Material,True,False,6,Sem benefício,False
LICITANET-57BE47F12324,Cabala,047/2026,047,2026,102,MG,CONSORCIO INTERFEDERATIVO MINAS GERAIS - CIMINAS,19493732000199,CONSORCIO INTERFEDERATIVO MINAS GERAIS - CIMINAS,N,Araxá,55716868.0,,2026-09-25 16:43:55,2026-10-07 13:30:00,Pregão - Eletrônico,Aberto,Divulgada no PNCP,True,https://pncp.gov.br/app/editais/19493732000199/2026/102,https://licitanet.com.br/sessao/202784,Licitanet,Material,True,False,6,Sem benefício,False
LICITANET-57BE47F12324,Rodobens,047/2026,047,2026,102,MG,CONSORCIO INTERFEDERATIVO MINAS GERAIS - CIMINAS,19493732000199,CONSORCIO INTERFEDERATIVO MINAS GERAIS - CIMINAS,N,Araxá,55716868.0,,2026-09-25 16:43:55,2026-10-07 13:30:00,Pregão - Eletrônico,Aberto,Divulgada no PNCP,True,https://pncp.gov.br/app/editais/19493732000199/2026/102,https://licitanet.com.br/sessao/202784,Licitanet,Material,True,False,6,Sem benefício,False
LICITANET-B095A7AE7955,Cabala,048/2026,048,2026,103,MG,CONSORCIO INTERFEDERATIVO MINAS GERAIS - CIMINAS,19493732000199,CONSORCIO INTERFEDERATIVO MINAS GERAIS - CIMINAS,N,Araxá,26446881.5,,2026-09-25 16:44:33,2026-10-08 08:30:00,Pregão - Eletrônico,Aberto,Divulgada no PNCP,True,https://pncp.gov.br/app/editais/19493732000199/2026/103,https://licitanet.com.br/sessao/202786,Licitanet,Material,True,False,3,Sem benefício,False
LICITANET-53F552379283,Divena,050/2026,050,2026,105,MG,CONSORCIO INTERFEDERATIVO MINAS GERAIS - CIMINAS,19493732000199,CONSORCIO INTERFEDERATIVO MINAS GERAIS - CIMINAS,N,Araxá,76310462.0,,2026-09-25 16:45:23,2026-10-09 08:30:00,Pregão - Eletrônico,Aberto,Divulgada no PNCP,True,https://pncp.gov.br/app/editais/19493732000199/2026/105,https://licitanet.com.br/sessao/202790,Licitanet,Material,True,False,5,Sem benefício,False
LICITANET-53F552379283,Cabala,050/2026,050,2026,105,MG,CONSORCIO INTERFEDERATIVO MINAS GERAIS - CIMINAS,19493732000199,CONSORCIO INTERFEDERATIVO MINAS GERAIS - CIMINAS,N,Araxá,76310462.0,,2026-09-25 16:45:23,2026-10-09 08:30:00,Pregão - Eletrônico,Aberto,Divulgada no PNCP,True,https://pncp.gov.br/app/editais/19493732000199/2026/105,https://licitanet.com.br/sessao/202790,Licitanet,Material,True,False,5,Sem benefício,False
LICITANET-53F552379283,Rodobens,050/2026,050,2026,105,MG,CONSORCIO INTERFEDERATIVO MINAS GERAIS - CIMINAS,19493732000199,CONSORCIO INTERFEDERATIVO MINAS GERAIS - CIMINAS,N,Araxá,76310462.0,,2026-09-25 16:45:23,2026-10-09 08:30:00,Pregão - Eletrônico,Aberto,Divulgada no PNCP,True,https://pncp.gov.br/app/editais/19493732000199/2026/105,https://licitanet.com.br/sessao/202790,Licitanet,Material,True,False,5,Sem benefício,False
LICITANET-9CCDC047AFB3,Divena,051/2026,051,2026,106,MG,CONSORCIO INTERFEDERATIVO MINAS GERAIS - CIMINAS,19493732000199,CONSORCIO INTERFEDERATIVO MINAS GERAIS - CIMINAS,N,Araxá,79245291.5,,2026-09-25 16:45:52,2026-10-09 13:30:00,Pregão - Eletrônico,Aberto,Divulgada no PNCP,True,https://pncp.gov.br/app/editais/19493732000199/2026/106,https://licitanet.com.br/sessao/202791,Licitanet,Material,True,False,3,Sem benefício,False
LICITANET-9CCDC047AFB3,Mercedes,051/2026,051,2026,106,MG,CONSORCIO INTERFEDERATIVO MINAS GERAIS - CIMINAS,19493732000199,CONSORCIO INTERFEDERATIVO MINAS GERAIS - CIMINAS,N,Araxá,79245291.5,,2026-09-25 16:45:52,2026-10-09 13:30:00,Pregão - Eletrônico,Aberto,Divulgada no PNCP,True,https://pncp.gov.br/app/editais/19493732000199/2026/106,https://licitanet.com.br/sessao/202791,Licitanet,Material,True,False,3,Sem benefício,False
LICITANET-9CCDC047AFB3,Rodobens,051/2026,051,2026,106,MG,CONSORCIO INTERFEDERATIVO MINAS GERAIS - CIMINAS,19493732000199,CONSORCIO INTERFEDERATIVO MINAS GERAIS - CIMINAS,N,Araxá,79245291.5,,2026-09-25 16:45:52,2026-10-09 13:30:00,Pregão - Eletrônico,Aberto,Divulgada no PNCP,True,https://pncp.gov.br/app/editais/19493732000199/2026/106,https://licitanet.com.br/sessao/202791,Licitanet,Material,True,False,3,Sem benefício,False
LICITANET-27FF172A2481,Divena,053/2026,053,2026,108,MG,CONSORCIO INTERFEDERATIVO MINAS GERAIS - CIMINAS,19493732000199,CONSORCIO INTERFEDERATIVO MINAS GERAIS - CIMINAS,N,Araxá,80924216.5,,2026-09-25 16:46:55,2026-10-14 08:30:00,Pregão - Eletrônico,Aberto,Divulgada no PNCP,True,https://pncp.gov.br/app/editais/19493732000199/2026/108,https://licitanet.com.br/sessao/202793,Licitanet,Material,True,False,4,Sem benefício,False
LICITANET-27FF172A2481,Cabala,053/2026,053,2026,108,MG,CONSORCIO INTERFEDERATIVO MINAS GERAIS - CIMINAS,19493732000199,CONSORCIO INTERFEDERATIVO MINAS GERAIS - CIMINAS,N,Araxá,80924216.5,,2026-09-25 16:46:55,2026-10-14 08:30:00,Pregão - Eletrônico,Aberto,Divulgada no PNCP,True,https://pncp.gov.br/app/editais/19493732000199/2026/108,https://licitanet.com.br/sessao/202793,Licitanet,Material,True,False,4,Sem benefício,False
LICITANET-27FF172A2481,Rodobens,053/2026,053,2026,108,MG,CONSORCIO INTERFEDERATIVO MINAS GERAIS - CIMINAS,19493732000199,CONSORCIO INTERFEDERATIVO MINAS GERAIS - CIMINAS,N,Araxá,80924216.5,,2026-09-25 16:46:55,2026-10-14 08:30:00,Pregão - Eletrônico,Aberto,Divulgada no PNCP,True,https://pncp.gov.br/app/editais/19493732000199/2026/108,https://licitanet.com.br/sessao/202793,Licitanet,Material,True,False,4,Sem benefício,False
LICITANET-3BEFF0450861,Divena,045/2026,045,2026,99,MG,CONSORCIO INTERFEDERATIVO MINAS GERAIS - CIMINAS,19493732000199,CONSORCIO INTERFEDERATIVO MINAS GERAIS - CIMINAS,N,Araxá,58826666.0,,2026-09-24 17:26:04,2026-10-06 14:00:00,Pregão - Eletrônico,Aberto,Divulgada no PNCP,True,https://pncp.gov.br/app/editais/19493732000199/2026/99,https://licitanet.com.br/sessao/202710,Licitanet,Material,True,False,3,Sem benefício,False
LICITANET-3BEFF0450861,Cabala,045/2026,045,2026,99,MG,CONSORCIO INTERFEDERATIVO MINAS GERAIS - CIMINAS,19493732000199,CONSORCIO INTERFEDERATIVO MINAS GERAIS - CIMINAS,N,Araxá,58826666.0,,2026-09-24 17:26:04,2026-10-06 14:00:00,Pregão - Eletrônico,Aberto,Divulgada no PNCP,True,https://pncp.gov.br/app/editais/19493732000199/2026/99,https://licitanet.com.br/sessao/202710,Licitanet,Material,True,False,3,Sem benefício,False
LICITANET-3BEFF0450861,Rodobens,045/2026,045,2026,99,MG,CONSORCIO INTERFEDERATIVO MINAS GERAIS - CIMINAS,19493732000199,CONSORCIO INTERFEDERATIVO MINAS GERAIS - CIMINAS,N,Araxá,58826666.0,,2026-09-24 17:26:04,2026-10-06 14:00:00,Pregão - Eletrônico,Aberto,Divulgada no PNCP,True,https://pncp.gov.br/app/editais/19493732000199/2026/99,https://licitanet.com.br/sessao/202710,Licitanet,Material,True,False,3,Sem benefício,False
LDIG-A2C7E40D0DAA,Mercedes,029/2026,029,2026,214,Minas Gerais,Unidade Única,19769660000160,MUNICIPIO DE CONSELHEIRO PENA,M,Conselheiro Pena,4740225.69,,2026-08-13 15:33:55,2026-08-26 09:00:00,Pregão - Eletrônico,Aberto,Divulgada no PNCP,False,https://pncp.gov.br/app/editais/19769660000160/2026/214,https://app2.licitardigital.com.br/pesquisa/110381,Licitar Digital,Material,True,False,4,Sem benefício,False
LDIG-A2C7E40D0DAA,Divena,029/2026,029,2026,214,Minas Gerais,Unidade Única,19769660000160,MUNICIPIO DE CONSELHEIRO PENA,M,Conselheiro Pena,4740225.69,,2026-08-13 15:33:55,2026-08-26 09:00:00,Pregão - Eletrônico,Aberto,Divulgada no PNCP,False,https://pncp.gov.br/app/editais/19769660000160/2026/214,https://app2.licitardigital.com.br/pesquisa/110381,Licitar Digital,Material,True,False,4,Sem benefício,False
LDIG-A2C7E40D0DAA,Rodobens,029/2026,029,2026,214,Minas Gerais,Unidade Única,19769660000160,MUNICIPIO DE CONSELHEIRO PENA,M,Conselheiro Pena,4740225.69,,2026-08-13 15:33:55,2026-08-26 09:00:00,Pregão - Eletrônico,Aberto,Divulgada no PNCP,False,https://pncp.gov.br/app/editais/19769660000160/2026/214,https://app2.licitardigital.com.br/pesquisa/110381,Licitar Digital,Material,True,False,4,Sem benefício,False
AMM-74AF239C61A6,Rodobens,60/2026,60,2026,127,MG,Unidade Única,19875046000182,MUNICIPIO DE CORONEL FABRICIANO,M,Coronel Fabriciano,0.0,,2026-09-22 15:23:52,2026-10-13 13:30:00,Pregão - Eletrônico,Aberto,Divulgada no PNCP,False,https://pncp.gov.br/app/editais/19875046000182/2026/127,https://app2.ammlicita.org.br/pesquisa/114138,AMM Licita,Material,True,False,2,Sem benefício,False
AMM-74AF239C61A6,Cabala,60/2026,60,2026,127,MG,Unidade Única,19875046000182,MUNICIPIO DE CORONEL FABRICIANO,M,Coronel Fabriciano,0.0,,2026-09-22 15:23:52,2026-10-13 13:30:00,Pregão - Eletrônico,Aberto,Divulgada no PNCP,False,https://pncp.gov.br/app/editais/19875046000182/2026/127,https://app2.ammlicita.org.br/pesquisa/114138,AMM Licita,Material,True,False,2,Sem benefício,False
AMM-2C72706DA2E9,Air Liquide,036/2026,036,2026,108,Minas Gerais,Unidade Única,19876424000142,MUNICIPIO DE IPATINGA,M,Ipatinga,0.0,,2026-08-27 14:49:14,2026-09-14 08:00:00,Pregão - Eletrônico,Aberto-Fechado,Divulgada no PNCP,True,https://pncp.gov.br/app/editais/19876424000142/2026/108,https://app2.ammlicita.org.br/pesquisa/111830,AMM Licita,Serviço,False,True,8,Sem benefício,False
AMM-11A294254511,Air Liquide,24/2026,24,2026,110,Minas Gerais,Unidade Única,19876424000142,MUNICIPIO DE IPATINGA,M,Ipatinga,126498.28,,2026-08-31 09:28:28,2026-09-17 09:00:00,Pregão - Eletrônico,Aberto-Fechado,Divulgada no PNCP,False,https://pncp.gov.br/app/editais/19876424000142/2026/110,https://app2.ammlicita.org.br/pesquisa/112061,AMM Licita,Serviço,False,True,2,Sem benefício,False
AMM-0E3679E4B144,Air Liquide,36/2026,36,2026,116,Minas Gerais,Unidade Única,19876424000142,MUNICIPIO DE IPATINGA,M,Ipatinga,0.0,,2026-09-17 16:35:02,2026-10-05 08:00:00,Pregão - Eletrônico,Aberto-Fechado,Divulgada no PNCP,True,https://pncp.gov.br/app/editais/19876424000142/2026/116,https://app2.ammlicita.org.br/pesquisa/113884,AMM Licita,Serviço,False,True,8,Sem benefício,False
MG-246BF00A6D89,Divena,00005026/2026,00005026,2026,49,Minas Gerais,PREFEITURA MUNICIPAL DE DESTERRO DE ENTRE RIO,20356762000132,MUNICIPIO DE DESTERRO DE ENTRE RIOS,M,Desterro de Entre Rios,3656691.95,,2026-08-19 11:30:26,2026-09-01 08:30:00,Pregão - Eletrônico,Aberto,Divulgada no PNCP,False,https://pncp.gov.br/app/editais/20356762000132/2026/49,https://desterrodeentrerios.licitapp.com.br,MG,Material,True,False,7,Sem benefício,False
MG-246BF00A6D89,Cabala,00005026/2026,00005026,2026,49,Minas Gerais,PREFEITURA MUNICIPAL DE DESTERRO DE ENTRE RIO,20356762000132,MUNICIPIO DE DESTERRO DE ENTRE RIOS,M,Desterro de Entre Rios,3656691.95,,2026-08-19 11:30:26,2026-09-01 08:30:00,Pregão - Eletrônico,Aberto,Divulgada no PNCP,False,https://pncp.gov.br/app/editais/20356762000132/2026/49,https://desterrodeentrerios.licitapp.com.br,MG,Material,True,False,7,Sem benefício,False
MG-72D3ACE35FA8,Hexis,12/2026,12,2026,29,MG,AMESP,20362307000140,ASSOCIACAO DOS MUNICIPIOS DA MICRORREGIAO DO MEDIO SAPUCAI - AMESP,N,Pouso Alegre,37762552.0,,2026-09-21 08:33:42,2026-10-05 08:30:00,Pregão - Eletrônico,Aberto,Divulgada no PNCP,True,https://pncp.gov.br/app/editais/20362307000140/2026/29,http://www.licitamesp.com.br,MG,Material,True,False,7,Sem benefício,False
LICITANET-F4BAEB413BC7,Mercedes,34/2026,34,2026,222,MG,MUNICIPIO DE BAMBUÍ/MG,20920567000193,MUNICIPIO DE BAMBUI,M,Bambuí,0.0,,2026-09-22 14:48:24,2026-10-05 09:00:00,Pregão - Eletrônico,Aberto,Divulgada no PNCP,False,https://pncp.gov.br/app/editais/20920567000193/2026/222,https://licitanet.com.br/sessao/202416,Licitanet,Material,True,False,1,Sem benefício,False
LICITANET-F4BAEB413BC7,Divena,34/2026,34,2026,222,MG,MUNICIPIO DE BAMBUÍ/MG,20920567000193,MUNICIPIO DE BAMBUI,M,Bambuí,0.0,,2026-09-22 14:48:24,2026-10-05 09:00:00,Pregão - Eletrônico,Aberto,Divulgada no PNCP,False,https://pncp.gov.br/app/editais/20920567000193/2026/222,https://licitanet.com.br/sessao/202416,Licitanet,Material,True,False,1,Sem benefício,False
LICITANET-F4BAEB413BC7,Rodobens,34/2026,34,2026,222,MG,MUNICIPIO DE BAMBUÍ/MG,20920567000193,MUNICIPIO DE BAMBUI,M,Bambuí,0.0,,2026-09-22 14:48:24,2026-10-05 09:00:00,Pregão - Eletrônico,Aberto,Divulgada no PNCP,False,https://pncp.gov.br/app/editais/20920567000193/2026/222,https://licitanet.com.br/sessao/202416,Licitanet,Material,True,False,1,Sem benefício,False
PCP-56EACE33478D,Editais,029/2026,029,2026,12,Minas Gerais,Empresa Municipal de Serviços Obras e Urbanização- ESURB,21022694000138,EMPRESA MUNICIPAL DE SERVICOS OBRAS E URBANIZACAO,N,Montes Claros,0.0,,2026-09-14 13:47:20,2026-09-30 08:30:00,Pregão - Eletrônico,Aberto-Fechado,Divulgada no PNCP,False,https://pncp.gov.br/app/editais/21022694000138/2026/12,https://www.portaldecompraspublicas.com.br/processos/MG/Empresa-Municipal-de-Servicos-Obras-e-Urbanizacao-ESURB-2393/PE-029-2026-2026-510913,Portal de Compras Públicas,Material,True,False,10,Participação exclusiva para ME/EPP,True
LDIG-B64B586DF250,Rodobens,30/2026,30,2026,151,Minas Gerais,Unidade Única,21078563000172,MUNICIPIO DE TUMIRITINGA,M,Tumiritinga,1763333.34,,2026-09-09 13:50:33,2026-09-22 08:00:00,Pregão - Eletrônico,Aberto,Divulgada no PNCP,True,https://pncp.gov.br/app/editais/21078563000172/2026/151,https://app2.licitardigital.com.br/pesquisa/112970,Licitar Digital,Material,True,False,1,Sem benefício,False
LDIG-B64B586DF250,Divena,30/2026,30,2026,151,Minas Gerais,Unidade Única,21078563000172,MUNICIPIO DE TUMIRITINGA,M,Tumiritinga,1763333.34,,2026-09-09 13:50:33,2026-09-22 08:00:00,Pregão - Eletrônico,Aberto,Divulgada no PNCP,True,https://pncp.gov.br/app/editais/21078563000172/2026/151,https://app2.licitardigital.com.br/pesquisa/112970,Licitar Digital,Material,True,False,1,Sem benefício,False
LDIG-B64B586DF250,Mercedes,30/2026,30,2026,151,Minas Gerais,Unidade Única,21078563000172,MUNICIPIO DE TUMIRITINGA,M,Tumiritinga,1763333.34,,2026-09-09 13:50:33,2026-09-22 08:00:00,Pregão - Eletrônico,Aberto,Divulgada no PNCP,True,https://pncp.gov.br/app/editais/21078563000172/2026/151,https://app2.licitardigital.com.br/pesquisa/112970,Licitar Digital,Material,True,False,1,Sem benefício,False
LDIG-A20803DA5C75,Divena,000028/2026,000028,2026,55,Minas Gerais,Unidade Única,21154174000189,MUNICIPIO DE CARBONITA,M,Carbonita,0.0,,2026-08-14 13:25:12,2026-09-08 09:00:00,Pregão - Eletrônico,Aberto,Divulgada no PNCP,False,https://pncp.gov.br/app/editais/21154174000189/2026/55,https://app2.licitardigital.com.br/pesquisa/110508,Licitar Digital,Material,True,False,2,Sem benefício,False
LDIG-A20803DA5C75,Cabala,000028/2026,000028,2026,55,Minas Gerais,Unidade Única,21154174000189,MUNICIPIO DE CARBONITA,M,Carbonita,0.0,,2026-08-14 13:25:12,2026-09-08 09:00:00,Pregão - Eletrônico,Aberto,Divulgada no PNCP,False,https://pncp.gov.br/app/editais/21154174000189/2026/55,https://app2.licitardigital.com.br/pesquisa/110508,Licitar Digital,Material,True,False,2,Sem benefício,False
LDIG-5D7A7F37C80F,Cabala,046/2026,046,2026,39,Minas Gerais,Unidade Única,21406451000101,CONSORCIO INTERMUNICIPAL MULTIFINALITARIO DA AMAG,N,Caxambu,48958840.0,,2026-09-15 13:43:11,2026-09-28 09:00:00,Pregão - Eletrônico,Aberto,Divulgada no PNCP,True,https://pncp.gov.br/app/editais/21406451000101/2026/39,https://app2.licitardigital.com.br/pesquisa/113457,Licitar Digital,Material,True,False,10,Sem benefício,False
LDIG-5D7A7F37C80F,Divena,046/2026,046,2026,39,Minas Gerais,Unidade Única,21406451000101,CONSORCIO INTERMUNICIPAL MULTIFINALITARIO DA AMAG,N,Caxambu,48958840.0,,2026-09-15 13:43:11,2026-09-28 09:00:00,Pregão - Eletrônico,Aberto,Divulgada no PNCP,True,https://pncp.gov.br/app/editais/21406451000101/2026/39,https://app2.licitardigital.com.br/pesquisa/113457,Licitar Digital,Material,True,False,10,Sem benefício,False
LDIG-5D7A7F37C80F,Mercedes,046/2026,046,2026,39,Minas Gerais,Unidade Única,21406451000101,CONSORCIO INTERMUNICIPAL MULTIFINALITARIO DA AMAG,N,Caxambu,48958840.0,,2026-09-15 13:43:11,2026-09-28 09:00:00,Pregão - Eletrônico,Aberto,Divulgada no PNCP,True,https://pncp.gov.br/app/editais/21406451000101/2026/39,https://app2.licitardigital.com.br/pesquisa/113457,Licitar Digital,Material,True,False,10,Sem benefício,False
LDIG-5D7A7F37C80F,Rodobens,046/2026,046,2026,39,Minas Gerais,Unidade Única,21406451000101,CONSORCIO INTERMUNICIPAL MULTIFINALITARIO DA AMAG,N,Caxambu,48958840.0,,2026-09-15 13:43:11,2026-09-28 09:00:00,Pregão - Eletrônico,Aberto,Divulgada no PNCP,True,https://pncp.gov.br/app/editais/21406451000101/2026/39,https://app2.licitardigital.com.br/pesquisa/113457,Licitar Digital,Material,True,False,10,Sem benefício,False
AMM-FBA12E7D5C28,Mercedes,048/2026,048,2026,37,Minas Gerais,Unidade Única,21512443000131,CONSORCIO INTERMUNICIPAL MULTIFINALITARIO DA MICRORREGIAO DO ALTO SAPUCAI - CIMASP,N,Itajubá,71208133.12,,2026-08-28 16:27:49,2026-09-11 08:50:00,Pregão - Eletrônico,Aberto,Divulgada no PNCP,True,https://pncp.gov.br/app/editais/21512443000131/2026/37,https://app2.ammlicita.org.br/pesquisa/112007,AMM Licita,Material,True,False,10,Sem benefício,False
AMM-FBA12E7D5C28,Divena,048/2026,048,2026,37,Minas Gerais,Unidade Única,21512443000131,CONSORCIO INTERMUNICIPAL MULTIFINALITARIO DA MICRORREGIAO DO ALTO SAPUCAI - CIMASP,N,Itajubá,71208133.12,,2026-08-28 16:27:49,2026-09-11 08:50:00,Pregão - Eletrônico,Aberto,Divulgada no PNCP,True,https://pncp.gov.br/app/editais/21512443000131/2026/37,https://app2.ammlicita.org.br/pesquisa/112007,AMM Licita,Material,True,False,10,Sem benefício,False
AMM-FBA12E7D5C28,Cabala,048/2026,048,2026,37,Minas Gerais,Unidade Única,21512443000131,CONSORCIO INTERMUNICIPAL MULTIFINALITARIO DA MICRORREGIAO DO ALTO SAPUCAI - CIMASP,N,Itajubá,71208133.12,,2026-08-28 16:27:49,2026-09-11 08:50:00,Pregão - Eletrônico,Aberto,Divulgada no PNCP,True,https://pncp.gov.br/app/editais/21512443000131/2026/37,https://app2.ammlicita.org.br/pesquisa/112007,AMM Licita,Material,True,False,10,Sem benefício,False
AMM-FBA12E7D5C28,Rodobens,048/2026,048,2026,37,Minas Gerais,Unidade Única,21512443000131,CONSORCIO INTERMUNICIPAL MULTIFINALITARIO DA MICRORREGIAO DO ALTO SAPUCAI - CIMASP,N,Itajubá,71208133.12,,2026-08-28 16:27:49,2026-09-11 08:50:00,Pregão - Eletrônico,Aberto,Divulgada no PNCP,True,https://pncp.gov.br/app/editais/21512443000131/2026/37,https://app2.ammlicita.org.br/pesquisa/112007,AMM Licita,Material,True,False,10,Sem benefício,False
PCP-82B75B723B41,Divena,Pregão Eletrônico Nº 016/2026,Pregão Eletrônico Nº 016,2026,101,Minas Gerais,Departamento de Compras e Licitações São Francisco/MG,22679153000140,MUNICIPIO DE SAO FRANCISCO,M,São Francisco,647854.0,,2026-09-14 11:17:22,2026-09-29 07:50:00,Pregão - Eletrônico,Aberto,Divulgada no PNCP,False,https://pncp.gov.br/app/editais/22679153000140/2026/101,https://www.portaldecompraspublicas.com.br/processos/MG/Prefeitura-Municipal-de-Sao-Francisco-1189/PE-Pregao-Eletronico-NO-016-2026-2026-505770,Portal de Compras Públicas,Material,True,False,1,Sem benefício,False
PCP-82B75B723B41,Mercedes,Pregão Eletrônico Nº 016/2026,Pregão Eletrônico Nº 016,2026,101,Minas Gerais,Departamento de Compras e Licitações São Francisco/MG,22679153000140,MUNICIPIO DE SAO FRANCISCO,M,São Francisco,647854.0,,2026-09-14 11:17:22,2026-09-29 07:50:00,Pregão - Eletrônico,Aberto,Divulgada no PNCP,False,https://pncp.gov.br/app/editais/22679153000140/2026/101,https://www.portaldecompraspublicas.com.br/processos/MG/Prefeitura-Municipal-de-Sao-Francisco-1189/PE-Pregao-Eletronico-NO-016-2026-2026-505770,Portal de Compras Públicas,Material,True,False,1,Sem benefício,False
RO-3426FB29A3CA,Hexis,31/2026,31,2026,130,Rondônia,UNIDADE ADMINISTRATIVA,22855167000177,MUNICIPIO DE SAO MIGUEL DO GUAPORE,M,São Miguel do Guaporé,1621067.28,,2026-09-03 12:26:55,2026-09-16 09:00:00,Pregão - Eletrônico,Aberto,Divulgada no PNCP,True,https://pncp.gov.br/app/editais/22855167000177/2026/130,,RO,Material,True,False,10,Não se aplica,True
COMPRASGOV-CF5FCBA38100,Air Liquide,11/2026,11,2026,27,Pará,PREFEITURA MUNICIPAL DE PACAJA - PA,22981427000150,MUNICIPIO DE PACAJA,M,Pacajá,1905834.0,,2026-08-28 09:10:53,2026-09-17 08:59:00,Pregão - Eletrônico,Aberto,Divulgada no PNCP,True,https://pncp.gov.br/app/editais/22981427000150/2026/27,https://cnetmobile.estaleiro.serpro.gov.br/comprasnet-web/public/compras/acompanhamento-compra?compra=98059305000112026,ComprasGov,Material,True,False,6,Não se aplica,True
LICITANET-74F1BCD07DF0,GCT,046/2026,046,2026,61,MG,MUNICÍPIO DE ARAPORÃ/MG,23098510000149,MUNICIPIO DE ARAPORA,M,Araporã,0.0,,2026-09-23 15:07:40,2026-10-08 09:00:00,Pregão - Eletrônico,Aberto,Divulgada no PNCP,True,https://pncp.gov.br/app/editais/23098510000149/2026/61,https://licitanet.com.br/sessao/202465,Licitanet,Serviço,False,True,10,Sem benefício,False
MG-5DCEAB80B294,Hexis,54/2026,54,2026,49,MG,Serviço Autônomo de Água e Esgoto de Pirapora,23535271000147,SERVICO AUTONOMO DE AGUA E ESGOTO,M,Pirapora,525204.43,,2026-09-23 15:03:20,2026-10-14 08:59:00,Pregão - Eletrônico,Aberto,Divulgada no PNCP,True,https://pncp.gov.br/app/editais/23535271000147/2026/49,,MG,Misto,True,True,10,Participação exclusiva para ME/EPP,True
PCP-9D13B58BA70C,GCT,43/2026,43,2026,111,Santa Catarina,Consorcio Intermunicipal de Desenvolvimento Regional - CONDER,23773012000154,CONSORCIO INTERMUNICIPAL DE DESENVOLVIMENTO REGIONAL - CONDER,N,São Miguel do Oeste,11378944.12,,2026-08-28 00:15:57,2026-09-14 08:00:00,Pregão - Eletrônico,Aberto,Divulgada no PNCP,True,https://pncp.gov.br/app/editais/23773012000154/2026/111,https://www.portaldecompraspublicas.com.br/processos/SC/Consorcio-Intermunicipal-de-Desenvolvimento-Regional-CONDER-1387/RPE-43-2026-2026-507434,Portal de Compras Públicas,Material,True,False,10,Sem benefício,False
LDIG-323803730A3E,Divena,073/2026,073,2026,309,Minas Gerais,Unidade Única,23804149000129,MUNICIPIO DE PONTE NOVA,M,Ponte Nova,4441662.87,,2026-08-11 09:39:49,2026-08-24 09:00:00,Pregão - Eletrônico,Aberto,Divulgada no PNCP,False,https://pncp.gov.br/app/editais/23804149000129/2026/309,https://app2.licitardigital.com.br/pesquisa/109757,Licitar Digital,Material,True,False,4,Sem benefício,False
LDIG-323803730A3E,Cabala,073/2026,073,2026,309,Minas Gerais,Unidade Única,23804149000129,MUNICIPIO DE PONTE NOVA,M,Ponte Nova,4441662.87,,2026-08-11 09:39:49,2026-08-24 09:00:00,Pregão - Eletrônico,Aberto,Divulgada no PNCP,False,https://pncp.gov.br/app/editais/23804149000129/2026/309,https://app2.licitardigital.com.br/pesquisa/109757,Licitar Digital,Material,True,False,4,Sem benefício,False
PR-B0932B6DA025,Oxigênio medicinal,1410/2026,1410,2026,1174,Paraná,EPR-FUNDAÇAO ESTATAL DE ATENÇAO EM SAUDEE,24039073000155,FUNDACAO ESTATAL DE ATENCAO EM SAUDE DO ESTADO DO PARANA - FUNEAS-PARANA,E,Curitiba,763200.0,,2026-09-23 16:00:03,2026-10-08 10:00:00,Pregão - Eletrônico,Aberto,Divulgada no PNCP,False,https://pncp.gov.br/app/editais/24039073000155/2026/1174,www.transparencia.pr.gov.br/pte/compras/licitacoes/pesquisar-param?numprocesso=1410&ano=2026&codmodalidade=68,PR,Serviço,False,True,1,Não se aplica,True
COMPRASGOV-D37E1FA914CA,Air Liquide,30/2026,30,2026,886,Paraná,EPR-FUNDAÇAO ESTATAL DE ATENÇAO EM SAUDEE,24039073000155,FUNDACAO ESTATAL DE ATENCAO EM SAUDE DO ESTADO DO PARANA - FUNEAS-PARANA,E,Curitiba,1132921.92,,2026-07-21 12:28:32,2026-09-18 10:00:00,Pregão - Eletrônico,Aberto,Divulgada no PNCP,False,https://pncp.gov.br/app/editais/24039073000155/2026/886,https://cnetmobile.estaleiro.serpro.gov.br/comprasnet-web/public/compras/acompanhamento-compra?compra=93205905000302026,ComprasGov,Material,True,False,2,Sem benefício,False
BNC-5CE27C2FDF33,Editais,009/2026,009,2026,11,MG,SERVICO AUTÔNOMO DE ÁGUA E ESGOTO DE SACRAMENTO/MG,24334872000154,SERVICO AUTONOMO DE AGUA E ESGOTO,M,Sacramento,325849.0,,2026-09-24 16:06:31,2026-10-07 08:00:00,Pregão - Eletrônico,Aberto,Divulgada no PNCP,False,https://pncp.gov.br/app/editais/24334872000154/2026/11,https://bnccompras.com/Process/ProcessView?param1=[gkz]umpNqcK4eQNfPKk2ZdDTeCG8RpMEwIGu/DusS8qnftjJiKlrK9k5ZUNW4XRcoBOI1U3I08jeic3SKli1atuGybuxWxEUPRRS2ACwDZvm2so=,BNC Compras,Material,True,False,10,Sem benefício,False
PCP-20FC34E86BF3,Cabala,083/2026,083,2026,161,MG,Prefeitura Municipal de Salinas,24359333000170,MUNICIPIO DE SALINAS,M,Salinas,148946.67,,2026-09-16 16:26:59,2026-09-29 15:00:00,Pregão - Eletrônico,Aberto,Divulgada no PNCP,False,https://pncp.gov.br/app/editais/24359333000170/2026/161,https://www.portaldecompraspublicas.com.br/processos/MG/Prefeitura-Municipal-de-Salinas-1426/PE-083-2026-2026-511929,Portal de Compras Públicas,Material,True,False,1,Sem benefício,False
BLL-E088FB8F3AD8,Divena,0000035/2026,0000035,2026,142,Mato Grosso,PREFEITURA MUNICIPAL DE TAPURAH - MT,24772253000141,MUNICIPIO DE TAPURAH,M,Tapurah,1901846.69,,2026-09-01 08:19:42,2026-09-16 08:30:00,Pregão - Eletrônico,Aberto-Fechado,Divulgada no PNCP,True,https://pncp.gov.br/app/editais/24772253000141/2026/142,https://bllcompras.com/Process/ProcessView?param1=[gkz]x_7l9zNgwAjgauC2sWT7MjGjBbkqLT7jXDqP2dOhFlowkbc7UUibO4VnsUgC6nPUZcb16qm_paLmM5z_pco/l/soNUmu2O4qSJ_5KQuNwuA=,BLL Compras,Material,True,False,3,Sem benefício,False
BLL-E088FB8F3AD8,Cabala,0000035/2026,0000035,2026,142,Mato Grosso,PREFEITURA MUNICIPAL DE TAPURAH - MT,24772253000141,MUNICIPIO DE TAPURAH,M,Tapurah,1901846.69,,2026-09-01 08:19:42,2026-09-16 08:30:00,Pregão - Eletrônico,Aberto-Fechado,Divulgada no PNCP,True,https://pncp.gov.br/app/editais/24772253000141/2026/142,https://bllcompras.com/Process/ProcessView?param1=[gkz]x_7l9zNgwAjgauC2sWT7MjGjBbkqLT7jXDqP2dOhFlowkbc7UUibO4VnsUgC6nPUZcb16qm_paLmM5z_pco/l/soNUmu2O4qSJ_5KQuNwuA=,BLL Compras,Material,True,False,3,Sem benefício,False
LICITANET-1B2AA25395A3,Divena,061/2026,061,2026,131,MT,MUNICÍPIO DE CAMPO VERDE/MT,24950495000188,MUNICIPIO DE CAMPO VERDE,M,Campo Verde,346889.72,,2026-09-03 18:18:52,2026-09-29 09:30:00,Pregão - Eletrônico,Aberto,Divulgada no PNCP,True,https://pncp.gov.br/app/editais/24950495000188/2026/131,https://licitanet.com.br/sessao/200383,Licitanet,Material,True,False,3,Participação exclusiva para ME/EPP; Sem benefício,True
LICITANET-1B2AA25395A3,Cabala,061/2026,061,2026,131,MT,MUNICÍPIO DE CAMPO VERDE/MT,24950495000188,MUNICIPIO DE CAMPO VERDE,M,Campo Verde,346889.72,,2026-09-03 18:18:52,2026-09-29 09:30:00,Pregão - Eletrônico,Aberto,Divulgada no PNCP,True,https://pncp.gov.br/app/editais/24950495000188/2026/131,https://licitanet.com.br/sessao/200383,Licitanet,Material,True,False,3,Participação exclusiva para ME/EPP; Sem benefício,True
LICITANET-1B2AA25395A3,Rodobens,061/2026,061,2026,131,MT,MUNICÍPIO DE CAMPO VERDE/MT,24950495000188,MUNICIPIO DE CAMPO VERDE,M,Campo Verde,346889.72,,2026-09-03 18:18:52,2026-09-29 09:30:00,Pregão - Eletrônico,Aberto,Divulgada no PNCP,True,https://pncp.gov.br/app/editais/24950495000188/2026/131,https://licitanet.com.br/sessao/200383,Licitanet,Material,True,False,3,Participação exclusiva para ME/EPP; Sem benefício,True
LDIG-24D1C30D55FB,Hexis,57/2026,57,2026,108,Minas Gerais,Licitações e Compras,24996845000147,"SERVICO AUTONOMO DE AGUA, ESGOTO E SANEAMENTO URBANO",M,Sete Lagoas,160020.86,,2026-09-11 10:36:39,2026-09-25 09:00:00,Pregão - Eletrônico,Aberto-Fechado,Divulgada no PNCP,True,https://pncp.gov.br/app/editais/24996845000147/2026/108,https://app2.licitardigital.com.br/pesquisa/113059,Licitar Digital,Material,True,False,10,Não se aplica,True
COMPRASBR-C4B750BFEDF4,Air Liquide,037/2026,037,2026,98,Minas Gerais,Prefeitura Municipal de Jaiba - MG,25209149000106,MUNICIPIO DE JAIBA,M,Jaíba,97252.8,,2026-09-09 14:18:05,2026-09-22 08:00:00,Pregão - Eletrônico,Aberto,Divulgada no PNCP,False,https://pncp.gov.br/app/editais/25209149000106/2026/98,https://comprasbr.com.br/pregao-eletronico-detalhe/?idlicitacao=48201,Compras BR,Material,True,False,1,Não se aplica,True
LDIG-F780F4E74A24,Hexis,44/2026,44,2026,69,Minas Gerais,Unidade Única,25324187000100,MUNICIPIO DE TURMALINA,M,Turmalina,0.0,,2026-09-11 11:01:39,2026-09-28 08:00:00,Pregão - Eletrônico,Aberto-Fechado,Divulgada no PNCP,True,https://pncp.gov.br/app/editais/25324187000100/2026/69,https://app2.licitardigital.com.br/pesquisa/113183,Licitar Digital,Material,True,False,10,Sem benefício,False
BLL-31A11F42A436,ABB Brasil,78/2026,78,2026,94,Minas Gerais,"COMPANHIA OPERACIONAL DE DESENVOLVIMENTO, SANEAMENTO E AÇÕES URBANAS",25433004000194,"COMPANHIA OPERACIONAL DE DESENVOLVIMENTO, SANEAMENTO E ACOES URBANAS - CODAU.",M,Uberaba,317699.83,,2026-08-18 08:51:31,2026-09-01 08:45:00,Pregão - Eletrônico,Aberto,Divulgada no PNCP,False,https://pncp.gov.br/app/editais/25433004000194/2026/94,https://bllcompras.com/Process/ProcessView?param1=[gkz]fRAUFp8gydm3MRX155C9iOBDZ0usVX9ylZsrvVlrAS7gdN2CL1ijOE1_s8gHS0MPP_KoQT7DU4qNuElg9tRLVo060zQ1pCA1Qq0Xo8FsAWo=,BLL Compras,Material,True,False,10,Sem benefício,False
COMPRASGOV-DC20FB557848,Danfoss,132/2026,132,2026,169,Minas Gerais,DEPARTAMENTO MUN.DE ÁGUA ESGOTO DE UBERLÂNDIA,25769548000121,DEPARTAMENTO MUNICIPAL DE AGUA E ESGOTO,M,Uberlândia,750951.99,,2026-08-25 14:56:45,2026-09-15 09:00:00,Pregão - Eletrônico,Aberto,Divulgada no PNCP,False,https://pncp.gov.br/app/editais/25769548000121/2026/169,https://cnetmobile.estaleiro.serpro.gov.br/comprasnet-web/public/compras/acompanhamento-compra?compra=92628705001322026,ComprasGov,Material,True,False,4,Sem benefício,False
COMPRASGOV-B427B2288038,Hexis,140/2026,140,2026,180,Minas Gerais,DEPARTAMENTO MUN.DE ÁGUA ESGOTO DE UBERLÂNDIA,25769548000121,DEPARTAMENTO MUNICIPAL DE AGUA E ESGOTO,M,Uberlândia,34757.58,,2026-09-04 14:54:44,2026-10-01 09:00:00,Pregão - Eletrônico,Aberto,Divulgada no PNCP,False,https://pncp.gov.br/app/editais/25769548000121/2026/180,https://cnetmobile.estaleiro.serpro.gov.br/comprasnet-web/public/compras/acompanhamento-compra?compra=92628705001402026,ComprasGov,Material,True,False,10,Participação exclusiva para ME/EPP,True
COMPRASGOV-21F6457C870B,Mercedes,29/2026,29,2026,90,Minas Gerais,UNIVERSIDADE FEDERAL DE VICOSA,25944455000196,UNIVERSIDADE FEDERAL DE VICOSA,F,Viçosa,26397140.05,,2026-09-11 04:00:06,2026-09-25 08:59:00,Pregão - Eletrônico,Aberto-Fechado,Divulgada no PNCP,True,https://pncp.gov.br/app/editais/25944455000196/2026/90,https://cnetmobile.estaleiro.serpro.gov.br/comprasnet-web/public/compras/acompanhamento-compra?compra=15405105000292026,ComprasGov,Material,True,False,9,Sem benefício,False
COMPRASGOV-21F6457C870B,Divena,29/2026,29,2026,90,Minas Gerais,UNIVERSIDADE FEDERAL DE VICOSA,25944455000196,UNIVERSIDADE FEDERAL DE VICOSA,F,Viçosa,26397140.05,,2026-09-11 04:00:06,2026-09-25 08:59:00,Pregão - Eletrônico,Aberto-Fechado,Divulgada no PNCP,True,https://pncp.gov.br/app/editais/25944455000196/2026/90,https://cnetmobile.estaleiro.serpro.gov.br/comprasnet-web/public/compras/acompanhamento-compra?compra=15405105000292026,ComprasGov,Material,True,False,9,Sem benefício,False
COMPRASGOV-21F6457C870B,Cabala,29/2026,29,2026,90,Minas Gerais,UNIVERSIDADE FEDERAL DE VICOSA,25944455000196,UNIVERSIDADE FEDERAL DE VICOSA,F,Viçosa,26397140.05,,2026-09-11 04:00:06,2026-09-25 08:59:00,Pregão - Eletrônico,Aberto-Fechado,Divulgada no PNCP,True,https://pncp.gov.br/app/editais/25944455000196/2026/90,https://cnetmobile.estaleiro.serpro.gov.br/comprasnet-web/public/compras/acompanhamento-compra?compra=15405105000292026,ComprasGov,Material,True,False,9,Sem benefício,False
COMPRASGOV-21F6457C870B,Rodobens,29/2026,29,2026,90,Minas Gerais,UNIVERSIDADE FEDERAL DE VICOSA,25944455000196,UNIVERSIDADE FEDERAL DE VICOSA,F,Viçosa,26397140.05,,2026-09-11 04:00:06,2026-09-25 08:59:00,Pregão - Eletrônico,Aberto-Fechado,Divulgada no PNCP,True,https://pncp.gov.br/app/editais/25944455000196/2026/90,https://cnetmobile.estaleiro.serpro.gov.br/comprasnet-web/public/compras/acompanhamento-compra?compra=15405105000292026,ComprasGov,Material,True,False,9,Sem benefício,False
COMPRASGOV-360D75128AB8,Hexis,204/2026,204,2026,91,Minas Gerais,UNIVERSIDADE FEDERAL DE VICOSA,25944455000196,UNIVERSIDADE FEDERAL DE VICOSA,F,Viçosa,96934.66,,2026-09-14 04:00:17,2026-09-24 09:00:00,Pregão - Eletrônico,Aberto-Fechado,Divulgada no PNCP,False,https://pncp.gov.br/app/editais/25944455000196/2026/91,https://cnetmobile.estaleiro.serpro.gov.br/comprasnet-web/public/compras/acompanhamento-compra?compra=15405105002042026,ComprasGov,Material,True,False,10,Participação exclusiva para ME/EPP,True
LDIG-AA819B8D0B26,Air Liquide,06/2026,06,2026,77,MG,Unidade Única,25970260000110,MUNICIPIO DE VIRGINIA,M,Virgínia,72090.0,,2026-09-25 08:58:43,2026-10-07 09:00:00,Pregão - Eletrônico,Aberto,Divulgada no PNCP,False,https://pncp.gov.br/app/editais/25970260000110/2026/77,https://app2.licitardigital.com.br/pesquisa/114424,Licitar Digital,Serviço,False,True,1,Sem benefício,False
PCMG-143DDA7341CA,Hexis,88/2026,88,2026,106,Minas Gerais,COMPRAS/HEMOMINAS,26388330000190,FUND CENTRO HEMATOLOGIA E HEMOTERAPIA DE MINAS GERAIS,E,Belo Horizonte,0.0,,2026-09-17 11:29:04,2026-09-29 09:00:00,Pregão - Eletrônico,Aberto-Fechado,Divulgada no PNCP,False,https://pncp.gov.br/app/editais/26388330000190/2026/106,https://www1.compras.mg.gov.br/n/procedimentolei14133/consulta/eletronico/visualizar/2026/88/2320310,Portal de Compras MG,Material,True,False,10,Sem benefício,False
PCMG-C3D8B4468318,Air Liquide,142/2026,142,2026,90,Minas Gerais,COMPRAS/HEMOMINAS,26388330000190,FUND CENTRO HEMATOLOGIA E HEMOTERAPIA DE MINAS GERAIS,E,Belo Horizonte,87826.77,,2026-09-01 13:18:20,2026-09-16 09:00:00,Pregão - Eletrônico,Aberto-Fechado,Divulgada no PNCP,False,https://pncp.gov.br/app/editais/26388330000190/2026/90,https://www1.compras.mg.gov.br/n/procedimentolei14133/consulta/eletronico/visualizar/2026/142/2320310,Portal de Compras MG,Serviço,False,True,10,Sem benefício,False
COMPRASGOV-1793BAE5DD54,PHD,14/2026,14,2026,261,Distrito Federal,COMPANHIA NACIONAL DE ABASTECIMENTO CONAB,26461699000180,COMPANHIA NACIONAL DE ABASTECIMENTO,F,Brasília,320479.0,,2026-08-20 04:00:19,2026-09-25 14:30:00,Pregão - Eletrônico,Aberto,Divulgada no PNCP,True,https://pncp.gov.br/app/editais/26461699000180/2026/261,https://cnetmobile.estaleiro.serpro.gov.br/comprasnet-web/public/compras/acompanhamento-compra?compra=13510005000142026,ComprasGov,Material,True,False,1,Não se aplica,True
ES-56219BF4E6F8,Rodobens,017/2026,017,2026,112,Espírito Santo,SECRETARIA DE ESTADO DA EDUCAÇÃO,27080563000193,ESPIRITO SANTO SECRETARIA DE ESTADO DA EDUCACAO,E,Vitória,455029.17,,2026-07-13 06:35:37,2026-08-26 09:29:00,Pregão - Eletrônico,Aberto,Divulgada no PNCP,False,https://pncp.gov.br/app/editais/27080563000193/2026/112,,ES,Material,True,False,1,Não se aplica,True
ES-8CD6465820D4,Hexis,656/2026,656,2026,1246,ES,EES-SECRETARIA DE ESTADO DA SAUDE,27080605000196,SECRETARIA DE ESTADO DA SAUDE,E,Vitória,133561.99,,2026-09-21 14:32:05,2026-10-08 08:00:00,Pregão - Eletrônico,Aberto-Fechado,Divulgada no PNCP,True,https://pncp.gov.br/app/editais/27080605000196/2026/1246,,ES,Material,True,False,10,Participação exclusiva para ME/EPP,True
ES-184DBA2604CA,Tremont,000013/2026,000013,2026,104,Espírito Santo,Prefeitura Municipal De Nova Venécia,27167428000180,MUNICIPIO DE NOVA VENECIA,M,Nova Venécia,626713.77,,2026-09-14 14:53:14,2026-10-22 08:00:00,Concorrência - Eletrônica,Fechado,Divulgada no PNCP,False,https://pncp.gov.br/app/editais/27167428000180/2026/104,,ES,Serviço,False,True,10,Subcontratação para ME/EPP,True
ES-6783430C6F44,Tremont,12/2026,12,2026,353,Espírito Santo,PREFEITURA MUNICIPAL DA SERRA,27174093000127,MUNICIPIO DA SERRA,M,Serra,7237488.35,,2026-09-10 15:23:00,2026-09-22 23:59:00,Concorrência - Eletrônica,Aberto,Divulgada no PNCP,False,https://pncp.gov.br/app/editais/27174093000127/2026/353,,ES,Serviço,False,True,10,Não se aplica,True
COMPRASGOV-F70EF678090F,Divena,4/2026,4,2026,129,ES,PREFEITURA MUNICIPAL DE S.GABRIEL DA PALHA-ES,27174143000176,MUNICIPIO DE SAO GABRIEL DA PALHA,M,São Gabriel da Palha,306000.0,,2026-09-24 07:32:03,2026-10-13 12:59:00,Pregão - Eletrônico,Aberto,Divulgada no PNCP,False,https://pncp.gov.br/app/editais/27174143000176/2026/129,https://cnetmobile.estaleiro.serpro.gov.br/comprasnet-web/public/compras/acompanhamento-compra?compra=98569305000042026,ComprasGov,Material,True,False,1,Sem benefício,False
COMPRASGOV-F70EF678090F,Mercedes,4/2026,4,2026,129,ES,PREFEITURA MUNICIPAL DE S.GABRIEL DA PALHA-ES,27174143000176,MUNICIPIO DE SAO GABRIEL DA PALHA,M,São Gabriel da Palha,306000.0,,2026-09-24 07:32:03,2026-10-13 12:59:00,Pregão - Eletrônico,Aberto,Divulgada no PNCP,False,https://pncp.gov.br/app/editais/27174143000176/2026/129,https://cnetmobile.estaleiro.serpro.gov.br/comprasnet-web/public/compras/acompanhamento-compra?compra=98569305000042026,ComprasGov,Material,True,False,1,Sem benefício,False
COMPRASGOV-F70EF678090F,Cabala,4/2026,4,2026,129,ES,PREFEITURA MUNICIPAL DE S.GABRIEL DA PALHA-ES,27174143000176,MUNICIPIO DE SAO GABRIEL DA PALHA,M,São Gabriel da Palha,306000.0,,2026-09-24 07:32:03,2026-10-13 12:59:00,Pregão - Eletrônico,Aberto,Divulgada no PNCP,False,https://pncp.gov.br/app/editais/27174143000176/2026/129,https://cnetmobile.estaleiro.serpro.gov.br/comprasnet-web/public/compras/acompanhamento-compra?compra=98569305000042026,ComprasGov,Material,True,False,1,Sem benefício,False
COMPRASGOV-F70EF678090F,Rodobens,4/2026,4,2026,129,ES,PREFEITURA MUNICIPAL DE S.GABRIEL DA PALHA-ES,27174143000176,MUNICIPIO DE SAO GABRIEL DA PALHA,M,São Gabriel da Palha,306000.0,,2026-09-24 07:32:03,2026-10-13 12:59:00,Pregão - Eletrônico,Aberto,Divulgada no PNCP,False,https://pncp.gov.br/app/editais/27174143000176/2026/129,https://cnetmobile.estaleiro.serpro.gov.br/comprasnet-web/public/compras/acompanhamento-compra?compra=98569305000042026,ComprasGov,Material,True,False,1,Sem benefício,False
ES-D1655BEA4440,Editais,006/2026,006,2026,21,Espírito Santo,"INSTITUTO CAPIXABA DE PESQUISA, ASSISTÊNCIA TÉCNICA E EXTENSÃO RURAL",27273416000130,"INSTITUTO CAPIXABA DE PESQUISA, ASSISTENCIA TECNICA E EXTENSAO RURAL",E,Vitória,62000.0,,2026-08-24 16:15:00,2026-09-11 08:50:00,Pregão - Eletrônico,Aberto-Fechado,Divulgada no PNCP,True,https://pncp.gov.br/app/editais/27273416000130/2026/21,,ES,Serviço,False,True,2,Participação exclusiva para ME/EPP,True
ES-204D505AC57B,Divena,021/2026,021,2026,44,Espírito Santo,POLÍCIA CIVIL DO ESTADO DO ESPÍRITO SANTO,27470897000173,POLICIA CIVIL,E,Vitória,77551495.0,,2026-08-20 15:27:20,2026-09-02 13:50:00,Pregão - Eletrônico,Aberto-Fechado,Divulgada no PNCP,True,https://pncp.gov.br/app/editais/27470897000173/2026/44,,ES,Material,True,False,1,Não se aplica,True
ES-204D505AC57B,Cabala,021/2026,021,2026,44,Espírito Santo,POLÍCIA CIVIL DO ESTADO DO ESPÍRITO SANTO,27470897000173,POLICIA CIVIL,E,Vitória,77551495.0,,2026-08-20 15:27:20,2026-09-02 13:50:00,Pregão - Eletrônico,Aberto-Fechado,Divulgada no PNCP,True,https://pncp.gov.br/app/editais/27470897000173/2026/44,,ES,Material,True,False,1,Não se aplica,True
ES-EF927B9C1706,Divena,021/2026,021,2026,47,Espírito Santo,POLÍCIA CIVIL DO ESTADO DO ESPÍRITO SANTO,27470897000173,POLICIA CIVIL,E,Vitória,77551495.0,,2026-09-10 13:56:26,2026-09-23 13:50:00,Pregão - Eletrônico,Aberto-Fechado,Divulgada no PNCP,True,https://pncp.gov.br/app/editais/27470897000173/2026/47,,ES,Material,True,False,1,Não se aplica,True
ES-EF927B9C1706,Cabala,021/2026,021,2026,47,Espírito Santo,POLÍCIA CIVIL DO ESTADO DO ESPÍRITO SANTO,27470897000173,POLICIA CIVIL,E,Vitória,77551495.0,,2026-09-10 13:56:26,2026-09-23 13:50:00,Pregão - Eletrônico,Aberto-Fechado,Divulgada no PNCP,True,https://pncp.gov.br/app/editais/27470897000173/2026/47,,ES,Material,True,False,1,Não se aplica,True
PCP-69EC53F783F7,Hexis,000014/2026,000014,2026,65,Espírito Santo,Serviço Autônomo de Água e Esgoto de Linhares,27834977000160,SERVICO AUTONOMO DE AGUA E ESGOTO DE LINHARES,M,Linhares,199207.14,,2026-09-02 14:29:06,2026-09-17 08:00:00,Pregão - Eletrônico,Aberto,Divulgada no PNCP,True,https://pncp.gov.br/app/editais/27834977000160/2026/65,https://www.portaldecompraspublicas.com.br/processos/ES/Servico-Autonomo-de-Agua-e-Esgoto-de-Linhares-3409/RPE-000014-2026-2026-504208,Portal de Compras Públicas,Material,True,False,10,Sem benefício,False
PCP-D0D3453A763A,Setti,000016/2026,000016,2026,69,Espírito Santo,Serviço Autônomo de Água e Esgoto de Linhares,27834977000160,SERVICO AUTONOMO DE AGUA E ESGOTO DE LINHARES,M,Linhares,472483.18,,2026-09-09 09:53:34,2026-09-24 08:00:00,Pregão - Eletrônico,Aberto,Divulgada no PNCP,False,https://pncp.gov.br/app/editais/27834977000160/2026/69,https://www.portaldecompraspublicas.com.br/processos/ES/Servico-Autonomo-de-Agua-e-Esgoto-de-Linhares-3409/PE-000016-2026-2026-510023,Portal de Compras Públicas,Serviço,False,True,10,Sem benefício,False
COMPRASGOV-C659AEE1B471,Danfoss,243/2026,243,2026,293,Rio de Janeiro,ERJ-MINISTÉRIO PUBLICO ESTADO RIO DE JANEIRO,28305936000140,MINISTERIO PUBLICO DO ESTADO DO RIO DE JANEIRO,E,Rio de Janeiro,57019.16,,2026-08-25 09:46:35,2026-09-01 08:30:00,Dispensa,Dispensa Com Disputa,Divulgada no PNCP,False,https://pncp.gov.br/app/editais/28305936000140/2026/293,https://cnetmobile.estaleiro.serpro.gov.br/comprasnet-web/public/compras/acompanhamento-compra?compra=92515306002432026,ComprasGov,Material,True,False,4,Participação exclusiva para ME/EPP,True
RJ-0AAA4C1AE572,GCT,059/2026/2026,059/2026,2026,106,Rio de Janeiro,Barra Mansa,28695658000184,MUNICIPIO DE BARRA MANSA,M,Barra Mansa,15731945.23,,2026-09-08 10:03:06,2026-09-23 09:00:00,Pregão - Eletrônico,Aberto,Divulgada no PNCP,True,https://pncp.gov.br/app/editais/28695658000184/2026/106,,RJ,Material,True,False,10,Sem benefício,False
COMPRASGOV-836308DB796F,Air Liquide,228/2026,228,2026,263,Rio de Janeiro,PREFEITURA MUNICIPAL BOM JESUS DO ITABAPOANA,29112760000172,BOM JESUS DO ITABAPOANA PREFEITURA,M,Bom Jesus do Itabapoana,178526.64,,2026-09-11 12:25:32,2026-09-29 09:00:00,Pregão - Eletrônico,Aberto,Divulgada no PNCP,False,https://pncp.gov.br/app/editais/29112760000172/2026/263,https://cnetmobile.estaleiro.serpro.gov.br/comprasnet-web/public/compras/acompanhamento-compra?compra=98581105002282026,ComprasGov,Material,True,False,3,Cota reservada para ME/EPP; Participação exclusiva para ME/EPP,True
COMPRASGOV-965F85351667,Divena,240/2026,240,2026,275,Rio de Janeiro,PREFEITURA MUNICIPAL BOM JESUS DO ITABAPOANA,29112760000172,BOM JESUS DO ITABAPOANA PREFEITURA,M,Bom Jesus do Itabapoana,347633.33,,2026-09-28 16:14:11,2026-10-14 09:00:00,Pregão - Eletrônico,Aberto,Divulgada no PNCP,False,https://pncp.gov.br/app/editais/29112760000172/2026/275,https://cnetmobile.estaleiro.serpro.gov.br/comprasnet-web/public/compras/acompanhamento-compra?compra=98581105002402026,ComprasGov,Material,True,False,1,Sem benefício,False
COMPRASGOV-965F85351667,Cabala,240/2026,240,2026,275,Rio de Janeiro,PREFEITURA MUNICIPAL BOM JESUS DO ITABAPOANA,29112760000172,BOM JESUS DO ITABAPOANA PREFEITURA,M,Bom Jesus do Itabapoana,347633.33,,2026-09-28 16:14:11,2026-10-14 09:00:00,Pregão - Eletrônico,Aberto,Divulgada no PNCP,False,https://pncp.gov.br/app/editais/29112760000172/2026/275,https://cnetmobile.estaleiro.serpro.gov.br/comprasnet-web/public/compras/acompanhamento-compra?compra=98581105002402026,ComprasGov,Material,True,False,1,Sem benefício,False
PCP-9C39B6CB89A1,Setti,044/2026,044,2026,140,RJ,SECRETARIA MUNICIPAL DE SEGURANÇA PÚBLICA E MOBILIDADE URBANA,29115466000114,MUNICIPIO DE CONCEICAO DE MACABU,M,Conceição de Macabu,95153.33,,2026-09-18 13:33:23,2026-10-08 10:00:00,Pregão - Eletrônico,Aberto,Divulgada no PNCP,False,https://pncp.gov.br/app/editais/29115466000114/2026/140,https://www.portaldecompraspublicas.com.br/processos/RJ/Prefeitura-Municipal-de-Conceicao-de-Macabu-2900/PE-044-2026-2026-512513,Portal de Compras Públicas,Material,True,False,2,Sem benefício,False
PCP-5176540FF7B9,Air Liquide,040/2026,040,2026,148,RJ,Fundo Municipal de Saude,29115466000114,MUNICIPIO DE CONCEICAO DE MACABU,M,Conceição de Macabu,264084.0,,2026-09-25 13:56:59,2026-10-14 10:00:00,Pregão - Eletrônico,Aberto,Divulgada no PNCP,False,https://pncp.gov.br/app/editais/29115466000114/2026/148,https://www.portaldecompraspublicas.com.br/processos/RJ/Prefeitura-Municipal-de-Conceicao-de-Macabu-2900/PE-040-2026-2026-514238,Portal de Compras Públicas,Misto,True,True,3,Sem benefício,False
COMPRASBR-9E0981CDDD8A,Setti,074/2026,074,2026,233,RJ,Prefeitura Municipal de Itaguaí - RJ,29138302000102,MUNICIPIO DE ITAGUAI,M,Itaguaí,27322005.66,,2026-09-23 11:20:06,2026-10-07 09:59:00,Pregão - Eletrônico,Aberto,Divulgada no PNCP,True,https://pncp.gov.br/app/editais/29138302000102/2026/233,https://comprasbr.com.br/pregao-eletronico-detalhe/?idlicitacao=48503,Compras BR,Material,True,False,2,Não se aplica,True
RJ-E1629FD4618A,Air Liquide,SMS-033/2026/2026,SMS-033/2026,2026,243,RJ,Piraí,29141322000132,MUNICIPIO DE PIRAI,M,Piraí,275450.0,,2026-09-28 11:41:04,2026-10-13 08:00:00,Pregão - Eletrônico,Aberto,Divulgada no PNCP,True,https://pncp.gov.br/app/editais/29141322000132/2026/243,,RJ,Material,True,False,2,Sem benefício,False
COMPRASGOV-F0F1D2EBE57A,Air Liquide,2/2026,2,2026,27,Rio de Janeiro,MEC-UFRRJ-UNIV.FED.RURAL DO R.DE JANEIRO/RJ,29427465000105,UNIVERSIDADE FEDERAL RURAL DO RIO DE JANEIRO,F,Seropédica,297038.21,,2026-08-26 04:00:31,2026-09-09 10:00:00,Pregão - Eletrônico,Aberto-Fechado,Divulgada no PNCP,True,https://pncp.gov.br/app/editais/29427465000105/2026/27,https://cnetmobile.estaleiro.serpro.gov.br/comprasnet-web/public/compras/acompanhamento-compra?compra=15316605000022026,ComprasGov,Material,True,False,10,Cota reservada para ME/EPP; Participação exclusiva para ME/EPP,True
COMPRASGOV-B4B04D8BD146,Editais,1/2026,1,2026,3,Rio de Janeiro,NITERÓI EMPRESA DE LAZER E TURISMO S/A - RJ,29541968000107,NITEROI - EMPRESA DE LAZER E TURISMO S/A - NELTUR,N,Niterói,0.0,,2026-09-04 11:33:32,2026-09-22 10:00:00,Pregão - Eletrônico,Aberto,Divulgada no PNCP,False,https://pncp.gov.br/app/editais/29541968000107/2026/3,https://cnetmobile.estaleiro.serpro.gov.br/comprasnet-web/public/compras/acompanhamento-compra?compra=92939505000012026,ComprasGov,Serviço,False,True,6,Não se aplica,True
COMPRASGOV-6514E3A2C9CA,Educantes,3/2026,3,2026,5,Rio de Janeiro,NITERÓI EMPRESA DE LAZER E TURISMO S/A - RJ,29541968000107,NITEROI - EMPRESA DE LAZER E TURISMO S/A - NELTUR,N,Niterói,0.0,,2026-09-22 13:24:29,2026-10-07 10:00:00,Pregão - Eletrônico,Aberto,Divulgada no PNCP,False,https://pncp.gov.br/app/editais/29541968000107/2026/5,https://cnetmobile.estaleiro.serpro.gov.br/comprasnet-web/public/compras/acompanhamento-compra?compra=92939505000032026,ComprasGov,Serviço,False,True,6,Não se aplica,True
BNC-27E6C42813FA,Divena,PE-002/2026-FME/2026,PE-002/2026-FME,2026,2,Bahia,FUNDO MUNICIPAL DE EDUCAÇÃO DE CAPELA DO ALTO ALEGRE,30350149000161,FUNDO MUNICIPAL DE EDUCACAO,M,Capela do Alto Alegre,2249148.56,,2026-09-09 15:42:54,2026-09-21 08:00:00,Pregão - Eletrônico,Aberto-Fechado,Divulgada no PNCP,False,https://pncp.gov.br/app/editais/30350149000161/2026/2,https://bnccompras.com/Process/ProcessView?param1=[gkz]j/I4HkH0CG4_SpycGv4bvYTOclRDPu4DOzsbG6o/dWhiyccu/Bts1wRqU8j3wa_AyoSKeWB9wztHwRo3_nJhzNYtNTJmR71l9NXSexWMh0o=,BNC Compras,Material,True,False,4,Sem benefício,False
BNC-27E6C42813FA,Mercedes,PE-002/2026-FME/2026,PE-002/2026-FME,2026,2,Bahia,FUNDO MUNICIPAL DE EDUCAÇÃO DE CAPELA DO ALTO ALEGRE,30350149000161,FUNDO MUNICIPAL DE EDUCACAO,M,Capela do Alto Alegre,2249148.56,,2026-09-09 15:42:54,2026-09-21 08:00:00,Pregão - Eletrônico,Aberto-Fechado,Divulgada no PNCP,False,https://pncp.gov.br/app/editais/30350149000161/2026/2,https://bnccompras.com/Process/ProcessView?param1=[gkz]j/I4HkH0CG4_SpycGv4bvYTOclRDPu4DOzsbG6o/dWhiyccu/Bts1wRqU8j3wa_AyoSKeWB9wztHwRo3_nJhzNYtNTJmR71l9NXSexWMh0o=,BNC Compras,Material,True,False,4,Sem benefício,False
BNC-27E6C42813FA,Cabala,PE-002/2026-FME/2026,PE-002/2026-FME,2026,2,Bahia,FUNDO MUNICIPAL DE EDUCAÇÃO DE CAPELA DO ALTO ALEGRE,30350149000161,FUNDO MUNICIPAL DE EDUCACAO,M,Capela do Alto Alegre,2249148.56,,2026-09-09 15:42:54,2026-09-21 08:00:00,Pregão - Eletrônico,Aberto-Fechado,Divulgada no PNCP,False,https://pncp.gov.br/app/editais/30350149000161/2026/2,https://bnccompras.com/Process/ProcessView?param1=[gkz]j/I4HkH0CG4_SpycGv4bvYTOclRDPu4DOzsbG6o/dWhiyccu/Bts1wRqU8j3wa_AyoSKeWB9wztHwRo3_nJhzNYtNTJmR71l9NXSexWMh0o=,BNC Compras,Material,True,False,4,Sem benefício,False
BNC-9C7491F24D08,Divena,004/2026,004,2026,6,Pernambuco,FUNDO MUNICIPAL DE EDUCAÇÃO DE NAZARÉ DA MATA,30889175000162,SECRETARIA DE EDUCACAO,M,Nazaré da Mata,502754.0,,2026-09-15 12:44:15,2026-09-29 08:30:00,Pregão - Eletrônico,Aberto,Divulgada no PNCP,False,https://pncp.gov.br/app/editais/30889175000162/2026/6,https://bnccompras.com/Process/ProcessView?param1=[gkz]pBLjcNOKMoRsjatT78DWRyN8T7VwoVPd9lHWxw2nX3YEoGOxR8DloeKXtv_MCcEhFda4kNR_zAXMxQHWZIXzveXu6JIzRF_EDVOoI7ShYE0=,BNC Compras,Material,True,False,1,Sem benefício,False
BNC-9C7491F24D08,Mercedes,004/2026,004,2026,6,Pernambuco,FUNDO MUNICIPAL DE EDUCAÇÃO DE NAZARÉ DA MATA,30889175000162,SECRETARIA DE EDUCACAO,M,Nazaré da Mata,502754.0,,2026-09-15 12:44:15,2026-09-29 08:30:00,Pregão - Eletrônico,Aberto,Divulgada no PNCP,False,https://pncp.gov.br/app/editais/30889175000162/2026/6,https://bnccompras.com/Process/ProcessView?param1=[gkz]pBLjcNOKMoRsjatT78DWRyN8T7VwoVPd9lHWxw2nX3YEoGOxR8DloeKXtv_MCcEhFda4kNR_zAXMxQHWZIXzveXu6JIzRF_EDVOoI7ShYE0=,BNC Compras,Material,True,False,1,Sem benefício,False
COMPRASGOV-DAF8FBD4644E,Air Liquide,35/2026,35,2026,141,Espírito Santo,CENTRO DE CIÊNCIAS AGRÁRIAS DA UFES,32479123000143,UNIVERSIDADE FEDERAL DO ESPIRITO SANTO,F,Alegre,80000.0,,2026-09-11 04:03:02,2026-09-23 09:00:00,Pregão - Eletrônico,Aberto,Divulgada no PNCP,True,https://pncp.gov.br/app/editais/32479123000143/2026/141,https://cnetmobile.estaleiro.serpro.gov.br/comprasnet-web/public/compras/acompanhamento-compra?compra=15305005000352026,ComprasGov,Material,True,False,1,Participação exclusiva para ME/EPP,True
COMPRASGOV-53F47AEB1CE0,Divena,195/2026,195,2026,348,RJ,PREFEITURA MUNICIPAL DE VOLTA REDONDA-RJ,32512501000143,MUNICIPIO DE VOLTA REDONDA,M,Volta Redonda,822264.05,,2026-08-26 14:52:59,2026-10-15 09:00:00,Pregão - Eletrônico,Aberto-Fechado,Divulgada no PNCP,False,https://pncp.gov.br/app/editais/32512501000143/2026/348,https://cnetmobile.estaleiro.serpro.gov.br/comprasnet-web/public/compras/acompanhamento-compra?compra=45006805001952026,ComprasGov,Material,True,False,2,Não se aplica,True
COMPRASGOV-53F47AEB1CE0,Mercedes,195/2026,195,2026,348,RJ,PREFEITURA MUNICIPAL DE VOLTA REDONDA-RJ,32512501000143,MUNICIPIO DE VOLTA REDONDA,M,Volta Redonda,822264.05,,2026-08-26 14:52:59,2026-10-15 09:00:00,Pregão - Eletrônico,Aberto-Fechado,Divulgada no PNCP,False,https://pncp.gov.br/app/editais/32512501000143/2026/348,https://cnetmobile.estaleiro.serpro.gov.br/comprasnet-web/public/compras/acompanhamento-compra?compra=45006805001952026,ComprasGov,Material,True,False,2,Não se aplica,True
COMPRASGOV-53F47AEB1CE0,Cabala,195/2026,195,2026,348,RJ,PREFEITURA MUNICIPAL DE VOLTA REDONDA-RJ,32512501000143,MUNICIPIO DE VOLTA REDONDA,M,Volta Redonda,822264.05,,2026-08-26 14:52:59,2026-10-15 09:00:00,Pregão - Eletrônico,Aberto-Fechado,Divulgada no PNCP,False,https://pncp.gov.br/app/editais/32512501000143/2026/348,https://cnetmobile.estaleiro.serpro.gov.br/comprasnet-web/public/compras/acompanhamento-compra?compra=45006805001952026,ComprasGov,Material,True,False,2,Não se aplica,True
COMPRASGOV-16294CE79AA3,GCT,272/2026,272,2026,403,RJ,PREFEITURA MUNICIPAL DE VOLTA REDONDA-RJ,32512501000143,MUNICIPIO DE VOLTA REDONDA,M,Volta Redonda,7715.7,,2026-09-28 15:55:28,2026-10-13 09:00:00,Pregão - Eletrônico,Aberto-Fechado,Divulgada no PNCP,False,https://pncp.gov.br/app/editais/32512501000143/2026/403,https://cnetmobile.estaleiro.serpro.gov.br/comprasnet-web/public/compras/acompanhamento-compra?compra=45006805002722026,ComprasGov,Material,True,False,1,Participação exclusiva para ME/EPP,True
TO-F963E6B5BC4E,Setti,90079/PE/ATI/2026,90079/PE/ATI,2026,18,TO,Agência de Tecnologia da Informação,32893926000140,AGENCIA DE TECNOLOGIA DA INFORMACAO,E,Palmas,19382871.64,,2026-09-23 11:31:43,2026-10-02 08:59:00,Pregão - Eletrônico,Aberto,Divulgada no PNCP,True,https://pncp.gov.br/app/editais/32893926000140/2026/18,,TO,Serviço,False,True,10,Não se aplica,True
COMPRASGOV-2C5CD83BAAC6,Educantes,6/2026,6,2026,221,Rio de Janeiro,CRJ-BANCO NACIONAL DE DESEN. ECON. E SOCIAL,33657248000189,BNDES,N,Rio de Janeiro,280250.0,,2026-09-09 18:11:07,2026-09-28 15:00:00,Pregão - Eletrônico,Aberto-Fechado,Divulgada no PNCP,False,https://pncp.gov.br/app/editais/33657248000189/2026/221,https://cnetmobile.estaleiro.serpro.gov.br/comprasnet-web/public/compras/acompanhamento-compra?compra=20101405000062026,ComprasGov,Serviço,False,True,1,Não se aplica,True
COMPRASGOV-66BE826C462F,Air Liquide,506/2026,506,2026,1395,Rio de Janeiro,FUNDACAO OSWALDO CRUZ/RJ,33781055000135,FUNDACAO OSWALDO CRUZ,F,Rio de Janeiro,840008.43,,2026-08-18 04:00:18,2026-08-28 09:00:00,Pregão - Eletrônico,Aberto,Divulgada no PNCP,True,https://pncp.gov.br/app/editais/33781055000135/2026/1395,https://cnetmobile.estaleiro.serpro.gov.br/comprasnet-web/public/compras/acompanhamento-compra?compra=25442005005062026,ComprasGov,Material,True,False,10,Sem benefício,False
COMPRASGOV-D3485F3BDBCB,Air Liquide,141/2026,141,2026,1422,Rio de Janeiro,FUNDACAO OSWALDO CRUZ/RJ,33781055000135,FUNDACAO OSWALDO CRUZ,F,Rio de Janeiro,942304.56,,2026-08-21 04:00:14,2026-09-02 10:00:00,Pregão - Eletrônico,Aberto-Fechado,Divulgada no PNCP,True,https://pncp.gov.br/app/editais/33781055000135/2026/1422,https://cnetmobile.estaleiro.serpro.gov.br/comprasnet-web/public/compras/acompanhamento-compra?compra=25442305001412026,ComprasGov,Material,True,False,10,Não se aplica,True
COMPRASGOV-28C146B51E04,Hexis,873/2026,873,2026,1670,Rio de Janeiro,FUNDACAO OSWALDO CRUZ/RJ,33781055000135,FUNDACAO OSWALDO CRUZ,F,Rio de Janeiro,0.0,,2026-09-25 04:00:24,2026-10-19 09:30:00,Pregão - Eletrônico,Aberto-Fechado,Divulgada no PNCP,False,https://pncp.gov.br/app/editais/33781055000135/2026/1670,https://cnetmobile.estaleiro.serpro.gov.br/comprasnet-web/public/compras/acompanhamento-compra?compra=25444605008732026,ComprasGov,Material,True,False,3,Participação exclusiva para ME/EPP,True
COMPRASGOV-2071A9D35120,Hexis,12/2026,12,2026,1684,Rio de Janeiro,FUNDACAO OSWALDO CRUZ/RJ,33781055000135,FUNDACAO OSWALDO CRUZ,F,Rio de Janeiro,2696313.68,,2026-09-29 04:00:54,2026-10-13 09:30:00,Pregão - Eletrônico,Aberto,Divulgada no PNCP,True,https://pncp.gov.br/app/editais/33781055000135/2026/1684,https://cnetmobile.estaleiro.serpro.gov.br/comprasnet-web/public/compras/acompanhamento-compra?compra=25442005000122026,ComprasGov,Material,True,False,10,Sem benefício,False
COMPRASGOV-03DB5A79643C,Hexis,109/2026,109,2026,1686,Rio de Janeiro,FUNDACAO OSWALDO CRUZ/RJ,33781055000135,FUNDACAO OSWALDO CRUZ,F,Rio de Janeiro,0.0,,2026-09-29 04:06:03,2026-10-09 10:00:00,Pregão - Eletrônico,Aberto-Fechado,Divulgada no PNCP,True,https://pncp.gov.br/app/editais/33781055000135/2026/1686,https://cnetmobile.estaleiro.serpro.gov.br/comprasnet-web/public/compras/acompanhamento-compra?compra=25449205001092026,ComprasGov,Material,True,False,10,Não se aplica,True
COMPRASGOV-D3BA6C6DC34A,GCT,3/2026,3,2026,16,Paraíba,SUPERINTENDÊNCIA DE TRANSITO E TRANSP PUBLIC,35576651000109,SUPERINTENDENCIA DE TRANSPORTES PUBLICOS,M,Campina Grande,355650.0,,2026-08-12 15:50:40,2026-08-26 14:10:00,Pregão - Eletrônico,Aberto-Fechado,Divulgada no PNCP,False,https://pncp.gov.br/app/editais/35576651000109/2026/16,https://cnetmobile.estaleiro.serpro.gov.br/comprasnet-web/public/compras/acompanhamento-compra?compra=92763805000032026,ComprasGov,Material,True,False,4,Não se aplica,True
ES-AABAE6D29EC2,Divena,000022/2026,000022,2026,64,ES,PREFEITURA MUNICIPAL DE VILA PAVÃO,36350346000167,MUNICIPIO DE VILA PAVAO,M,Vila Pavão,0.0,,2026-08-26 07:41:37,2026-10-09 07:30:00,Pregão - Eletrônico,Aberto,Divulgada no PNCP,False,https://pncp.gov.br/app/editais/36350346000167/2026/64,,ES,Material,True,False,1,Sem benefício,False
ES-AABAE6D29EC2,Cabala,000022/2026,000022,2026,64,ES,PREFEITURA MUNICIPAL DE VILA PAVÃO,36350346000167,MUNICIPIO DE VILA PAVAO,M,Vila Pavão,0.0,,2026-08-26 07:41:37,2026-10-09 07:30:00,Pregão - Eletrônico,Aberto,Divulgada no PNCP,False,https://pncp.gov.br/app/editais/36350346000167/2026/64,,ES,Material,True,False,1,Sem benefício,False
COMPRASGOV-022A80546E05,Air Liquide,28/2026,28,2026,109,Rio de Janeiro,INDUSTRIAS NUCLEARES DO BRASIL S/A,37115383000153,MINISTERIO DE MINAS E ENERGIA,F,Rio de Janeiro,0.0,,2026-09-10 10:25:09,2026-09-25 09:00:00,Pregão - Eletrônico,Aberto,Divulgada no PNCP,False,https://pncp.gov.br/app/editais/37115383000153/2026/109,https://cnetmobile.estaleiro.serpro.gov.br/comprasnet-web/public/compras/acompanhamento-compra?compra=11320605000282026,ComprasGov,Material,True,False,1,Sem benefício,False
COMPRASGOV-BC66CD2263F5,Starmac,38/2026,38,2026,122,Rio de Janeiro,INDUSTRIAS NUCLEARES DO BRASIL S/A,37115383000153,MINISTERIO DE MINAS E ENERGIA,F,Rio de Janeiro,0.0,,2026-09-21 08:41:41,2026-10-02 10:00:00,Pregão - Eletrônico,Aberto,Divulgada no PNCP,False,https://pncp.gov.br/app/editais/37115383000153/2026/122,https://cnetmobile.estaleiro.serpro.gov.br/comprasnet-web/public/compras/acompanhamento-compra?compra=11320605000382026,ComprasGov,Material,True,False,1,Não se aplica,True
COMPRASGOV-E774A83C5E14,Air Liquide,54/2026,54,2026,60,Distrito Federal,POLÍCIA CIVIL DO DISTRITO FEDERAL,37115482000135,POLICIA CIVIL DO DISTRITO FEDERAL,D,Brasília,1040443.1,,2026-08-24 17:10:32,2026-09-08 14:00:00,Pregão - Eletrônico,Aberto-Fechado,Divulgada no PNCP,False,https://pncp.gov.br/app/editais/37115482000135/2026/60,https://cnetmobile.estaleiro.serpro.gov.br/comprasnet-web/public/compras/acompanhamento-compra?compra=92601505000542026,ComprasGov,Material,True,False,10,Cota reservada para ME/EPP; Participação exclusiva para ME/EPP,True
BLL-3739A1EF4AEF,Rodobens,032/2026,032,2026,63,MS,MUNICIPIO DE NOVA ALVORADA DO SUL,37212719000104,MUNICIPIO DE NOVA ALVORADA DO SUL,M,Nova Alvorada do Sul,403358.0,,2026-09-22 09:52:36,2026-10-07 08:00:00,Pregão - Eletrônico,Aberto,Divulgada no PNCP,False,https://pncp.gov.br/app/editais/37212719000104/2026/63,https://bllcompras.com/Process/ProcessView?param1=[gkz]Oj3uGeT_iZ2UY4FqePnSklmEhLDjNkxW2W8OOLtKTxtn/9rAhwlW5cNlMmhipdUjnUpNik6YoXM82vQ3zfsDgsS8oHc54rBDHelxTUeQCL8=,BLL Compras,Material,True,False,1,Sem benefício,False
BLL-E8F2B0C58369,Air Liquide,020/2026,020,2026,15,Mato Grosso,PREFEITURA MUNICIPAL DE NOVA MARINGA-MT,37464831000124,MUNICIPIO DE NOVA MARINGA,M,Nova Maringá,70335.53,,2026-09-11 15:17:10,2026-09-24 09:00:00,Pregão - Eletrônico,Aberto-Fechado,Divulgada no PNCP,True,https://pncp.gov.br/app/editais/37464831000124/2026/15,https://bllcompras.com/Process/ProcessView?param1=[gkz]a9sPMSVPfeOp2sn4SobTWtLp00yT8CIG0rt2vx3elXk7ZRCWlHJlTqPeyfQrPo_Bsuqw3JL9bz7DsefLShcOf33Zq3n1Wk6SLMN0ETe_H/U=,BLL Compras,Material,True,False,4,Sem benefício,False
LICITANET-CCE39C88B8B1,Rodobens,22/2026,22,2026,37,Mato Grosso,PREFEITURA MUNICIPAL DE QUERÊNCIA/MT,37465002000166,PREFEITURA MUNICIPAL DE QUERENCIA,M,Querência,10852583.2,,2026-08-11 17:03:58,2026-09-24 08:00:00,Pregão - Eletrônico,Aberto-Fechado,Divulgada no PNCP,True,https://pncp.gov.br/app/editais/37465002000166/2026/37,https://licitanet.com.br/sessao/197253,Licitanet,Material,True,False,10,Sem benefício,False
LICITANET-CCE39C88B8B1,Mercedes,22/2026,22,2026,37,Mato Grosso,PREFEITURA MUNICIPAL DE QUERÊNCIA/MT,37465002000166,PREFEITURA MUNICIPAL DE QUERENCIA,M,Querência,10852583.2,,2026-08-11 17:03:58,2026-09-24 08:00:00,Pregão - Eletrônico,Aberto-Fechado,Divulgada no PNCP,True,https://pncp.gov.br/app/editais/37465002000166/2026/37,https://licitanet.com.br/sessao/197253,Licitanet,Material,True,False,10,Sem benefício,False
LICITANET-CCE39C88B8B1,Divena,22/2026,22,2026,37,Mato Grosso,PREFEITURA MUNICIPAL DE QUERÊNCIA/MT,37465002000166,PREFEITURA MUNICIPAL DE QUERENCIA,M,Querência,10852583.2,,2026-08-11 17:03:58,2026-09-24 08:00:00,Pregão - Eletrônico,Aberto-Fechado,Divulgada no PNCP,True,https://pncp.gov.br/app/editais/37465002000166/2026/37,https://licitanet.com.br/sessao/197253,Licitanet,Material,True,False,10,Sem benefício,False
COMPRASGOV-AD6B91A3B6E6,Air Liquide,90014/2026,90014,2026,21,Rio de Janeiro,FUNDO MUNICIPAL DE SAÚDE DE VOLTA REDONDA-RJ,39563911000162,FUNDO MUNICIPAL DE SAUDE PMVR SMS,M,Volta Redonda,891015.44,,2026-02-12 07:11:24,2026-08-31 09:00:00,Pregão - Eletrônico,Aberto-Fechado,Divulgada no PNCP,False,https://pncp.gov.br/app/editais/39563911000162/2026/21,https://cnetmobile.estaleiro.serpro.gov.br/comprasnet-web/public/landing?destino=acompanhamento-compra&compra=92685005900142026,ComprasGov,Serviço,False,True,10,Não se aplica,True
CRJ-62DADCB51B77,Air Liquide,PE 023/26/2026,PE 023/26,2026,3481,Rio de Janeiro,Secretaria de Estado de Policia Civil,42498600000171,ESTADO DO RIO DE JANEIRO,E,Rio de Janeiro,40445.89,,2026-08-19 11:18:37,2026-09-02 13:00:00,Pregão - Eletrônico,Aberto-Fechado,Divulgada no PNCP,False,https://pncp.gov.br/app/editais/42498600000171/2026/3481,https://www.compras.rj.gov.br/EditaisLicitacoes/detalhar.action?idLic=37284,Compras RJ,Material,True,False,2,Sem benefício,False
CRJ-5331506B074C,Danfoss,PD 005/26/2026,PD 005/26,2026,3978,Rio de Janeiro,Secretaria de Estado de Policia Civil,42498600000171,ESTADO DO RIO DE JANEIRO,E,Rio de Janeiro,46329.1,,2026-09-18 18:02:18,2026-09-30 10:00:00,Dispensa,Dispensa Com Disputa,Divulgada no PNCP,False,https://pncp.gov.br/app/editais/42498600000171/2026/3978,https://www.compras.rj.gov.br/EditaisLicitacoes/detalhar.action?idLic=37445,Compras RJ,Material,True,False,2,Participação exclusiva para ME/EPP,True
COMPRASGOV-793D5F58EFC0,Air Liquide,1689/2026,1689,2026,1953,RJ,MRJ-PREFEITURA MUNICIPAL DO RIO DE JANEIRO,42498733000148,MUNICIPIO DE RIO DE JANEIRO,M,Rio de Janeiro,0.0,,2026-09-25 10:10:00,2026-10-08 13:59:00,Pregão - Eletrônico,Aberto,Divulgada no PNCP,True,https://pncp.gov.br/app/editais/42498733000148/2026/1953,https://cnetmobile.estaleiro.serpro.gov.br/comprasnet-web/public/compras/acompanhamento-compra?compra=98600105016892026,ComprasGov,Material,True,False,1,Participação exclusiva para ME/EPP,True
COMPRASGOV-70C9869F5572,Setti,90008/2026,90008,2026,22,Rio de Janeiro,MICT-INPI-INST.NAC.DA PROPR.INDUSTRIAL/RJ,42521088000137,INSTITUTO NACIONAL DA PROPRIEDADE INDUSTRIAL,F,Rio de Janeiro,2755161.25,,2026-07-01 07:03:11,2026-09-28 11:00:00,Pregão - Eletrônico,Aberto-Fechado,Divulgada no PNCP,False,https://pncp.gov.br/app/editais/42521088000137/2026/22,https://cnetmobile.estaleiro.serpro.gov.br/comprasnet-web/public/landing?destino=acompanhamento-compra&compra=18303805900082026,ComprasGov,Misto,True,True,8,Não se aplica,True
COMPRASGOV-028BFFFF66CB,GCT,68/2026,68,2026,470,São Paulo,ESP - DR.06 - TAUBATE,43052497000102,DEPARTAMENTO DE ESTRADAS DE RODAGEM,E,Taubaté,125775.0,,2026-09-14 08:58:53,2026-10-05 09:00:00,Pregão - Eletrônico,Aberto,Divulgada no PNCP,False,https://pncp.gov.br/app/editais/43052497000102/2026/470,https://cnetmobile.estaleiro.serpro.gov.br/comprasnet-web/public/compras/acompanhamento-compra?compra=26220805000682026,ComprasGov,Material,True,False,2,Não se aplica,True
CARS-19D5E5750F50,Hexis,100/2026,100,2026,174,São Paulo,Departamento de Compras ,44215846000114,MUNICIPIO DE ARARAS,M,Araras,855000.0,,2026-09-02 10:47:48,2026-09-22 08:00:00,Pregão - Eletrônico,Aberto,Divulgada no PNCP,True,https://pncp.gov.br/app/editais/44215846000114/2026/174,http://www.comprasararas.com.br,Compras Araras,Material,True,False,2,Sem benefício,False
CARS-386BDC811B60,Editais,103/2026,103,2026,179,São Paulo,Departamento de Compras ,44215846000114,MUNICIPIO DE ARARAS,M,Araras,2924414.0,,2026-09-09 08:57:37,2026-09-29 08:00:00,Pregão - Eletrônico,Aberto,Divulgada no PNCP,True,https://pncp.gov.br/app/editais/44215846000114/2026/179,http://www.comprasararas.com.br,Compras Araras,Material,True,False,10,Sem benefício,False
SP-B128A6892D01,Rodobens,000063/2026,000063,2026,122,São Paulo,ADMINISTRAÇÃO GERAL,44239770000167,DEPARTAMENTO AUTONOMO DE AGUA E ESGOTO,M,Araraquara,1420000.0,,2026-09-02 09:00:18,2026-09-24 09:30:00,Pregão - Eletrônico,Aberto,Divulgada no PNCP,False,https://pncp.gov.br/app/editais/44239770000167/2026/122,https://transparencia.araraquaradaae.eportal.net.br/transparencia/,SP,Material,True,False,2,Sem benefício,False
SP-67E888E07B86,Air Liquide,102/2026,102,2026,874,SP,PREFEITURA MUNICIPAL DE MARÍLIA,44477909000100,MUNICIPIO DE MARILIA,M,Marília,113812.35,,2026-09-28 09:26:56,2026-10-13 09:00:00,Pregão - Eletrônico,Aberto,Divulgada no PNCP,False,https://pncp.gov.br/app/editais/44477909000100/2026/874,,SP,Serviço,False,True,8,Não se aplica,True
COMPRASGOV-EFCDE4715AF7,Air Liquide,29/2026,29,2026,875,SP,PREFEITURA MUNICIPAL DE MARILIA - SP,44477909000100,MUNICIPIO DE MARILIA,M,Marília,113812.35,,2026-09-28 09:34:25,2026-10-13 09:00:00,Pregão - Eletrônico,Aberto,Divulgada no PNCP,False,https://pncp.gov.br/app/editais/44477909000100/2026/875,https://cnetmobile.estaleiro.serpro.gov.br/comprasnet-web/public/compras/acompanhamento-compra?compra=98668105000292026,ComprasGov,Serviço,False,True,1,Não se aplica,True
SP-EE55CFF986C6,Air Liquide,19/2026,19,2026,43,São Paulo,MUNICIPIO DE OCAUCU,44482248000101,MUNICIPIO DE OCAUCU,M,Ocauçu,215343.28,,2026-08-14 13:51:47,2026-08-31 08:59:00,Pregão - Eletrônico,Aberto,Divulgada no PNCP,True,https://pncp.gov.br/app/editais/44482248000101/2026/43,http://201.62.81.162:8079/comprasedital/,SP,Misto,True,True,7,Não se aplica; Participação exclusiva para ME/EPP,True
SP-463004D8E0C4,Sai Brasil,2/2026,2,2026,33,SP,PREFEITURA MUNICIPAL,44498988000136,MUNICIPIO DE BOCAINA,M,Bocaina,194740.8,,2026-09-10 16:30:37,2026-10-19 23:59:00,Concorrência - Presencial,Fechado-Aberto,Divulgada no PNCP,True,https://pncp.gov.br/app/editais/44498988000136/2026/33,,SP,Serviço,False,True,10,Não se aplica,True
SP-A87550FA52C4,Air Liquide,89/2026,89,2026,180,São Paulo,Prefeitura Municipal de Lins,44531788000138,MUNICIPIO DE LINS,M,Lins,54355.08,,2026-09-09 15:12:54,2026-10-01 08:30:00,Pregão - Eletrônico,Aberto,Divulgada no PNCP,True,https://pncp.gov.br/app/editais/44531788000138/2026/180,,SP,Material,True,False,1,Participação exclusiva para ME/EPP,True
COMPRASBR-A559091F5107,Air Liquide,PE 053/2026,PE 053,2026,298,São Paulo,Prefeitura Municipal de Cordeirópolis - SP,44660272000193,MUNICIPIO DE CORDEIROPOLIS,M,Cordeirópolis,192476.64,,2026-08-31 13:50:35,2026-09-16 17:00:00,Pregão - Eletrônico,Aberto,Divulgada no PNCP,False,https://pncp.gov.br/app/editais/44660272000193/2026/298,https://comprasbr.com.br/pregao-eletronico-detalhe/?idlicitacao=47966,Compras BR,Material,True,False,2,Não se aplica,True
SP-6A1FBFF49314,Air Liquide,83/2026,83,2026,780,São Paulo,PREFEITURA MUNICIPAL DE CAPIVARI - SP,44723674000190,MUNICIPIO DE CAPIVARI,M,Capivari,10778364.0,,2026-09-14 14:55:35,2026-09-25 08:00:00,Pregão - Eletrônico,Aberto,Divulgada no PNCP,True,https://pncp.gov.br/app/editais/44723674000190/2026/780,,SP,Serviço,False,True,10,Sem benefício,False
SP-509818883F5B,Air Liquide,83/2026,83,2026,790,São Paulo,PREFEITURA MUNICIPAL DE CAPIVARI - SP,44723674000190,MUNICIPIO DE CAPIVARI,M,Capivari,10778364.0,,2026-09-15 15:31:06,2026-09-25 08:00:00,Pregão - Eletrônico,Aberto,Divulgada no PNCP,True,https://pncp.gov.br/app/editais/44723674000190/2026/790,,SP,Serviço,False,True,10,Sem benefício,False
SP-1AB755E42AA5,Air Liquide,35/2026,35,2026,92,São Paulo,DIRETORIA DE SAÚDE ,44723757000189,MUNICIPIO DE RAFARD,M,Rafard,143596.2,,2026-09-08 09:20:58,2026-09-24 09:00:00,Pregão - Eletrônico,Aberto,Divulgada no PNCP,True,https://pncp.gov.br/app/editais/44723757000189/2026/92,,SP,Material,True,False,5,Participação exclusiva para ME/EPP,True
SP-B31D0AAEB7F9,Hexis,0131/2026/2026,0131/2026,2026,833,SP,Indaiatuba,44733608000109,MUNICIPIO DE INDAIATUBA,M,Indaiatuba,2086958.79,,2026-09-24 09:35:41,2026-10-07 08:30:00,Pregão - Eletrônico,Aberto,Divulgada no PNCP,True,https://pncp.gov.br/app/editais/44733608000109/2026/833,,SP,Material,True,False,10,Participação exclusiva para ME/EPP; Sem benefício,True
SP-6650D98606CC,Editais,152/2026/2026,152/2026,2026,843,SP,MSP-PREFEITURA MUNICIPAL DE SERRA NEGRA,44847663000111,MUNICIPIO DE SERRA NEGRA,M,Serra Negra,1789801.0,,2026-09-22 10:42:23,2026-10-09 08:59:00,Pregão - Eletrônico,Aberto,Divulgada no PNCP,True,https://pncp.gov.br/app/editais/44847663000111/2026/843,,SP,Material,True,False,1,Sem benefício,False
SP-0746F7651B0E,Air Liquide,43/2026,43,2026,76,SP,FUNDO MUNICIPAL DE SAÚDE,44927267000102,MUNICIPIO DE PACAEMBU,M,Pacaembu,0.0,,2026-09-25 08:24:41,2026-10-06 09:00:00,Pregão - Eletrônico,Aberto,Divulgada no PNCP,True,https://pncp.gov.br/app/editais/44927267000102/2026/76,,SP,Material,True,False,5,Cota reservada para ME/EPP; Sem benefício,True
LDIG-841B60E553C8,Hexis,93/2026,93,2026,147,São Paulo,Unidade Única,44937365000112,MUNICIPIO DE MIRANTE DO PARANAPANEMA,M,Mirante do Paranapanema,373000.0,,2026-09-04 16:56:50,2026-09-18 09:00:00,Pregão - Eletrônico,Aberto,Divulgada no PNCP,False,https://pncp.gov.br/app/editais/44937365000112/2026/147,https://app2.licitardigital.com.br/pesquisa/112739,Licitar Digital,Material,True,False,1,Sem benefício,False
BNC-233EF49E238C,Air Liquide,019/2026,019,2026,39,São Paulo,Prefeitura Municipal de Eldorado - SP,45089885000185,MUNICIPIO DE ELDORADO,M,Eldorado,76946.3,,2026-08-25 11:49:06,2026-09-04 09:00:00,Pregão - Eletrônico,Aberto-Fechado,Divulgada no PNCP,False,https://pncp.gov.br/app/editais/45089885000185/2026/39,https://bnccompras.com/Process/ProcessView?param1=[gkz]tfWk8JCSromO4yYhfxLTkxcvc6KXMYdC1phCElbYNQoZnh6PAS1Ygir1kZyrt6up28VbDGeHSVFRuv_Xa7_Qsqsiq3qDJAFI9tTdaaitDss=,BNC Compras,Material,True,False,4,Sem benefício,False
BLL-9664C5706757,Rodobens,005/2026,005,2026,16,SP,MUNICIPIO DE GUARANI D'OESTE,45115391000128,MUNICIPIO DE GUARANI D'OESTE,M,Guarani d'Oeste,161000.0,,2026-09-16 16:42:45,2026-09-30 08:30:00,Pregão - Eletrônico,Aberto,Divulgada no PNCP,False,https://pncp.gov.br/app/editais/45115391000128/2026/16,https://bllcompras.com/Process/ProcessView?param1=[gkz]90pbVVV7dWulrdJtbzMbpFCO9fRd9qV0apwMtj1VSbZKGtcjc1IsYK6kUD7AK/BSTAd5BydMcq/Fm/RYLQ7x1lmqV4RO2RYBJPE2kIOTxN8=,BLL Compras,Material,True,False,1,Sem benefício,False
BLL-9664C5706757,Cabala,005/2026,005,2026,16,SP,MUNICIPIO DE GUARANI D'OESTE,45115391000128,MUNICIPIO DE GUARANI D'OESTE,M,Guarani d'Oeste,161000.0,,2026-09-16 16:42:45,2026-09-30 08:30:00,Pregão - Eletrônico,Aberto,Divulgada no PNCP,False,https://pncp.gov.br/app/editais/45115391000128/2026/16,https://bllcompras.com/Process/ProcessView?param1=[gkz]90pbVVV7dWulrdJtbzMbpFCO9fRd9qV0apwMtj1VSbZKGtcjc1IsYK6kUD7AK/BSTAd5BydMcq/Fm/RYLQ7x1lmqV4RO2RYBJPE2kIOTxN8=,BLL Compras,Material,True,False,1,Sem benefício,False
SP-82641484DA24,Air Liquide,98 | Processo 2469/2026,98 | Processo 2469,2026,936,São Paulo,PREFEITURA MUNICIPAL,45122942000180,MUNICIPIO DE PINDORAMA,M,Pindorama,454377.14,,2026-09-04 14:55:48,2026-09-23 09:00:00,Pregão - Eletrônico,Aberto,Divulgada no PNCP,False,https://pncp.gov.br/app/editais/45122942000180/2026/936, ,SP,Misto,True,True,9,Não se aplica,True
SP-A84B4111DCFD,Editais,00139/2026,00139,2026,611,São Paulo,PREFEITURA MUNICIPAL DE LIMEIRA,45132495000140,MUNICIPIO DE LIMEIRA,M,Limeira,161000.0,,2026-08-28 13:33:48,2026-09-16 09:30:00,Pregão - Eletrônico,Aberto,Divulgada no PNCP,True,https://pncp.gov.br/app/editais/45132495000140/2026/611,,SP,Material,True,False,1,Participação exclusiva para ME/EPP,True
SP-0B97BF01D8E6,Rodobens,067/2026/2026,067/2026,2026,251,SP,Novo Horizonte,45152139000199,MUNICIPIO DE NOVO HORIZONTE,M,Novo Horizonte,472667.0,,2026-09-16 19:06:26,2026-10-02 08:00:00,Pregão - Eletrônico,Aberto,Divulgada no PNCP,False,https://pncp.gov.br/app/editais/45152139000199/2026/251,,SP,Material,True,False,1,Sem benefício,False
SP-E3C8DD761197,Cabala,212/2026/2026,212/2026,2026,524,SP,Prefeitura Municipal de Taubaté,45176005000108,MUNICIPIO DE TAUBATE,M,Taubaté,144478.57,,2026-09-16 16:05:28,2026-10-15 08:29:00,Pregão - Eletrônico,Aberto,Divulgada no PNCP,False,https://pncp.gov.br/app/editais/45176005000108/2026/524,,SP,Material,True,False,1,Sem benefício,False
CCPV-4D227770CC10,Air Liquide,034/2026,034,2026,108,São Paulo,Município de Caçapava,45189305000121,MUNICIPIO DE CACAPAVA,M,Caçapava,435060.0,,2026-08-28 08:20:21,2026-09-11 09:29:00,Pregão - Eletrônico,Aberto,Divulgada no PNCP,False,https://pncp.gov.br/app/editais/45189305000121/2026/108,http://www.comprascacapava.com.br,Compras Caçapava,Material,True,False,2,Sem benefício,False
CCPV-7E852CD1E13F,Air Liquide,034/2026,034,2026,112,São Paulo,Município de Caçapava,45189305000121,MUNICIPIO DE CACAPAVA,M,Caçapava,435060.0,,2026-08-28 11:30:02,2026-09-11 09:29:00,Pregão - Eletrônico,Aberto,Divulgada no PNCP,False,https://pncp.gov.br/app/editais/45189305000121/2026/112,http://www.comprascacapava.com.br,Compras Caçapava,Material,True,False,1,Sem benefício,False
CCPV-25EAFD1E0849,Air Liquide,034/2026,034,2026,124,São Paulo,Município de Caçapava,45189305000121,MUNICIPIO DE CACAPAVA,M,Caçapava,435060.0,,2026-09-10 08:13:18,2026-09-11 09:29:00,Pregão - Eletrônico,Aberto,Suspensa,False,https://pncp.gov.br/app/editais/45189305000121/2026/124,http://www.comprascacapava.com.br,Compras Caçapava,Material,True,False,1,Sem benefício,False
CCPV-4A833E7D8611,Air Liquide,034 - REABERTURA/2026,034 - REABERTURA,2026,125,São Paulo,Município de Caçapava,45189305000121,MUNICIPIO DE CACAPAVA,M,Caçapava,435060.0,,2026-09-10 15:03:53,2026-09-24 09:29:00,Pregão - Eletrônico,Aberto,Divulgada no PNCP,False,https://pncp.gov.br/app/editais/45189305000121/2026/125,http://www.comprascacapava.com.br,Compras Caçapava,Material,True,False,1,Sem benefício,False
CCPV-50B24429F3F8,Air Liquide,034 - REABERTURA/2026,034 - REABERTURA,2026,130,São Paulo,Município de Caçapava,45189305000121,MUNICIPIO DE CACAPAVA,M,Caçapava,435060.0,,2026-09-14 09:01:55,2026-09-24 09:29:00,Pregão - Eletrônico,Aberto,Divulgada no PNCP,False,https://pncp.gov.br/app/editais/45189305000121/2026/130,http://www.comprascacapava.com.br,Compras Caçapava,Material,True,False,1,Sem benefício,False
LDIG-4381E0B2D96A,Air Liquide,159/2026,159,2026,337,São Paulo,PR 15,45226214000119,MUNICIPIO DE PINDAMONHANGABA,M,Pindamonhangaba,16486.44,,2026-08-12 16:20:07,2026-08-20 07:59:00,Dispensa,Dispensa Com Disputa,Divulgada no PNCP,False,https://pncp.gov.br/app/editais/45226214000119/2026/337,https://app2.licitardigital.com.br/pesquisa/109522,Licitar Digital,Material,True,False,2,Sem benefício,False
SP-6401AAB8677D,Air Liquide,48/2026,48,2026,47,São Paulo,Prefeitura Municipal de Cajuru - SP,45227337000174,MUNICIPIO DE CAJURU,M,Cajuru,240280.0,,2026-08-06 13:58:34,2026-09-08 08:30:00,Pregão - Eletrônico,Aberto,Divulgada no PNCP,True,https://pncp.gov.br/app/editais/45227337000174/2026/47,,SP,Material,True,False,4,Não se aplica,True
SP-BEDC0E55162B,Editais,PE 155/2026,PE 155,2026,783,São Paulo,Prefeitura Municipal da Estância de Atibaia,45279635000108,MUNICIPIO DE ATIBAIA,M,Atibaia,0.0,,2026-09-14 10:58:20,2026-09-25 09:30:00,Pregão - Eletrônico,Aberto,Divulgada no PNCP,True,https://pncp.gov.br/app/editais/45279635000108/2026/783,,SP,Material,True,False,3,Participação exclusiva para ME/EPP,True
BLL-5E8142F10468,Air Liquide,00000019/2026,00000019,2026,501,São Paulo,PREFEITURA MUNICIPAL DE BRODOWSKI,45301652000102,MUNICIPIO DE BRODOWSKI,M,Brodowski,0.0,,2026-08-17 15:38:22,2026-08-31 08:00:00,Pregão - Eletrônico,Aberto,Divulgada no PNCP,True,https://pncp.gov.br/app/editais/45301652000102/2026/501,https://bllcompras.com/Process/ProcessView?param1=[gkz]l8HGQEXJT9a2cWx8ya2OEQdP5rQrt3nxQMkyNif/FG7rfXF70Bkt3/QGmMT_tmJNd0lYMC3fpkANAmX3VInvi/_mcN5fS2udBydW2t5RoQA=,BLL Compras,Material,True,False,1,Sem benefício,False
LDIG-4BBBBBAB86DF,Setti,00051/2026,00051,2026,136,SP,Unidade Única,45302130000117,MUNICIPIO DE SANTO ANTONIO DA ALEGRIA,M,Santo Antônio da Alegria,94149.77,,2026-09-17 10:57:32,2026-10-01 09:00:00,Pregão - Eletrônico,Aberto,Divulgada no PNCP,False,https://pncp.gov.br/app/editais/45302130000117/2026/136,https://app2.licitardigital.com.br/pesquisa/113805,Licitar Digital,Serviço,False,True,10,Sem benefício,False
SP-819F8199032E,Setti,00046/2026,00046,2026,100,SP,ADMINISTRAÇÃO DO GABINETE,45307980000108,MUNICIPIO DE CRISTAIS PAULISTA,M,Cristais Paulista,171600.0,,2026-08-26 10:07:31,2026-09-29 08:00:00,Pregão - Eletrônico,Aberto,Divulgada no PNCP,False,https://pncp.gov.br/app/editais/45307980000108/2026/100,,SP,Material,True,False,1,Sem benefício,False
SP-7EB3A9E6056A,GCT,27/2026,27,2026,59,SP,PREFEITURA MUNICIPAL DE ARAMINA,45323474000102,MUNICIPIO DE ARAMINA,M,Aramina,121590.0,,2026-09-08 07:01:06,2026-09-25 08:29:00,Pregão - Eletrônico,Aberto,Divulgada no PNCP,False,https://pncp.gov.br/app/editais/45323474000102/2026/59,www.aramina.sp.gov.br,SP,Serviço,False,True,1,Não se aplica,True
COMPRASGOV-4CF7DDE4C7D9,Editais,84/2026,84,2026,129,São Paulo,PREFEITURA MUNICIPAL DE MOJI-MIRIM - SP,45332095000189,MUNICIPIO DE MOGI-MIRIM,M,Mogi Mirim,0.0,,2026-08-11 17:09:19,2026-09-28 09:00:00,Pregão - Eletrônico,Aberto-Fechado,Divulgada no PNCP,True,https://pncp.gov.br/app/editais/45332095000189/2026/129,https://cnetmobile.estaleiro.serpro.gov.br/comprasnet-web/public/compras/acompanhamento-compra?compra=98671705000842026,ComprasGov,Serviço,False,True,10,Não se aplica,True
COMPRASGOV-729BDA2848C4,GCT,114/2026,114,2026,159,São Paulo,PREFEITURA MUNICIPAL DE MOJI-MIRIM - SP,45332095000189,MUNICIPIO DE MOGI-MIRIM,M,Mogi Mirim,238302.5,,2026-09-18 17:58:48,2026-10-02 09:00:00,Pregão - Eletrônico,Aberto-Fechado,Divulgada no PNCP,True,https://pncp.gov.br/app/editais/45332095000189/2026/159,https://cnetmobile.estaleiro.serpro.gov.br/comprasnet-web/public/compras/acompanhamento-compra?compra=98671705001142026,ComprasGov,Material,True,False,10,Não se aplica; Participação exclusiva para ME/EPP,True
BLL-18F8F2F1FAC4,Air Liquide,33/2026,33,2026,78,São Paulo,PREFEITURA MUNICIPAL DE PONTAL - SP,45352267000186,MUNICIPIO DE PONTAL,M,Pontal,47282.4,,2026-08-12 13:45:19,2026-08-27 08:59:00,Pregão - Eletrônico,Aberto,Divulgada no PNCP,True,https://pncp.gov.br/app/editais/45352267000186/2026/78,https://bllcompras.com/Process/ProcessView?param1=[gkz]VT167eVtLBWB7UfOpc3GaRBYmB865dx6zT/WGfH9TTZMYUGlb51bMxisnRjqAFF9rfGpwJaAdJQW7PsbVg8ZtvfoxyxxHztVfKH_ZA25nQk=,BLL Compras,Material,True,False,1,Participação exclusiva para ME/EPP,True
LICITANET-B4B6FF0AC97D,Air Liquide,038/2026,038,2026,80,São Paulo,MUNICÍPIO DE JERIQUARA/SP,45353315000150,MUNICIPIO DE JERIQUARA,M,Jeriquara,151564.0,,2026-09-08 13:04:39,2026-09-22 09:00:00,Pregão - Eletrônico,Aberto,Divulgada no PNCP,False,https://pncp.gov.br/app/editais/45353315000150/2026/80,https://licitanet.com.br/sessao/200664,Licitanet,Serviço,False,True,3,Sem benefício,False
SP-BA797DC57F72,Editais,52/2026,52,2026,110,São Paulo,Prefeitura Municipal de Ibaté,45355575000165,MUNICIPIO DE IBATE,M,Ibaté,16435.98,,2026-08-18 18:12:58,2026-09-02 08:45:00,Pregão - Eletrônico,Aberto,Divulgada no PNCP,False,https://pncp.gov.br/app/editais/45355575000165/2026/110,http://edital.ibate.sp.gov.br:5656/comprasedital/,SP,Serviço,False,True,1,Participação exclusiva para ME/EPP,True
SP-E00FDE1B99A8,Air Liquide,59/2026,59,2026,122,São Paulo,Prefeitura Municipal de Ibaté,45355575000165,MUNICIPIO DE IBATE,M,Ibaté,374000.0,,2026-09-21 15:52:49,2026-10-06 08:45:00,Pregão - Eletrônico,Aberto,Divulgada no PNCP,True,https://pncp.gov.br/app/editais/45355575000165/2026/122,http://edital.ibate.sp.gov.br:5656/comprasedital/,SP,Material,True,False,2,Não se aplica,True
BLL-4A7D465855A2,Air Liquide,0000043/2026,0000043,2026,223,São Paulo,PREFEITURA MUNICIPAL DE SERTÃOZINHO - SP,45371820000128,MUNICIPIO DE SERTAOZINHO,M,Sertãozinho,808686.7,,2026-08-25 17:33:34,2026-09-08 08:59:00,Pregão - Eletrônico,Aberto,Divulgada no PNCP,False,https://pncp.gov.br/app/editais/45371820000128/2026/223,https://bllcompras.com/Process/ProcessView?param1=[gkz]VXoBjXQbMpohVl4Ge7ny_dsHL/2QR3o9keJU5hozufuZA3ZCfeWZ3gsWsSy02FcfnN/RoZMwL2q7plTBmR1SCbggbHAh5rOxA59GbFIwy_c=,BLL Compras,Serviço,False,True,5,Sem benefício,False
BLL-38D3805517AE,Air Liquide,0000054/2026,0000054,2026,270,São Paulo,PREFEITURA MUNICIPAL DE SERTÃOZINHO - SP,45371820000128,MUNICIPIO DE SERTAOZINHO,M,Sertãozinho,91512.0,,2026-09-28 17:26:48,2026-10-14 08:59:00,Pregão - Eletrônico,Aberto,Divulgada no PNCP,False,https://pncp.gov.br/app/editais/45371820000128/2026/270,https://bllcompras.com/Process/ProcessView?param1=[gkz]Bk3O9RTdv5K7mF4j3usj4mqG1ehmfbRHuq0o5dnwoRz93re4VBppywCybWT5tYcJvaw3oUD/nzc8BgW1suKPeoBNngFxDwD4vtVMvH1DXN0=,BLL Compras,Material,True,False,2,Sem benefício,False
AM-5F17EF199EE0,Mercedes,088/2026,088,2026,14,Amazonas,Secretaria Municipal de Segurança Pública e Defesa Social,45417018000121,SECRETARIA MUNICIPAL DE SEGURANCA PUBLICA E DEFESA SOCIAL,M,Manaus,0.0,,2026-08-19 09:36:28,2026-09-01 09:45:00,Pregão - Eletrônico,Aberto-Fechado,Divulgada no PNCP,False,https://pncp.gov.br/app/editais/45417018000121/2026/14,https://compras.manaus.am.gov.br/publico/item_em_andamento.asp?id=142107,AM,Material,True,False,2,Não se aplica,True
AM-5F17EF199EE0,Divena,088/2026,088,2026,14,Amazonas,Secretaria Municipal de Segurança Pública e Defesa Social,45417018000121,SECRETARIA MUNICIPAL DE SEGURANCA PUBLICA E DEFESA SOCIAL,M,Manaus,0.0,,2026-08-19 09:36:28,2026-09-01 09:45:00,Pregão - Eletrônico,Aberto-Fechado,Divulgada no PNCP,False,https://pncp.gov.br/app/editais/45417018000121/2026/14,https://compras.manaus.am.gov.br/publico/item_em_andamento.asp?id=142107,AM,Material,True,False,2,Não se aplica,True
AM-5F17EF199EE0,Cabala,088/2026,088,2026,14,Amazonas,Secretaria Municipal de Segurança Pública e Defesa Social,45417018000121,SECRETARIA MUNICIPAL DE SEGURANCA PUBLICA E DEFESA SOCIAL,M,Manaus,0.0,,2026-08-19 09:36:28,2026-09-01 09:45:00,Pregão - Eletrônico,Aberto-Fechado,Divulgada no PNCP,False,https://pncp.gov.br/app/editais/45417018000121/2026/14,https://compras.manaus.am.gov.br/publico/item_em_andamento.asp?id=142107,AM,Material,True,False,2,Não se aplica,True
BLL-5689131328AF,ABB Brasil,09/2026,09,2026,78,São Paulo,SAMAE SERVIÇO AUTÔNOMO MUNICIPAL DE ÁGUA E ESGOTO,45509650000103,SERVICO AUTONOMO MUNICIPAL DE AGUA E ESGOTO,M,Tietê,98142.61,,2026-08-12 14:00:09,2026-08-25 08:15:00,Pregão - Eletrônico,Aberto,Divulgada no PNCP,False,https://pncp.gov.br/app/editais/45509650000103/2026/78,https://bllcompras.com/Process/ProcessView?param1=[gkz]8gX8NhNuIs1rGFEMz4G766Urj0W460qwf1KifNSOtjrhpS62XMcgQdET6S8LBpaqFF7MxiLhFFF54cAEdvtX/g9AVrOeV0vNNdBjhz5TMLM=,BLL Compras,Material,True,False,5,Participação exclusiva para ME/EPP; Sem benefício,True
BLL-5689131328AF,Danfoss,09/2026,09,2026,78,São Paulo,SAMAE SERVIÇO AUTÔNOMO MUNICIPAL DE ÁGUA E ESGOTO,45509650000103,SERVICO AUTONOMO MUNICIPAL DE AGUA E ESGOTO,M,Tietê,98142.61,,2026-08-12 14:00:09,2026-08-25 08:15:00,Pregão - Eletrônico,Aberto,Divulgada no PNCP,False,https://pncp.gov.br/app/editais/45509650000103/2026/78,https://bllcompras.com/Process/ProcessView?param1=[gkz]8gX8NhNuIs1rGFEMz4G766Urj0W460qwf1KifNSOtjrhpS62XMcgQdET6S8LBpaqFF7MxiLhFFF54cAEdvtX/g9AVrOeV0vNNdBjhz5TMLM=,BLL Compras,Material,True,False,5,Participação exclusiva para ME/EPP; Sem benefício,True
BLL-5689131328AF,Editais,09/2026,09,2026,78,São Paulo,SAMAE SERVIÇO AUTÔNOMO MUNICIPAL DE ÁGUA E ESGOTO,45509650000103,SERVICO AUTONOMO MUNICIPAL DE AGUA E ESGOTO,M,Tietê,98142.61,,2026-08-12 14:00:09,2026-08-25 08:15:00,Pregão - Eletrônico,Aberto,Divulgada no PNCP,False,https://pncp.gov.br/app/editais/45509650000103/2026/78,https://bllcompras.com/Process/ProcessView?param1=[gkz]8gX8NhNuIs1rGFEMz4G766Urj0W460qwf1KifNSOtjrhpS62XMcgQdET6S8LBpaqFF7MxiLhFFF54cAEdvtX/g9AVrOeV0vNNdBjhz5TMLM=,BLL Compras,Material,True,False,5,Participação exclusiva para ME/EPP; Sem benefício,True
COMPRASGOV-661D717B5E39,PHD,51/2026,51,2026,134,São Paulo,URBANIZADORA MUNICIPAL S/A DE SÃO JOSE CAMPOS,45693777000702,URBANIZADORA MUNICIPAL SA URBAM,N,São José dos Campos,92367.34,,2026-09-11 10:27:30,2026-09-21 09:00:00,Pregão - Eletrônico,Aberto,Divulgada no PNCP,False,https://pncp.gov.br/app/editais/45693777000702/2026/134,https://cnetmobile.estaleiro.serpro.gov.br/comprasnet-web/public/compras/acompanhamento-compra?compra=92933405000512026,ComprasGov,Material,True,False,1,Não se aplica,True
SP-DC9B2EE8BAF2,Air Liquide,37/2026,37,2026,98,SP,PREFEITURA MUNICIPAL,45728326000178,MUNICIPIO DE GUAPIACU,M,Guapiaçu,1976000.0,,2026-09-24 10:42:48,2026-10-09 08:59:00,Pregão - Eletrônico,Aberto,Divulgada no PNCP,False,https://pncp.gov.br/app/editais/45728326000178/2026/98,,SP,Misto,True,True,2,Não se aplica,True
SP-0EFC08A2D9C4,Editais,156/2026,156,2026,331,São Paulo,MUNICIPIO DE PAULINIA,45751435000106,MUNICIPIO DE PAULINIA,M,Paulínia,217050.0,,2026-09-02 10:34:11,2026-09-15 08:30:00,Pregão - Eletrônico,Aberto,Divulgada no PNCP,True,https://pncp.gov.br/app/editais/45751435000106/2026/331,,SP,Material,True,False,1,Não se aplica,True
SP-DB0958452E8E,Air Liquide,056R/2026/2026,056R/2026,2026,268,SP,Prefeitura Municipal de Jarinu,45780079000159,MUNICIPIO DE JARINU,M,Jarinu,0.0,,2026-09-23 20:01:21,2026-10-06 08:00:00,Pregão - Eletrônico,Aberto,Divulgada no PNCP,False,https://pncp.gov.br/app/editais/45780079000159/2026/268,,SP,Material,True,False,3,Sem benefício,False
SP-E756CB6F5813,Air Liquide,079/2026,079,2026,794,São Paulo,PREFEITURA MUNICIPAL DE AMERICANA,45781176000166,MUNICIPIO DE AMERICANA,M,Americana,319050.0,,2026-09-15 10:39:46,2026-09-28 07:30:00,Pregão - Eletrônico,Aberto,Divulgada no PNCP,True,https://pncp.gov.br/app/editais/45781176000166/2026/794,,SP,Material,True,False,2,Cota reservada para ME/EPP; Sem benefício,True
SP-53A70D6E5477,Air Liquide,079/2026/2026,079/2026,2026,796,São Paulo,PREFEITURA MUNICIPAL DE AMERICANA,45781176000166,MUNICIPIO DE AMERICANA,M,Americana,0.0,,2026-09-15 13:58:35,2026-09-28 07:30:00,Pregão - Eletrônico,Aberto,Divulgada no PNCP,True,https://pncp.gov.br/app/editais/45781176000166/2026/796,,SP,Material,True,False,2,Participação exclusiva para ME/EPP; Sem benefício,True
SP-4E6B9F7603FA,Editais,47/2026,47,2026,205,São Paulo,Prefeitura Municipal de Monte Mor - SP,45787652000156,MUNICIPIO DE MONTE MOR,M,Monte Mor,269970.0,,2026-09-10 08:32:05,2026-09-22 13:00:00,Pregão - Eletrônico,Aberto,Divulgada no PNCP,False,https://pncp.gov.br/app/editais/45787652000156/2026/205,,SP,Material,True,False,2,Não se aplica,True
COMPRASBR-D5F1A84E1F37,Cabala,38/2026,38,2026,208,São Paulo,Prefeitura Municipal de Monte Mor - SP,45787652000156,MUNICIPIO DE MONTE MOR,M,Monte Mor,522262.04,,2026-09-15 15:27:26,2026-09-25 08:00:00,Pregão - Eletrônico,Aberto,Divulgada no PNCP,False,https://pncp.gov.br/app/editais/45787652000156/2026/208,https://comprasbr.com.br/pregao-eletronico-detalhe/?idlicitacao=48337,Compras BR,Material,True,False,2,Não se aplica,True
SP-111E8ECF050C,Editais,031/2026,031,2026,302,SP,Prefeitura Municipal de Mairinque,45944428000120,MUNICIPIO DE MAIRINQUE,M,Mairinque,31641350.51,,2026-09-11 14:41:36,2026-09-24 08:45:00,Pregão - Eletrônico,Aberto-Fechado,Divulgada no PNCP,True,https://pncp.gov.br/app/editais/45944428000120/2026/302,,SP,Serviço,False,True,10,Não se aplica,True
COMPRASGOV-0EEF7F35FBF0,Air Liquide,2220/2026,2220,2026,1923,São Paulo,ESP-UNIVERSIDADE ESTADUAL DE CAMPINAS,46068425000133,UNIVERSIDADE ESTADUAL DE CAMPINAS,E,Campinas,0.0,,2026-09-14 15:56:38,2026-09-28 09:00:00,Pregão - Eletrônico,Aberto,Divulgada no PNCP,True,https://pncp.gov.br/app/editais/46068425000133/2026/1923,https://cnetmobile.estaleiro.serpro.gov.br/comprasnet-web/public/compras/acompanhamento-compra?compra=45016105022202026,ComprasGov,Material,True,False,10,Cota reservada para ME/EPP; Participação exclusiva para ME/EPP,True
BBNEW-77585FDE4CC6,Danfoss,266/2026/2026,266/2026,2026,54,São Paulo,SANASA,46119855000137,SOCIEDADE DE ABASTECIMENTO DE AGUA E SANEAMENTO S/,N,Campinas,0.0,,2026-09-11 13:23:39,2026-09-24 09:00:00,Pregão - Eletrônico,Aberto,Divulgada no PNCP,False,https://pncp.gov.br/app/editais/46119855000137/2026/54,https://licitacoes-e2.bb.com.br/aop-inter-estatico/visualizar-processo-publico/1100678,Novo Banco do Brasil,Material,True,False,1,Não se aplica,True
BBNEW-0A329BCCA290,Editais,255/2026/2026,255/2026,2026,68,São Paulo,SANASA,46119855000137,SOCIEDADE DE ABASTECIMENTO DE AGUA E SANEAMENTO S/,N,Campinas,0.0,,2026-09-24 16:35:32,2026-10-01 09:00:00,Pregão - Eletrônico,Aberto,Divulgada no PNCP,True,https://pncp.gov.br/app/editais/46119855000137/2026/68,https://licitacoes-e2.bb.com.br/aop-inter-estatico/visualizar-processo-publico/1100064,Novo Banco do Brasil,Material,True,False,1,Não se aplica,True
COMPRASGOV-65E43EB59A81,Editais,98365/2025,98365,2025,589,São Paulo,PREFEITURA MUNICIPAL DE BAURU/SP,46137410000180,MUNICIPIO DE BAURU,M,Bauru,0.0,,2025-08-08 07:24:20,2026-09-16 09:30:00,Pregão - Eletrônico,Aberto,Divulgada no PNCP,False,https://pncp.gov.br/app/editais/46137410000180/2025/589,https://cnetmobile.estaleiro.serpro.gov.br/comprasnet-web/public/landing?destino=acompanhamento-compra&compra=98621905983652025,ComprasGov,Serviço,False,True,1,Não se aplica,True
COMPRASGOV-102EBB96B037,Editais,363/2026,363,2026,659,São Paulo,PREFEITURA MUNICIPAL DE BAURU/SP,46137410000180,MUNICIPIO DE BAURU,M,Bauru,0.0,,2026-09-11 11:46:01,2026-09-30 09:00:00,Pregão - Eletrônico,Aberto,Divulgada no PNCP,True,https://pncp.gov.br/app/editais/46137410000180/2026/659,https://cnetmobile.estaleiro.serpro.gov.br/comprasnet-web/public/compras/acompanhamento-compra?compra=98621905003632026,ComprasGov,Serviço,False,True,2,Sem benefício,False
COMPRASGOV-F5A18D52BAA8,Air Liquide,367/2026,367,2026,667,São Paulo,PREFEITURA MUNICIPAL DE BAURU/SP,46137410000180,MUNICIPIO DE BAURU,M,Bauru,7887.84,,2026-09-16 10:59:16,2026-10-02 08:59:00,Pregão - Eletrônico,Aberto-Fechado,Divulgada no PNCP,True,https://pncp.gov.br/app/editais/46137410000180/2026/667,https://cnetmobile.estaleiro.serpro.gov.br/comprasnet-web/public/compras/acompanhamento-compra?compra=98621905003672026,ComprasGov,Material,True,False,3,Participação exclusiva para ME/EPP,True
SP-D712B7A2C4C0,Air Liquide,36/2026,36,2026,798,São Paulo,Prefeitura Municipal de Agudos,46137444000174,MUNICIPIO DE AGUDOS,M,Agudos,732413.5,,2026-08-31 16:55:16,2026-09-29 10:00:00,Pregão - Eletrônico,Aberto,Divulgada no PNCP,True,https://pncp.gov.br/app/editais/46137444000174/2026/798,,SP,Misto,True,True,4,Sem benefício,False
SP-397DB2DB8B73,Air Liquide,8/2026,8,2026,56,São Paulo,PREFEITURA MUNICIPAL DE COROADOS,46156477000161,MUNICIPIO DE COROADOS,M,Coroados,282733.22,,2026-08-31 14:46:47,2026-09-17 08:20:00,Pregão - Eletrônico,Aberto-Fechado,Divulgada no PNCP,True,https://pncp.gov.br/app/editais/46156477000161/2026/56,,SP,Misto,True,True,4,Não se aplica,True
SP-74BD5A4A16AA,Mercedes,55/2026R/2026,55/2026R,2026,268,SP,São Vicente,46177523000109,MUNICIPIO DE SAO VICENTE,M,São Vicente,1573336.0,,2026-09-24 09:59:01,2026-10-06 09:00:00,Pregão - Eletrônico,Aberto,Divulgada no PNCP,False,https://pncp.gov.br/app/editais/46177523000109/2026/268,,SP,Material,True,False,1,Sem benefício,False
SP-74BD5A4A16AA,Divena,55/2026R/2026,55/2026R,2026,268,SP,São Vicente,46177523000109,MUNICIPIO DE SAO VICENTE,M,São Vicente,1573336.0,,2026-09-24 09:59:01,2026-10-06 09:00:00,Pregão - Eletrônico,Aberto,Divulgada no PNCP,False,https://pncp.gov.br/app/editais/46177523000109/2026/268,,SP,Material,True,False,1,Sem benefício,False
SP-74BD5A4A16AA,Rodobens,55/2026R/2026,55/2026R,2026,268,SP,São Vicente,46177523000109,MUNICIPIO DE SAO VICENTE,M,São Vicente,1573336.0,,2026-09-24 09:59:01,2026-10-06 09:00:00,Pregão - Eletrônico,Aberto,Divulgada no PNCP,False,https://pncp.gov.br/app/editais/46177523000109/2026/268,,SP,Material,True,False,1,Sem benefício,False
COMPRASGOV-119E6DCCFEC8,Air Liquide,10/2026,10,2026,43,São Paulo,PREFEITURA MUNICIPAL DE BORACÉIA - SP,46189734000161,MUNICIPIO DE BORACEIA,M,Boracéia,111015.0,,2026-08-27 16:07:01,2026-09-10 09:00:00,Pregão - Eletrônico,Aberto,Divulgada no PNCP,True,https://pncp.gov.br/app/editais/46189734000161/2026/43,https://cnetmobile.estaleiro.serpro.gov.br/comprasnet-web/public/compras/acompanhamento-compra?compra=98624505000102026,ComprasGov,Material,True,False,2,Não se aplica,True
BLL-9F3326E10A55,Air Liquide,33/2026,33,2026,34,São Paulo,PREFEITURA MUNICIPAL DE MINEIROS DO TIETÊ - SP,46199253000137,MUNICIPIO DE MINEIROS DO TIETE,M,Mineiros do Tietê,204200.0,,2026-08-31 17:28:19,2026-09-16 08:00:00,Pregão - Eletrônico,Aberto,Divulgada no PNCP,True,https://pncp.gov.br/app/editais/46199253000137/2026/34,https://bllcompras.com/Process/ProcessView?param1=[gkz]XvzU/UKYZA3QQb/7rQdKo08eCn7UipfKiLINanmYCb5nw5wQO9p1fJwzSwpvJccA60Eo2YeTbqHliJFwGRox9Uc8VP4rMj1AAXAC9wkN2ik=,BLL Compras,Serviço,False,True,3,Sem benefício,False
BLL-6595CAA75582,Air Liquide,39/2026,39,2026,59,São Paulo,PREFEITURA MUNICIPAL DE MANDURI - SP,46223749000107,MUNICIPIO DE MANDURI,M,Manduri,395091.5,,2026-09-02 16:48:27,2026-09-17 09:00:00,Pregão - Eletrônico,Aberto,Divulgada no PNCP,True,https://pncp.gov.br/app/editais/46223749000107/2026/59,https://bllcompras.com/Process/ProcessView?param1=[gkz]fRGBDyDBoqSiRxqJxE/TkziT4HaraPFc7ENREJbc47fvsbWW9QfmjgoRJkxGlW11Lgo4V9TWDqUHTUFttNvCm3P6NjuPyfcNA9XShRM3Hz8=,BLL Compras,Material,True,False,4,Sem benefício,False
PCP-4F6ECF7D441B,Air Liquide,124/2026,124,2026,3285,São Paulo,Prefeitura Municipal de Vargem Grande do Sul,46248837000155,MUNICIPIO DE VARGEM GRANDE DO SUL,M,Vargem Grande do Sul,102066.0,,2026-09-10 09:48:59,2026-09-25 08:59:00,Pregão - Eletrônico,Aberto-Fechado,Divulgada no PNCP,False,https://pncp.gov.br/app/editais/46248837000155/2026/3285,https://www.portaldecompraspublicas.com.br/processos/SP/Prefeitura-Municipal-de-Vargem-Grande-do-Sul-2886/PE-124-2026-2026-510331,Portal de Compras Públicas,Material,True,False,1,Sem benefício,False
COMPRASGOV-D356F217D439,Editais,700/2026,700,2026,333,SP,PREFEITURA MUNICIPAL DE GUARULHOS - SP,46319000000150,MUNICIPIO DE GUARULHOS,M,Guarulhos,23365682.92,,2026-09-18 14:19:53,2026-10-05 09:00:00,Concorrência - Eletrônica,Aberto-Fechado,Divulgada no PNCP,True,https://pncp.gov.br/app/editais/46319000000150/2026/333,https://cnetmobile.estaleiro.serpro.gov.br/comprasnet-web/public/compras/acompanhamento-compra?compra=98647703007002026,ComprasGov,Serviço,False,True,1,Não se aplica,True
SP-38D40236FAF9,Editais,000071/2026/2026,000071/2026,2026,272,São Paulo,Louveira,46363933000144,MUNICIPIO DE LOUVEIRA,M,Louveira,0.0,,2026-08-31 11:12:17,2026-09-16 08:50:00,Pregão - Eletrônico,Aberto,Divulgada no PNCP,True,https://pncp.gov.br/app/editais/46363933000144/2026/272,,SP,Material,True,False,1,Sem benefício,False
COMPRASGOV-18A6000ACBBC,Divena,33/2026,33,2026,6430,São Paulo,ESP-COORD. GERAL ADMINIST. - CGA,46374500000194,SECRETARIA DE ESTADO DA SAUDE,E,São Paulo,0.0,,2026-08-07 14:22:51,2026-09-24 09:00:00,Pregão - Eletrônico,Aberto,Divulgada no PNCP,True,https://pncp.gov.br/app/editais/46374500000194/2026/6430,https://cnetmobile.estaleiro.serpro.gov.br/comprasnet-web/public/compras/acompanhamento-compra?compra=09010205000332026,ComprasGov,Material,True,False,2,Sem benefício,False
COMPRASGOV-18A6000ACBBC,Cabala,33/2026,33,2026,6430,São Paulo,ESP-COORD. GERAL ADMINIST. - CGA,46374500000194,SECRETARIA DE ESTADO DA SAUDE,E,São Paulo,0.0,,2026-08-07 14:22:51,2026-09-24 09:00:00,Pregão - Eletrônico,Aberto,Divulgada no PNCP,True,https://pncp.gov.br/app/editais/46374500000194/2026/6430,https://cnetmobile.estaleiro.serpro.gov.br/comprasnet-web/public/compras/acompanhamento-compra?compra=09010205000332026,ComprasGov,Material,True,False,2,Sem benefício,False
COMPRASGOV-708AC2625FD8,Air Liquide,245/2026,245,2026,6838,São Paulo,ESP-COORD. GERAL ADMINIST. - CGA,46374500000194,SECRETARIA DE ESTADO DA SAUDE,E,São Paulo,0.0,,2026-08-20 09:07:36,2026-09-04 09:00:00,Pregão - Eletrônico,Aberto,Divulgada no PNCP,False,https://pncp.gov.br/app/editais/46374500000194/2026/6838,https://cnetmobile.estaleiro.serpro.gov.br/comprasnet-web/public/compras/acompanhamento-compra?compra=09018105002452026,ComprasGov,Material,True,False,2,Sem benefício,False
COMPRASGOV-D63097E3DACA,Air Liquide,198/2026,198,2026,7169,São Paulo,ESP-COORD. GERAL ADMINIST. - CGA,46374500000194,SECRETARIA DE ESTADO DA SAUDE,E,São Paulo,0.0,,2026-08-28 15:08:25,2026-09-15 09:00:00,Pregão - Eletrônico,Aberto-Fechado,Divulgada no PNCP,False,https://pncp.gov.br/app/editais/46374500000194/2026/7169,https://cnetmobile.estaleiro.serpro.gov.br/comprasnet-web/public/compras/acompanhamento-compra?compra=09011605001982026,ComprasGov,Serviço,False,True,1,Sem benefício,False
COMPRASGOV-9C8F9D559521,Air Liquide,417/2026,417,2026,7183,São Paulo,ESP-COORD. GERAL ADMINIST. - CGA,46374500000194,SECRETARIA DE ESTADO DA SAUDE,E,São Paulo,178103.7,,2026-08-31 10:20:41,2026-09-18 10:00:00,Pregão - Eletrônico,Aberto,Divulgada no PNCP,False,https://pncp.gov.br/app/editais/46374500000194/2026/7183,https://cnetmobile.estaleiro.serpro.gov.br/comprasnet-web/public/compras/acompanhamento-compra?compra=09015705004172026,ComprasGov,Material,True,False,4,Sem benefício,False
COMPRASGOV-E1AE0B70ED06,Air Liquide,420/2026,420,2026,7187,São Paulo,ESP-COORD. GERAL ADMINIST. - CGA,46374500000194,SECRETARIA DE ESTADO DA SAUDE,E,São Paulo,544950.0,,2026-08-31 11:01:40,2026-09-18 15:00:00,Pregão - Eletrônico,Aberto,Divulgada no PNCP,False,https://pncp.gov.br/app/editais/46374500000194/2026/7187,https://cnetmobile.estaleiro.serpro.gov.br/comprasnet-web/public/compras/acompanhamento-compra?compra=09015705004202026,ComprasGov,Material,True,False,1,Sem benefício,False
COMPRASGOV-827C67A4C90C,Air Liquide,315/2026,315,2026,7439,São Paulo,ESP-COORD. GERAL ADMINIST. - CGA,46374500000194,SECRETARIA DE ESTADO DA SAUDE,E,São Paulo,0.0,,2026-09-09 16:48:32,2026-09-25 09:00:00,Pregão - Eletrônico,Aberto,Divulgada no PNCP,False,https://pncp.gov.br/app/editais/46374500000194/2026/7439,https://cnetmobile.estaleiro.serpro.gov.br/comprasnet-web/public/compras/acompanhamento-compra?compra=09018105003152026,ComprasGov,Material,True,False,1,Sem benefício,False
COMPRASGOV-7A90CC8826F1,Air Liquide,139/2026,139,2026,7773,São Paulo,ESP-COORD. GERAL ADMINIST. - CGA,46374500000194,SECRETARIA DE ESTADO DA SAUDE,E,São Paulo,0.0,,2026-09-18 15:51:45,2026-10-08 08:00:00,Pregão - Eletrônico,Aberto-Fechado,Divulgada no PNCP,False,https://pncp.gov.br/app/editais/46374500000194/2026/7773,https://cnetmobile.estaleiro.serpro.gov.br/comprasnet-web/public/compras/acompanhamento-compra?compra=09013905001392026,ComprasGov,Material,True,False,1,Participação exclusiva para ME/EPP,True
COMPRASGOV-33AF38F3422E,Hexis,34/2026,34,2026,7875,São Paulo,ESP-COORD. GERAL ADMINIST. - CGA,46374500000194,SECRETARIA DE ESTADO DA SAUDE,E,São Paulo,0.0,,2026-09-23 11:59:54,2026-10-06 08:00:00,Pregão - Eletrônico,Aberto,Divulgada no PNCP,False,https://pncp.gov.br/app/editais/46374500000194/2026/7875,https://cnetmobile.estaleiro.serpro.gov.br/comprasnet-web/public/compras/acompanhamento-compra?compra=09011005000342026,ComprasGov,Material,True,False,2,Não se aplica,True
COMPRASGOV-65B12C8369F4,Hexis,141/2026,141,2026,7901,São Paulo,ESP-COORD. GERAL ADMINIST. - CGA,46374500000194,SECRETARIA DE ESTADO DA SAUDE,E,São Paulo,0.0,,2026-09-23 15:18:26,2026-10-06 09:00:00,Pregão - Eletrônico,Aberto-Fechado,Divulgada no PNCP,False,https://pncp.gov.br/app/editais/46374500000194/2026/7901,https://cnetmobile.estaleiro.serpro.gov.br/comprasnet-web/public/compras/acompanhamento-compra?compra=09013105001412026,ComprasGov,Material,True,False,1,Sem benefício,False
COMPRASGOV-456CA0CAA0EA,Divena,100/2026,100,2026,3526,São Paulo,ESP-CENTRO DE MOTOMECANIZACAO - CMM,46377800000127,SAO PAULO SECRETARIA DA SEGURANCA PUBLICA,E,São Paulo,0.0,,2026-08-19 15:16:26,2026-09-08 08:00:00,Pregão - Eletrônico,Aberto-Fechado,Divulgada no PNCP,True,https://pncp.gov.br/app/editais/46377800000127/2026/3526,https://cnetmobile.estaleiro.serpro.gov.br/comprasnet-web/public/compras/acompanhamento-compra?compra=18019505001002026,ComprasGov,Material,True,False,1,Sem benefício,False
COMPRASGOV-456CA0CAA0EA,Cabala,100/2026,100,2026,3526,São Paulo,ESP-CENTRO DE MOTOMECANIZACAO - CMM,46377800000127,SAO PAULO SECRETARIA DA SEGURANCA PUBLICA,E,São Paulo,0.0,,2026-08-19 15:16:26,2026-09-08 08:00:00,Pregão - Eletrônico,Aberto-Fechado,Divulgada no PNCP,True,https://pncp.gov.br/app/editais/46377800000127/2026/3526,https://cnetmobile.estaleiro.serpro.gov.br/comprasnet-web/public/compras/acompanhamento-compra?compra=18019505001002026,ComprasGov,Material,True,False,1,Sem benefício,False
COMPRASGOV-FFACC4048763,Rodobens,77/2026,77,2026,3565,São Paulo,ESP-CENTRO DE MOTOMECANIZACAO - CMM,46377800000127,SAO PAULO SECRETARIA DA SEGURANCA PUBLICA,E,São Paulo,3179.66,,2026-08-21 15:34:39,2026-09-15 08:00:00,Pregão - Eletrônico,Aberto-Fechado,Divulgada no PNCP,False,https://pncp.gov.br/app/editais/46377800000127/2026/3565,https://cnetmobile.estaleiro.serpro.gov.br/comprasnet-web/public/compras/acompanhamento-compra?compra=18032305000772026,ComprasGov,Serviço,False,True,1,Participação exclusiva para ME/EPP,True
COMPRASGOV-86A596184BD7,Setti,33/2026,33,2026,4114,São Paulo,ESP-CENTRO DE MOTOMECANIZACAO - CMM,46377800000127,SAO PAULO SECRETARIA DA SEGURANCA PUBLICA,E,São Paulo,14900.42,,2026-09-24 08:54:39,2026-09-30 08:00:00,Dispensa,Dispensa Com Disputa,Divulgada no PNCP,False,https://pncp.gov.br/app/editais/46377800000127/2026/4114,https://cnetmobile.estaleiro.serpro.gov.br/comprasnet-web/public/compras/acompanhamento-compra?compra=18018706000332026,ComprasGov,Material,True,False,1,Participação exclusiva para ME/EPP,True
COMPRASGOV-DB2D20002053,Editais,23/2026,23,2026,1019,São Paulo,ESP-DIR.ENS.-REG.BIRIGUI,46384111000140,SAO PAULO SECRETARIA DA EDUCACAO,E,Birigui,100571.27,,2026-09-16 10:51:11,2026-10-01 08:00:00,Pregão - Eletrônico,Aberto,Divulgada no PNCP,False,https://pncp.gov.br/app/editais/46384111000140/2026/1019,https://cnetmobile.estaleiro.serpro.gov.br/comprasnet-web/public/compras/acompanhamento-compra?compra=08028905000232026,ComprasGov,Serviço,False,True,1,Não se aplica,True
COMPRASGOV-68B0C9929F60,Editais,5/2026,5,2026,1026,São Paulo,ESP-DIR.ENS.-REG.BIRIGUI,46384111000140,SAO PAULO SECRETARIA DA EDUCACAO,E,Birigui,297381.0,,2026-09-17 10:22:38,2026-10-01 09:00:00,Pregão - Eletrônico,Aberto,Divulgada no PNCP,True,https://pncp.gov.br/app/editais/46384111000140/2026/1026,https://cnetmobile.estaleiro.serpro.gov.br/comprasnet-web/public/compras/acompanhamento-compra?compra=08029105000052026,ComprasGov,Material,True,False,4,Participação exclusiva para ME/EPP; Sem benefício,True
COMPRASGOV-E5240B9370FE,Editais,9/2026,9,2026,916,São Paulo,ESP-DIR.ENS.-REG.BIRIGUI,46384111000140,SAO PAULO SECRETARIA DA EDUCACAO,E,Birigui,332700.0,,2026-08-28 17:04:19,2026-09-14 09:00:00,Pregão - Eletrônico,Aberto,Divulgada no PNCP,True,https://pncp.gov.br/app/editais/46384111000140/2026/916,https://cnetmobile.estaleiro.serpro.gov.br/comprasnet-web/public/compras/acompanhamento-compra?compra=08029805000092026,ComprasGov,Material,True,False,6,Participação exclusiva para ME/EPP; Sem benefício,True
COMPRASGOV-BC21A2A721DC,Editais,10/2026,10,2026,938,São Paulo,ESP-DIR.ENS.-REG.BIRIGUI,46384111000140,SAO PAULO SECRETARIA DA EDUCACAO,E,Birigui,382681.04,,2026-09-02 14:15:41,2026-09-17 10:00:00,Pregão - Eletrônico,Aberto,Divulgada no PNCP,True,https://pncp.gov.br/app/editais/46384111000140/2026/938,https://cnetmobile.estaleiro.serpro.gov.br/comprasnet-web/public/compras/acompanhamento-compra?compra=08027005000102026,ComprasGov,Material,True,False,4,Cota reservada para ME/EPP,True
COMPRASGOV-A1A9890A0368,PHD,47/2026,47,2026,39,São Paulo,PMSP - SECRETARIA MUNICIPAL DA FAZENDA,46392130000118,SECRETARIA MUNICIPAL DA FAZENDA,M,São Paulo,0.0,,2026-08-31 09:38:26,2026-09-16 10:00:00,Pregão - Eletrônico,Aberto-Fechado,Divulgada no PNCP,False,https://pncp.gov.br/app/editais/46392130000118/2026/39,https://cnetmobile.estaleiro.serpro.gov.br/comprasnet-web/public/compras/acompanhamento-compra?compra=92501105000472026,ComprasGov,Serviço,False,True,1,Não se aplica,True
SP-834FE32B9295,Editais,84/2026,84,2026,517,SP,PREFEITURA MUNICIPAL DE SANTA BARBARA D'OESTE,46422408000152,MUNICIPIO DE SANTA BARBARA D'OESTE,M,Santa Bárbara d'Oeste,0.0,,2026-09-16 22:16:34,2026-09-30 08:59:00,Pregão - Eletrônico,Aberto,Divulgada no PNCP,True,https://pncp.gov.br/app/editais/46422408000152/2026/517,,SP,Material,True,False,10,Não se aplica,True
SP-0A5831168BFF,Rodobens,87/2026,87,2026,519,SP,PREFEITURA MUNICIPAL DE SANTA BARBARA D'OESTE,46422408000152,MUNICIPIO DE SANTA BARBARA D'OESTE,M,Santa Bárbara d'Oeste,0.0,,2026-09-18 14:08:32,2026-10-01 08:59:00,Pregão - Eletrônico,Aberto,Divulgada no PNCP,False,https://pncp.gov.br/app/editais/46422408000152/2026/519,,SP,Material,True,False,1,Não se aplica,True
SP-1A40E6CB83E6,Sante,PE 67/2026,PE 67,2026,256,São Paulo,Prefeitura Municipal de Vinhedo,46446696000185,MUNICIPIO DE VINHEDO,M,Vinhedo,0.0,,2026-08-21 09:15:28,2026-09-03 09:00:00,Pregão - Eletrônico,Aberto-Fechado,Divulgada no PNCP,True,https://pncp.gov.br/app/editais/46446696000185/2026/256,http://licitavinhedo.balkertecnologia.com.br,SP,Material,True,False,2,Sem benefício,False
SP-5D6ECBD85356,Editais,68 | Processo 16499/2026,68 | Processo 16499,2026,620,São Paulo,PREFEITURA MUNICIPAL,46482832000192,MUNICIPIO DE SAO SEBASTIAO,M,São Sebastião,2510850.72,,2026-09-14 15:07:38,2026-09-28 08:00:00,Pregão - Eletrônico,Aberto,Divulgada no PNCP,True,https://pncp.gov.br/app/editais/46482832000192/2026/620, ,SP,Material,True,False,10,Cota reservada para ME/EPP; Não se aplica,True
SP-3F916B6D8C3A,Editais,39/2026,39,2026,232,São Paulo,Prefeitura Municipal de Ubatuba,46482857000196,MUNICIPIO DE UBATUBA,M,Ubatuba,71130.0,,2026-08-25 09:25:58,2026-09-16 08:00:00,Pregão - Eletrônico,Aberto,Divulgada no PNCP,False,https://pncp.gov.br/app/editais/46482857000196/2026/232,,SP,Material,True,False,2,Não se aplica,True
SP-EBDF9AF42464,Air Liquide,48/2026,48,2026,77,SP,Municipio De Rio Grande Da Serra,46522975000180,MUNICIPIO DE RIO GRANDE DA SERRA,M,Rio Grande da Serra,2550000.0,,2026-09-18 16:23:44,2026-10-05 09:00:00,Pregão - Eletrônico,Aberto,Divulgada no PNCP,True,https://pncp.gov.br/app/editais/46522975000180/2026/77,,SP,Material,True,False,1,Sem benefício,False
PCP-C693E2FF2F30,Educantes,172/2026,172,2026,355,SP,Secretaria Municipal de Compras e Licitações,46522983000127,MUNICIPIO DE SANTANA DE PARNAIBA,M,Santana de Parnaíba,850000.0,,2026-09-25 12:07:44,2026-10-13 09:30:00,Pregão - Eletrônico,Aberto,Divulgada no PNCP,False,https://pncp.gov.br/app/editais/46522983000127/2026/355,https://www.portaldecompraspublicas.com.br/processos/SP/Prefeitura-Municipal-de-Santana-de-Parnaiba-1139/PE-172-2026-2026-514224,Portal de Compras Públicas,Serviço,False,True,1,Sem benefício,False
PCP-69EC6620824B,Editais,113/2026,113,2026,356,SP,Secretaria Municipal de Compras e Licitações,46522983000127,MUNICIPIO DE SANTANA DE PARNAIBA,M,Santana de Parnaíba,18793.13,,2026-09-28 11:34:37,2026-10-01 08:29:00,Dispensa,Dispensa Com Disputa,Divulgada no PNCP,False,https://pncp.gov.br/app/editais/46522983000127/2026/356,https://www.portaldecompraspublicas.com.br/processos/SP/Prefeitura-Municipal-de-Santana-de-Parnaiba-1139/DE-113-2026-2026-514525,Portal de Compras Públicas,Serviço,False,True,1,Participação exclusiva para ME/EPP,True
SP-22588AE13687,Editais,56/2026/2026,56/2026,2026,153,São Paulo,Itapevi,46523031000128,MUNICIPIO DE ITAPEVI,M,Itapevi,5475767.6,,2026-09-04 15:07:21,2026-09-23 09:00:00,Pregão - Eletrônico,Aberto,Divulgada no PNCP,True,https://pncp.gov.br/app/editais/46523031000128/2026/153,,SP,Material,True,False,1,Sem benefício,False
SP-175AAAA8B958,GCT,58/2026/2026,58/2026,2026,154,São Paulo,Itapevi,46523031000128,MUNICIPIO DE ITAPEVI,M,Itapevi,16447926.6,,2026-09-11 09:40:48,2026-09-28 14:00:00,Pregão - Eletrônico,Aberto,Divulgada no PNCP,False,https://pncp.gov.br/app/editais/46523031000128/2026/154,,SP,Material,True,False,10,Sem benefício,False
COMPRASGOV-E8E590A664C9,Hexis,147/2026,147,2026,123,São Paulo,PREFEITURA MUNICIPAL DE SUZANO - SP,46523056000121,MUNICIPIO DE SUZANO,M,Suzano,2455200.0,,2026-09-14 14:46:36,2026-09-25 09:00:00,Pregão - Eletrônico,Aberto,Divulgada no PNCP,True,https://pncp.gov.br/app/editais/46523056000121/2026/123,https://cnetmobile.estaleiro.serpro.gov.br/comprasnet-web/public/compras/acompanhamento-compra?compra=98715105001472026,ComprasGov,Material,True,False,1,Sem benefício,False
SP-0410615D6E5D,Rodobens,045/2026/2026,045/2026,2026,159,SP,Prefeitura Municipal de Franco da Rocha,46523080000160,MUNICIPIO DE FRANCO DA ROCHA,M,Franco da Rocha,481800.0,,2026-09-23 09:02:39,2026-10-07 10:00:00,Pregão - Eletrônico,Aberto,Divulgada no PNCP,False,https://pncp.gov.br/app/editais/46523080000160/2026/159,,SP,Material,True,False,1,Sem benefício,False
SP-E77FA1075954,Editais,00207/2026,00207,2026,265,São Paulo,Prefeitura Municipal de Taboão da Serra - SP,46523122000163,MUNICIPIO DE TABOAO DA SERRA,M,Taboão da Serra,12484099.18,,2026-08-05 08:52:58,2027-07-03 17:00:00,Pregão - Eletrônico,Aberto,Divulgada no PNCP,False,https://pncp.gov.br/app/editais/46523122000163/2026/265,,SP,Material,True,False,4,Sem benefício,False
SP-D1BE083E1296,Editais,486/2026/2026,486/2026,2026,199,São Paulo,Itapecerica da Serra,46523130000100,MUNICIPIO DE ITAPECERICA DA SERRA,M,Itapecerica da Serra,1181550.0,,2026-08-12 14:00:37,2026-08-28 08:59:00,Pregão - Eletrônico,Aberto,Divulgada no PNCP,True,https://pncp.gov.br/app/editais/46523130000100/2026/199,,SP,Material,True,False,3,Sem benefício,False
SP-19F66FA90E19,Divena,524/2026/2026,524/2026,2026,217,São Paulo,Itapecerica da Serra,46523130000100,MUNICIPIO DE ITAPECERICA DA SERRA,M,Itapecerica da Serra,17789860.18,,2026-09-14 09:46:09,2026-09-28 08:59:00,Pregão - Eletrônico,Aberto,Suspensa,True,https://pncp.gov.br/app/editais/46523130000100/2026/217,,SP,Material,True,False,10,Sem benefício,False
SP-19F66FA90E19,Cabla,524/2026/2026,524/2026,2026,217,São Paulo,Itapecerica da Serra,46523130000100,MUNICIPIO DE ITAPECERICA DA SERRA,M,Itapecerica da Serra,17789860.18,,2026-09-14 09:46:09,2026-09-28 08:59:00,Pregão - Eletrônico,Aberto,Suspensa,True,https://pncp.gov.br/app/editais/46523130000100/2026/217,,SP,Material,True,False,10,Sem benefício,False
SP-D1CED67B9054,Air Liquide,31/2026/2026,31/2026,2026,186,São Paulo,Juquiá,46585964000140,MUNICIPIO DE JUQUIA,M,Juquiá,110304.0,,2026-09-03 16:07:58,2026-09-21 08:30:00,Pregão - Eletrônico,Aberto,Divulgada no PNCP,True,https://pncp.gov.br/app/editais/46585964000140/2026/186,,SP,Material,True,False,2,Participação exclusiva para ME/EPP; Sem benefício,True
EMPRO-FC6026B8EC05,Rodobens,13207/2026,13207,2026,867,SP,PREFEITURA MUNICIPAL DE SAO JOSE DO RIO PRETO,46588950000180,MUNICIPIO DE SAO JOSE DO RIO PRETO,M,São José do Rio Preto,312000.0,,2026-09-17 10:30:14,2026-10-01 08:30:00,Pregão - Eletrônico,Aberto,Divulgada no PNCP,False,https://pncp.gov.br/app/editais/46588950000180/2026/867,https://compras.empro.com.br/,Compras EMPRO,Material,True,False,1,Sem benefício,False
SP-47537CCA88F1,Air Liquide,118/2026,118,2026,1380,São Paulo,PREFEITURA MUNICIPAL DA ESTÂNCIA TURÍSTICA DE OLÍMPIA,46596151000155,MUNICIPIO DA ESTANCIA TURISTICA DE OLIMPIA,M,Olímpia,7767.0,,2026-09-04 11:50:49,2026-09-24 08:30:00,Pregão - Eletrônico,Aberto,Divulgada no PNCP,True,https://pncp.gov.br/app/editais/46596151000155/2026/1380,,SP,Material,True,False,1,Participação exclusiva para ME/EPP,True
SP-AD6B62C5440C,Air Liquide,90/2026,90,2026,1444,São Paulo,PREFEITURA MUNICIPAL DA ESTÂNCIA TURÍSTICA DE OLÍMPIA,46596151000155,MUNICIPIO DA ESTANCIA TURISTICA DE OLIMPIA,M,Olímpia,66312.0,,2026-09-24 12:42:18,2026-10-09 08:30:00,Pregão - Eletrônico,Aberto,Divulgada no PNCP,False,https://pncp.gov.br/app/editais/46596151000155/2026/1444,,SP,Serviço,False,True,1,Não se aplica,True
BLL-E463B46EB6F5,Editais,130/2026,130,2026,295,São Paulo,PREFEITURA DO MUNICÍPIO DE VOTUPORANGA,46599809000182,MUNICIPIO DE VOTUPORANGA,M,Votuporanga,511015.22,,2026-08-25 11:18:56,2026-09-10 08:00:00,Pregão - Eletrônico,Aberto,Divulgada no PNCP,False,https://pncp.gov.br/app/editais/46599809000182/2026/295,https://bllcompras.com/Process/ProcessView?param1=[gkz]RgQfYKi_f8YibP7On/WS3cC4kVu0Cz2yzFIjEBmQPIQ/XRNvEW0r4K6KgAPnYL/wqEnkFbaVaVmpQGfyGPPYxBfA4GqS2U1ojTp01N15s3A=,BLL Compras,Serviço,False,True,10,Sem benefício,False
BLL-DF22DD75E9C2,Air Liquide,134/2026,134,2026,302,São Paulo,PREFEITURA DO MUNICÍPIO DE VOTUPORANGA,46599809000182,MUNICIPIO DE VOTUPORANGA,M,Votuporanga,934613.5,,2026-08-28 16:10:31,2026-09-15 08:00:00,Pregão - Eletrônico,Aberto,Divulgada no PNCP,True,https://pncp.gov.br/app/editais/46599809000182/2026/302,https://bllcompras.com/Process/ProcessView?param1=[gkz]Ij0HMCGnlkJpia3A56Mu8KqE4R5r31y_5CMycQUJG6F3OSWqV3Vm_9E_5q/Hiq5fVchG52pG_lLZcrviZnyh5XBYVV0PimQlECHrArJMqqQ=,BLL Compras,Material,True,False,7,Sem benefício,False
BLL-93B2AE6B2D67,Air Liquide,152/2026,152,2026,336,São Paulo,PREFEITURA DO MUNICÍPIO DE VOTUPORANGA,46599809000182,MUNICIPIO DE VOTUPORANGA,M,Votuporanga,20982.16,,2026-09-18 16:00:18,2026-10-05 08:00:00,Pregão - Eletrônico,Aberto,Divulgada no PNCP,False,https://pncp.gov.br/app/editais/46599809000182/2026/336,https://bllcompras.com/Process/ProcessView?param1=[gkz]CXTqWEidw_iiE_O8VxM2g3ilAwt_zRMtmpAdi0AU5E1ufQwfiuUENGb8WDTrBI0Q9GFELFh93wVxiBCvuOz8_zdmhEvHcNMF/XBOJcir9nQ=,BLL Compras,Serviço,False,True,1,Participação exclusiva para ME/EPP,True
SP-E068D648300A,Air Liquide,00130/2024,00130,2024,533,SP,Prefeitura Municipal de Sorocaba,46634044000174,MUNICIPIO DE SOROCABA,M,Sorocaba,7669568.08,,2025-12-22 09:40:37,2026-10-06 09:00:00,Pregão - Eletrônico,Aberto,Divulgada no PNCP,False,https://pncp.gov.br/app/editais/46634044000174/2024/533,,SP,Serviço,False,True,4,Sem benefício,False
SP-A043398FBCDB,Air Liquide,046/2026/2026,046/2026,2026,118,SP,Capela do Alto,46634077000114,MUNICIPIO DE CAPELA DO ALTO,M,Capela do Alto,408720.0,,2026-09-25 16:47:13,2026-10-14 09:00:00,Pregão - Eletrônico,Aberto,Divulgada no PNCP,False,https://pncp.gov.br/app/editais/46634077000114/2026/118,,SP,Material,True,False,3,Sem benefício,False
SP-BA43052B5549,GCT,41/2026,41,2026,1971,São Paulo,ITATINGA,46634127000163,MUNICIPIO DE ITATINGA,M,Itatinga,4573251.31,,2026-08-28 16:48:45,2026-09-29 08:30:00,Pregão - Eletrônico,Aberto-Fechado,Divulgada no PNCP,True,https://pncp.gov.br/app/editais/46634127000163/2026/1971,,SP,Material,True,False,10,Cota reservada para ME/EPP,True
LDIG-EFFA06BB0B9C,Editais,40/2026,40,2026,47,São Paulo,Unidade Única,46634135000100,MUNICIPIO DE ANHEMBI,M,Anhembi,11183923.2,,2026-09-04 11:29:15,2026-09-24 08:15:00,Pregão - Eletrônico,Aberto,Divulgada no PNCP,True,https://pncp.gov.br/app/editais/46634135000100/2026/47,https://app2.licitardigital.com.br/pesquisa/112671,Licitar Digital,Material,True,False,10,Sem benefício,False
SP-7DE802683CE5,Air Liquide,22 | Processo 1897/2026,22 | Processo 1897,2026,81,São Paulo,PREFEITURA MUNICIPAL,46634150000158,MUNICIPIO DE PARDINHO,M,Pardinho,316400.0,,2026-09-03 16:27:34,2026-09-22 09:00:00,Pregão - Eletrônico,Aberto,Divulgada no PNCP,True,https://pncp.gov.br/app/editais/46634150000158/2026/81, ,SP,Material,True,False,2,Não se aplica; Participação exclusiva para ME/EPP,True
SP-AC4B537980E8,Equilam,106/2026,106,2026,119,São Paulo,Cerqueira César,46634184000142,MUNICIPIO DE CERQUEIRA CESAR,M,Cerqueira César,0.0,,2026-09-09 13:01:28,2026-09-25 08:59:00,Pregão - Eletrônico,Aberto,Divulgada no PNCP,True,https://pncp.gov.br/app/editais/46634184000142/2026/119,,SP,Material,True,False,3,Sem benefício,False
SP-0785DD16A45F,Air Liquide,76/2026,76,2026,176,São Paulo,SEC. MUN. DE AGROPEC. OBRAS E MEIO AMBIENTE,46634259000195,MUNICIPIO DE CAPAO BONITO,M,Capão Bonito,102673.6,,2026-08-18 15:28:31,2026-09-02 08:00:00,Pregão - Eletrônico,Aberto,Divulgada no PNCP,True,https://pncp.gov.br/app/editais/46634259000195/2026/176,,SP,Material,True,False,6,Sem benefício,False
SP-DE957C10C914,Editais,168/2026,168,2026,1024,São Paulo,SECRETARIA MUNICIPAL DE EDUCACAO ,46634291000170,MUNICIPIO DE ITAPETININGA,M,Itapetininga,632504.48,,2026-09-14 11:23:41,2026-09-28 09:00:00,Pregão - Eletrônico,Aberto,Divulgada no PNCP,True,https://pncp.gov.br/app/editais/46634291000170/2026/1024,,SP,Material,True,False,10,Sem benefício,False
BLL-FB123100566F,Divena,26/2026,26,2026,162,SP,PREFEITURA MUNICIPAL DE RIVERSUL - SP,46634416000162,MUNICIPIO DE RIVERSUL,M,Riversul,2262295.16,,2026-09-18 15:01:41,2026-09-30 23:59:00,Pregão - Eletrônico,Aberto,Divulgada no PNCP,True,https://pncp.gov.br/app/editais/46634416000162/2026/162,https://bllcompras.com/Process/ProcessView?param1=[gkz]ZpmSnx4ripWXyxXjvJVQjt_GGSgAmVcvi4AV5BODCKzMjbTVKyLCcPkv1bNY4OCaS/p5bdXUbVbs6XU53saeZd80Z6YVwd/pCoybvOjJRwg=,BLL Compras,Material,True,False,5,Sem benefício,False
BLL-FB123100566F,Cabala,26/2026,26,2026,162,SP,PREFEITURA MUNICIPAL DE RIVERSUL - SP,46634416000162,MUNICIPIO DE RIVERSUL,M,Riversul,2262295.16,,2026-09-18 15:01:41,2026-09-30 23:59:00,Pregão - Eletrônico,Aberto,Divulgada no PNCP,True,https://pncp.gov.br/app/editais/46634416000162/2026/162,https://bllcompras.com/Process/ProcessView?param1=[gkz]ZpmSnx4ripWXyxXjvJVQjt_GGSgAmVcvi4AV5BODCKzMjbTVKyLCcPkv1bNY4OCaS/p5bdXUbVbs6XU53saeZd80Z6YVwd/pCoybvOjJRwg=,BLL Compras,Material,True,False,5,Sem benefício,False
BLL-9F8C4EDC77D5,Air Liquide,13/2026,13,2026,125,SP,PREFEITURA MUNICIPAL DE CESARIO LANGE - SP,46634572000123,MUNICIPIO DE CESARIO LANGE,M,Cesário Lange,355710.0,,2026-09-23 17:49:28,2026-10-16 09:00:00,Pregão - Eletrônico,Aberto,Divulgada no PNCP,False,https://pncp.gov.br/app/editais/46634572000123/2026/125,https://bllcompras.com/Process/ProcessView?param1=[gkz]SfCCGpCzSu4SXNUFvqoc6EnG1t5m07oqDzdh/iOXzh/lDRc9eL0tN4GTlcTDH8KbafCb4kGBP4xagLRWC253E1PLcdCors/a4hHO7aJoMgo=,BLL Compras,Material,True,False,3,Sem benefício,False
BLL-013460D2BDFC,Rodobens,23/2026,23,2026,77,SP,PREFEITURA MUNICIPAL DE PORANGABA - SP,46634580000170,MUNICIPIO DE PORANGABA,M,Porangaba,726125.62,,2026-09-17 14:45:04,2026-10-02 09:45:00,Pregão - Eletrônico,Aberto,Divulgada no PNCP,False,https://pncp.gov.br/app/editais/46634580000170/2026/77,https://bllcompras.com/Process/ProcessView?param1=[gkz]NSyjuIQGufBIPG7_Jn1DeBCW0JsLxC9DLAqMsS_rRlKmsdBFLXUzkmfcRh/K6cxJCFFjxcSi_OoXk68C12oMSLmTZufVdolfRiZvYK7UBy0=,BLL Compras,Material,True,False,3,Sem benefício,False
SP-6C3DF5B82085,GCT,074/2026/2026,074/2026,2026,336,São Paulo,Tremembé,46638714000120,MUNICIPIO DE TREMEMBE,M,Tremembé,2906539.05,,2026-09-14 17:11:06,2026-09-24 08:59:00,Pregão - Eletrônico,Aberto,Divulgada no PNCP,True,https://pncp.gov.br/app/editais/46638714000120/2026/336,,SP,Material,True,False,10,Sem benefício,False
CSJC-3AA3A5B1C070,Rodobens,207 AB 1/2026,207 AB 1,2026,1075,SP,SECRETARIA DE GESTAO ADMINISTRATIVA E FINANCAS,46643466000106,MUNICIPIO DE SAO JOSE DOS CAMPOS,M,São José dos Campos,5302346.4,,2026-09-25 11:02:57,2026-10-13 08:30:00,Pregão - Eletrônico,Aberto,Divulgada no PNCP,False,https://pncp.gov.br/app/editais/46643466000106/2026/1075,https://servicos.sjc.sp.gov.br/sa/licitacoes/confirma_download_edital.aspx?id=21614,Compras São José dos Campos,Serviço,False,True,4,Não se aplica,True
CSJC-3AA3A5B1C070,Divena,207 AB 1/2026,207 AB 1,2026,1075,SP,SECRETARIA DE GESTAO ADMINISTRATIVA E FINANCAS,46643466000106,MUNICIPIO DE SAO JOSE DOS CAMPOS,M,São José dos Campos,5302346.4,,2026-09-25 11:02:57,2026-10-13 08:30:00,Pregão - Eletrônico,Aberto,Divulgada no PNCP,False,https://pncp.gov.br/app/editais/46643466000106/2026/1075,https://servicos.sjc.sp.gov.br/sa/licitacoes/confirma_download_edital.aspx?id=21614,Compras São José dos Campos,Serviço,False,True,4,Não se aplica,True
CSJC-3AA3A5B1C070,Mercedes,207 AB 1/2026,207 AB 1,2026,1075,SP,SECRETARIA DE GESTAO ADMINISTRATIVA E FINANCAS,46643466000106,MUNICIPIO DE SAO JOSE DOS CAMPOS,M,São José dos Campos,5302346.4,,2026-09-25 11:02:57,2026-10-13 08:30:00,Pregão - Eletrônico,Aberto,Divulgada no PNCP,False,https://pncp.gov.br/app/editais/46643466000106/2026/1075,https://servicos.sjc.sp.gov.br/sa/licitacoes/confirma_download_edital.aspx?id=21614,Compras São José dos Campos,Serviço,False,True,4,Não se aplica,True
SP-2ECE6A5D6D47,Editais,048/2026/2026,048/2026,2026,174,SP,Cruzeiro,46668596000101,MUNICIPIO DE CRUZEIRO,M,Cruzeiro,570426.0,,2026-09-24 11:53:21,2026-10-13 08:30:00,Pregão - Eletrônico,Aberto,Divulgada no PNCP,False,https://pncp.gov.br/app/editais/46668596000101/2026/174,,SP,Material,True,False,6,Sem benefício,False
SP-EE9A07F562AB,Sante,39/2026,39,2026,140,São Paulo,GERAL,46680518000114,MUNICIPIO DE APARECIDA,M,Aparecida,202450.0,,2026-08-14 10:34:09,2026-08-27 08:59:59,Pregão - Eletrônico,Aberto,Divulgada no PNCP,True,https://pncp.gov.br/app/editais/46680518000114/2026/140,,SP,Material,True,False,5,Participação exclusiva para ME/EPP; Sem benefício,True
COMPRASGOV-2920034C90A3,Editais,56/2026,56,2026,29,São Paulo,ESP-DEP. DE AGUAS E ENERGIA ELETRICA-DAE,46853800000156,DEPARTAMENTO DE AGUAS E ENERGIA ELETRICA,E,São Paulo,90669.78,,2026-08-19 16:34:31,2026-09-08 09:59:00,Pregão - Eletrônico,Aberto,Divulgada no PNCP,False,https://pncp.gov.br/app/editais/46853800000156/2026/29,https://cnetmobile.estaleiro.serpro.gov.br/comprasnet-web/public/compras/acompanhamento-compra?compra=26210105000562026,ComprasGov,Material,True,False,4,Não se aplica,True
BLL-10D3D20C2F75,Watson-Marlow,110/2026,110,2026,120,São Paulo,SERVICO AGUA E ESGOTO PIRASSUNUNGA,46965083000154,SERVICO DE AGUA E ESGOTO DE PIRASSUNUNGA,M,Pirassununga,156746.64,,2026-09-14 15:04:15,2026-09-28 08:30:00,Pregão - Eletrônico,Aberto,Divulgada no PNCP,False,https://pncp.gov.br/app/editais/46965083000154/2026/120,https://bllcompras.com/Process/ProcessView?param1=[gkz]jjeStz0LnkoprX1p4xWgU6ZaS/AqlAix6dqWZMzM5hgH0RN2EFb2rkCG1QVq/V1ssYSlRy3vsmUGTJzoyqm0DWswJt0rTueq/XU11EZOzEw=,BLL Compras,Material,True,False,3,Sem benefício,False
COMPRASGOV-763A7375F9DB,Editais,23/2026,23,2026,22,São Paulo,ESP-GABINETE DO SECRETARIO SEC. ESPORTES,47173729000123,SECRETARIA DE ESPORTES,E,São Paulo,37409.0,,2026-08-14 12:10:31,2026-08-20 08:00:00,Dispensa,Dispensa Com Disputa,Divulgada no PNCP,False,https://pncp.gov.br/app/editais/47173729000123/2026/22,https://cnetmobile.estaleiro.serpro.gov.br/comprasnet-web/public/compras/acompanhamento-compra?compra=41010106000232026,ComprasGov,Serviço,False,True,1,Participação exclusiva para ME/EPP,True
COMPRASGOV-4A6DE8802DB6,Editais,38/2026,38,2026,151,São Paulo,PREFEITURA MUNICIPAL DE FERNANDOPOLIS - SP,47842836000105,MUNICIPIO DE FERNANDOPOLIS,M,Fernandópolis,129102.12,,2026-08-14 09:53:31,2026-09-03 08:29:00,Pregão - Eletrônico,Aberto,Divulgada no PNCP,False,https://pncp.gov.br/app/editais/47842836000105/2026/151,https://cnetmobile.estaleiro.serpro.gov.br/comprasnet-web/public/compras/acompanhamento-compra?compra=98641105000382026,ComprasGov,Serviço,False,True,2,Participação exclusiva para ME/EPP; Sem benefício,True
COMPRASGOV-5C81AA1EC713,Air Liquide,40/2026,40,2026,154,São Paulo,PREFEITURA MUNICIPAL DE FERNANDOPOLIS - SP,47842836000105,MUNICIPIO DE FERNANDOPOLIS,M,Fernandópolis,486861.85,,2026-08-17 15:33:00,2026-09-01 08:29:00,Pregão - Eletrônico,Aberto,Divulgada no PNCP,True,https://pncp.gov.br/app/editais/47842836000105/2026/154,https://cnetmobile.estaleiro.serpro.gov.br/comprasnet-web/public/compras/acompanhamento-compra?compra=98641105000402026,ComprasGov,Material,True,False,5,Participação exclusiva para ME/EPP; Sem benefício,True
COMPRASGOV-02BCD29A21D6,Air Liquide,32/2026,32,2026,2184,São Paulo,ESP-UNESP-INST.CIEN.TECNOLOG.-C.S.J.CAMPOS,48031918000124,UNIVERSIDADE ESTADUAL PAULISTA JULIO DE MESQUITA FILHO,E,São José dos Campos,54252.0,,2026-08-27 12:56:56,2026-09-16 08:30:00,Pregão - Eletrônico,Aberto,Divulgada no PNCP,True,https://pncp.gov.br/app/editais/48031918000124/2026/2184,https://cnetmobile.estaleiro.serpro.gov.br/comprasnet-web/public/compras/acompanhamento-compra?compra=10232505000322026,ComprasGov,Material,True,False,1,Participação exclusiva para ME/EPP,True
COMPRASGOV-2E28F8A8F9F9,Hexis,197/2026,197,2026,2367,São Paulo,ESP-UNESP-INST.CIEN.TECNOLOG.-C.S.J.CAMPOS,48031918000124,UNIVERSIDADE ESTADUAL PAULISTA JULIO DE MESQUITA FILHO,E,São José dos Campos,60866.27,,2026-09-09 14:39:47,2026-09-28 09:00:00,Pregão - Eletrônico,Aberto,Divulgada no PNCP,False,https://pncp.gov.br/app/editais/48031918000124/2026/2367,https://cnetmobile.estaleiro.serpro.gov.br/comprasnet-web/public/compras/acompanhamento-compra?compra=10230705001972026,ComprasGov,Material,True,False,10,Participação exclusiva para ME/EPP,True
COMPRASGOV-B5B1C230D5DE,Air Liquide,32/2026,32,2026,2610,São Paulo,ESP-UNESP-INST.CIEN.TECNOLOG.-C.S.J.CAMPOS,48031918000124,UNIVERSIDADE ESTADUAL PAULISTA JULIO DE MESQUITA FILHO,E,São José dos Campos,37800.0,,2026-09-28 11:52:02,2026-10-13 08:59:00,Pregão - Eletrônico,Aberto,Divulgada no PNCP,True,https://pncp.gov.br/app/editais/48031918000124/2026/2610,https://cnetmobile.estaleiro.serpro.gov.br/comprasnet-web/public/compras/acompanhamento-compra?compra=10230705000322026,ComprasGov,Material,True,False,1,Participação exclusiva para ME/EPP,True
BLL-3B9FFA1257BC,Air Liquide,060/2026,060,2026,112,São Paulo,PREFEITURA MUNICIPAL DE GUARARAPES,48468284000171,MUNICIPIO DE GUARARAPES,M,Guararapes,86799.0,,2026-09-01 08:25:05,2026-09-18 08:30:00,Pregão - Eletrônico,Aberto,Divulgada no PNCP,True,https://pncp.gov.br/app/editais/48468284000171/2026/112,https://bllcompras.com/Process/ProcessView?param1=[gkz]hA5j1OZiUyNp8cbrcH0HV_Oo4VqiQUcT387Haw8HZ5S1DfJLMKiuxJaka8mxRt_3w/4to/lfOTcD1gE4slqfAYT2VXgB_Fre1E/GTN7j49Q=,BLL Compras,Material,True,False,1,Sem benefício,False
LDIG-1EDD0F6FBD1E,Rodobens,32/2026,32,2026,108,São Paulo,Unidade Única,48813638000178,MUNICIPIO DE REGENTE FEIJO,M,Regente Feijó,783333.33,,2026-08-13 13:11:11,2026-08-26 09:01:00,Pregão - Eletrônico,Aberto,Divulgada no PNCP,False,https://pncp.gov.br/app/editais/48813638000178/2026/108,https://app2.licitardigital.com.br/pesquisa/110305,Licitar Digital,Material,True,False,1,Sem benefício,False
SP-B6AAFEFEA110,Rodobens,32 | Processo 2616/2026,32 | Processo 2616,2026,109,São Paulo,Unidade Única,48813638000178,MUNICIPIO DE REGENTE FEIJO,M,Regente Feijó,783333.33,,2026-08-13 13:12:03,2026-08-26 08:30:00,Pregão - Eletrônico,Aberto,Divulgada no PNCP,False,https://pncp.gov.br/app/editais/48813638000178/2026/109, ,SP,Material,True,False,1,Não se aplica,True
COMPRASGOV-D416F565DD4A,Danfoss,9/2026,9,2026,265,São Paulo,SERVIÇO AUTONOMO AGUA E ESGOTO EM JACAREI,48962625000160,SAAE SERVICO AUTONOMO DE AGUA E ESGOTO DE JACAREI,M,Jacareí,11860133.79,,2026-08-14 09:07:49,2026-09-02 09:00:00,Pregão - Eletrônico,Aberto-Fechado,Divulgada no PNCP,True,https://pncp.gov.br/app/editais/48962625000160/2026/265,https://cnetmobile.estaleiro.serpro.gov.br/comprasnet-web/public/compras/acompanhamento-compra?compra=92664105000092026,ComprasGov,Misto,True,True,2,Sem benefício,False
COMPRASGOV-D416F565DD4A,ABB Brasil,9/2026,9,2026,265,São Paulo,SERVIÇO AUTONOMO AGUA E ESGOTO EM JACAREI,48962625000160,SAAE SERVICO AUTONOMO DE AGUA E ESGOTO DE JACAREI,M,Jacareí,11860133.79,,2026-08-14 09:07:49,2026-09-02 09:00:00,Pregão - Eletrônico,Aberto-Fechado,Divulgada no PNCP,True,https://pncp.gov.br/app/editais/48962625000160/2026/265,https://cnetmobile.estaleiro.serpro.gov.br/comprasnet-web/public/compras/acompanhamento-compra?compra=92664105000092026,ComprasGov,Misto,True,True,2,Sem benefício,False
COMPRASGOV-D416F565DD4A,Editais,9/2026,9,2026,265,São Paulo,SERVIÇO AUTONOMO AGUA E ESGOTO EM JACAREI,48962625000160,SAAE SERVICO AUTONOMO DE AGUA E ESGOTO DE JACAREI,M,Jacareí,11860133.79,,2026-08-14 09:07:49,2026-09-02 09:00:00,Pregão - Eletrônico,Aberto-Fechado,Divulgada no PNCP,True,https://pncp.gov.br/app/editais/48962625000160/2026/265,https://cnetmobile.estaleiro.serpro.gov.br/comprasnet-web/public/compras/acompanhamento-compra?compra=92664105000092026,ComprasGov,Misto,True,True,2,Sem benefício,False
SP-EDF0DD05E7E4,Air Liquide,32/2026,32,2026,75,São Paulo,PREFEITURA MUNICIPAL DE ITÁPOLIS - SP,49979255000137,MUNICIPIO DE ITAPOLIS,M,Itápolis,0.0,,2026-07-01 16:28:28,2026-09-25 00:00:00,Pregão - Eletrônico,Aberto,Suspensa,True,https://pncp.gov.br/app/editais/49979255000137/2026/75,,SP,Serviço,False,True,2,Não se aplica,True
SP-D80612829777,Hexis,25/2026,25,2026,316,São Paulo,SERVIÇO AUTÔNOMO DE ÁGUA E ESGOTO - SAAE,50062751000100,SERVICO AUTONOMO DE AGUA E ESGOTO DE CAPIVARI,M,Capivari,155706.8,,2026-09-11 08:34:05,2026-09-24 07:30:00,Pregão - Eletrônico,Aberto,Divulgada no PNCP,True,https://pncp.gov.br/app/editais/50062751000100/2026/316,,SP,Material,True,False,5,Cota reservada para ME/EPP; Sem benefício,True
SP-FB71310521EB,Air Liquide,63/2026,63,2026,572,São Paulo,PREFEITURA MUNICIPAL DE JABOTICABAL,50387844000105,MUNICIPIO DE JABOTICABAL,M,Jaboticabal,1392822.0,,2026-08-21 09:14:36,2026-09-30 08:30:00,Pregão - Eletrônico,Aberto,Divulgada no PNCP,False,https://pncp.gov.br/app/editais/50387844000105/2026/572,,SP,Serviço,False,True,2,Não se aplica,True
COMPRASGOV-FFDDD80D5D5E,Setti,60/2026,60,2026,10,São Paulo,CAMARA MUNICIPAL DE OSASCO - SP,50520121000132,CAMARA MUNICIPAL DE OSASCO,M,Osasco,4005468.96,,2026-09-08 15:35:25,2026-09-24 09:00:00,Pregão - Eletrônico,Aberto,Divulgada no PNCP,False,https://pncp.gov.br/app/editais/50520121000132/2026/10,https://cnetmobile.estaleiro.serpro.gov.br/comprasnet-web/public/compras/acompanhamento-compra?compra=93090205000602026,ComprasGov,Misto,True,True,6,Não se aplica,True
SP-9CEBDA040BAF,Editais,6/2026,6,2026,31,SP,CAMARA MUNIC EST.TURIST SAO ROQUE,50804079000181,CAMARA MUNICIPAL DA ESTANCIA TURISTICA DE SAO ROQUE,M,São Roque,89064.58,,2026-09-08 20:06:55,2026-09-23 08:00:00,Pregão - Eletrônico,Aberto,Divulgada no PNCP,False,https://pncp.gov.br/app/editais/50804079000181/2026/31,,SP,Serviço,False,True,1,Não se aplica,True
SP-9C2BAAD7CCBE,Mercedes,20/2026,20,2026,41,SP,CONSORCIO INTERM DO VALE DO PARANAPANEMA,51501484000193,CONSORCIO INTERMUNICIPAL DO VALE DO PARANAPANEMA,N,Assis,53214168.0,,2026-09-28 16:11:03,2026-10-15 08:59:00,Pregão - Eletrônico,Aberto,Divulgada no PNCP,True,https://pncp.gov.br/app/editais/51501484000193/2026/41,,SP,Material,True,False,2,Não se aplica,True
SP-9C2BAAD7CCBE,Divena,20/2026,20,2026,41,SP,CONSORCIO INTERM DO VALE DO PARANAPANEMA,51501484000193,CONSORCIO INTERMUNICIPAL DO VALE DO PARANAPANEMA,N,Assis,53214168.0,,2026-09-28 16:11:03,2026-10-15 08:59:00,Pregão - Eletrônico,Aberto,Divulgada no PNCP,True,https://pncp.gov.br/app/editais/51501484000193/2026/41,,SP,Material,True,False,2,Não se aplica,True
SP-9C2BAAD7CCBE,Cabala,20/2026,20,2026,41,SP,CONSORCIO INTERM DO VALE DO PARANAPANEMA,51501484000193,CONSORCIO INTERMUNICIPAL DO VALE DO PARANAPANEMA,N,Assis,53214168.0,,2026-09-28 16:11:03,2026-10-15 08:59:00,Pregão - Eletrônico,Aberto,Divulgada no PNCP,True,https://pncp.gov.br/app/editais/51501484000193/2026/41,,SP,Material,True,False,2,Não se aplica,True
PCP-D6C794BAB66F,Air Liquide,41/2026,41,2026,42,São Paulo,CONSÓRCIO DE DESENVOLVIMENTO DA REGIÃO DE GOVERNO DE SÃO JOÃO DA BOA VISTA,52356268000245,CONDERG - CONS. DE DESENV. - HOSPITAL DIVINOLÂNDIA,M,Divinolândia,570799.94,,2026-09-15 22:28:24,2026-10-05 09:00:00,Pregão - Eletrônico,Aberto-Fechado,Divulgada no PNCP,True,https://pncp.gov.br/app/editais/52356268000245/2026/42,https://www.portaldecompraspublicas.com.br/processos/SP/CONSORCIO-DE-DESENVOLVIMENTO-DA-REGIAO-DE-GOVERNO-DE-SAO-JOAO-DA-BOA-VISTA-2252/RPE-41-2026-2026-511459,Portal de Compras Públicas,Material,True,False,2,Sem benefício,False
BLL-12E89453EF1D,Setti,18/2026,18,2026,20,SP,MUNICIPIO DE SEBASTIANOPOLIS DO SUL,52879780000195,MUNICIPIO DE SEBASTIANOPOLIS DO SUL,M,Sebastianópolis do Sul,197524.38,,2026-09-15 15:23:22,2026-09-30 08:30:00,Pregão - Eletrônico,Aberto,Divulgada no PNCP,True,https://pncp.gov.br/app/editais/52879780000195/2026/20,https://bllcompras.com/Process/ProcessView?param1=[gkz]E1r3/Zr4hf8Lq1m4USZg_qOjfwIZChLhSublRWr1IkJLdVqpcQSai2QLbfYdp0uzKMwyLLRJ5ghaY39YUrMOv7sbS/IykyO/xgh3jWYtqoA=,BLL Compras,Material,True,False,10,Sem benefício,False
COMPRASGOV-48047F182EF3,PHD,21/2026,21,2026,24,Espírito Santo,CES-FUNDAÇÃO C M S CULT E COMUNICAÇÃO PÚBLICA,54715094000104,FUNDACAO CARMELIA MARIA DE SOUZA DE CULTURA E COMUNICACAO PUBLICA,E,Vitória,488336.58,,2026-09-11 11:27:04,2026-09-25 09:00:00,Pregão - Eletrônico,Aberto-Fechado,Divulgada no PNCP,False,https://pncp.gov.br/app/editais/54715094000104/2026/24,https://cnetmobile.estaleiro.serpro.gov.br/comprasnet-web/public/compras/acompanhamento-compra?compra=93139605000212026,ComprasGov,Serviço,False,True,6,Sem benefício,False
BLL-8B33D28208BC,Air Liquide,29/2026,29,2026,102,SP,PREFEITURA MUNICIPAL DE PIRAPOZINHO - SP,54801121000161,MUNICIPIO DE PIRAPOZINHO,M,Pirapozinho,726660.2,,2026-09-24 09:33:01,2026-10-13 08:30:00,Pregão - Eletrônico,Aberto-Fechado,Divulgada no PNCP,True,https://pncp.gov.br/app/editais/54801121000161/2026/102,https://bllcompras.com/Process/ProcessView?param1=[gkz]yReLpMY8NN94FWZNnUuD_ctFnGwWvTMxnFjHWLPEdrgGQivjIk_htl6kbH6yAwvMsFPxgymn1qeAXzgl4dLznUJTA4uFF6Z0lm/LUGjMtXg=,BLL Compras,Material,True,False,6,Sem benefício,False
SP-E48A61124B7B,Air Liquide,27 | Processo 1766/2026,27 | Processo 1766,2026,47,São Paulo,PREFEITURA MUNICIPAL,55251185000107,MUNICIPIO DE PRESIDENTE BERNARDES,M,Presidente Bernardes,860101.2,,2026-09-03 11:47:50,2026-09-16 09:01:00,Pregão - Eletrônico,Aberto,Divulgada no PNCP,True,https://pncp.gov.br/app/editais/55251185000107/2026/47, ,SP,Material,True,False,8,Não se aplica,True
SP-4FDCF216A0AA,Editais,78 | Processo 110/2026,78 | Processo 110,2026,214,SP,PREFEITURA MUNICIPAL,55293427000117,MUNICIPIO DE PRESIDENTE EPITACIO,M,Presidente Epitácio,394170.0,,2026-09-18 07:54:22,2026-10-07 08:30:00,Pregão - Eletrônico,Aberto,Divulgada no PNCP,True,https://pncp.gov.br/app/editais/55293427000117/2026/214, ,SP,Serviço,False,True,10,Não se aplica,True
COMPRASGOV-330C1754CA3B,Editais,418/2026,418,2026,576,São Paulo,ESP-HOSPITAL DAS CLINICAS RIBEIRAO PRETO,56023443000152,HOSPITAL DAS CLINICAS DA FACULDADE DE MEDICINA DE RPUSP,E,Ribeirão Preto,0.0,,2026-09-02 15:17:40,2026-09-18 09:00:00,Pregão - Eletrônico,Aberto,Divulgada no PNCP,True,https://pncp.gov.br/app/editais/56023443000152/2026/576,https://cnetmobile.estaleiro.serpro.gov.br/comprasnet-web/public/compras/acompanhamento-compra?compra=09220105004182026,ComprasGov,Material,True,False,2,Sem benefício,False
COMPRASGOV-EDDF5BE84D4B,Starmac,94/2026,94,2026,378,São Paulo,PREFEITURA MUNICIPAL DE RIBEIRAO PRETO - SP,56024581000156,MUNICIPIO DE RIBEIRAO PRETO,M,Ribeirão Preto,7485083.26,,2026-08-27 09:25:50,2026-09-11 09:00:00,Pregão - Eletrônico,Aberto-Fechado,Divulgada no PNCP,False,https://pncp.gov.br/app/editais/56024581000156/2026/378,https://cnetmobile.estaleiro.serpro.gov.br/comprasnet-web/public/compras/acompanhamento-compra?compra=98696905000942026,ComprasGov,Material,True,False,10,Não se aplica,True
COMPRASGOV-483383FF6B6C,Setti,138/2026,138,2026,405,São Paulo,PREFEITURA MUNICIPAL DE RIBEIRAO PRETO - SP,56024581000156,MUNICIPIO DE RIBEIRAO PRETO,M,Ribeirão Preto,83400.12,,2026-09-21 15:11:07,2026-10-06 09:00:00,Pregão - Eletrônico,Aberto-Fechado,Divulgada no PNCP,False,https://pncp.gov.br/app/editais/56024581000156/2026/405,https://cnetmobile.estaleiro.serpro.gov.br/comprasnet-web/public/compras/acompanhamento-compra?compra=98696905001382026,ComprasGov,Serviço,False,True,1,Não se aplica,True
COMPRASGOV-6F4A6A3CCA23,Editais,17/2026,17,2026,249,São Paulo,ESP-COORD. DE FISCALIZACAO E BIODIVERSIDADE,56089790000188,SECRETARIA DE INFRAESTRUTURA E MEIO AMBIENTE,E,São Paulo,7013.0,,2026-08-18 11:19:18,2026-08-24 09:00:00,Dispensa,Dispensa Com Disputa,Divulgada no PNCP,False,https://pncp.gov.br/app/editais/56089790000188/2026/249,https://cnetmobile.estaleiro.serpro.gov.br/comprasnet-web/public/compras/acompanhamento-compra?compra=26013006000172026,ComprasGov,Serviço,False,True,1,Participação exclusiva para ME/EPP,True
MT-DC1EF1EBABE1,Rodobens,055/2026,055,2026,242,MT,SECRETARIA DE ESTADO DE SAÚDE,57252971000146,SECRETARIA DE ESTADO DE SAUDE DE MATO GROSSO - SES,E,Cuiabá,0.0,,2026-07-30 16:39:30,2026-09-24 13:45:00,Pregão - Eletrônico,Aberto,Divulgada no PNCP,False,https://pncp.gov.br/app/editais/57252971000146/2026/242,,MT,Material,True,False,1,Não se aplica,True
COMPRASGOV-A9D5F28D2C03,Hexis,336/2026,336,2026,582,São Paulo,ESP-HOSPITAL DAS CLINICAS DE SAO PAULO,60448040000122,HOSPITAL DAS CLINICAS DA FACULDADE DE MEDICINA DA U S P,E,São Paulo,0.0,,2026-09-09 16:05:02,2026-09-22 09:00:00,Pregão - Eletrônico,Aberto,Divulgada no PNCP,True,https://pncp.gov.br/app/editais/60448040000122/2026/582,https://cnetmobile.estaleiro.serpro.gov.br/comprasnet-web/public/compras/acompanhamento-compra?compra=09230105003362026,ComprasGov,Material,True,False,1,Sem benefício,False
COMPRASGOV-1B494AFA928F,Hexis,346/2026,346,2026,588,São Paulo,ESP-HOSPITAL DAS CLINICAS DE SAO PAULO,60448040000122,HOSPITAL DAS CLINICAS DA FACULDADE DE MEDICINA DA U S P,E,São Paulo,0.0,,2026-09-15 12:47:54,2026-09-30 09:00:00,Pregão - Eletrônico,Aberto,Divulgada no PNCP,True,https://pncp.gov.br/app/editais/60448040000122/2026/588,https://cnetmobile.estaleiro.serpro.gov.br/comprasnet-web/public/compras/acompanhamento-compra?compra=09230105003462026,ComprasGov,Material,True,False,1,Sem benefício,False
COMPRASGOV-8FFA4D967DE6,Editais,543/2026,543,2026,219,São Paulo,MEC-UNIVERSIDADE FEDERAL DE SAO PAULO/SP,60453032000174,UNIVERSIDADE FEDERAL DE SAO PAULO,F,São Paulo,26298.9,,2026-09-03 04:00:02,2026-09-22 09:00:00,Pregão - Eletrônico,Aberto,Divulgada no PNCP,True,https://pncp.gov.br/app/editais/60453032000174/2026/219,https://cnetmobile.estaleiro.serpro.gov.br/comprasnet-web/public/compras/acompanhamento-compra?compra=15303105005432026,ComprasGov,Serviço,False,True,6,Sem benefício,False
COMPRASGOV-2BCED622E1C1,Air Liquide,1274/2026,1274,2026,1214,São Paulo,ESP-INST. ASSIST. MEDICA SERV. PUB. ESTADUAL,60747318000162,INSTITUTO DE ASSISTENCIA MEDICA AO SERVIDOR PUBLICO ESTADUAL,E,São Paulo,0.0,,2026-09-02 16:13:30,2026-09-15 09:00:00,Pregão - Eletrônico,Aberto,Divulgada no PNCP,False,https://pncp.gov.br/app/editais/60747318000162/2026/1214,https://cnetmobile.estaleiro.serpro.gov.br/comprasnet-web/public/compras/acompanhamento-compra?compra=53210105012742026,ComprasGov,Material,True,False,1,Não se aplica,True
COMPRASGOV-D6B93B41277B,Hexis,1257/2026,1257,2026,1228,São Paulo,ESP-INST. ASSIST. MEDICA SERV. PUB. ESTADUAL,60747318000162,INSTITUTO DE ASSISTENCIA MEDICA AO SERVIDOR PUBLICO ESTADUAL,E,São Paulo,0.0,,2026-09-04 16:19:36,2026-09-17 09:00:00,Pregão - Eletrônico,Aberto,Divulgada no PNCP,True,https://pncp.gov.br/app/editais/60747318000162/2026/1228,https://cnetmobile.estaleiro.serpro.gov.br/comprasnet-web/public/compras/acompanhamento-compra?compra=53210105012572026,ComprasGov,Material,True,False,1,Não se aplica,True
COMPRASGOV-00F2885F4578,Danfoss,302/2026,302,2026,542,São Paulo,ESP-CIA. METROPOLITANA DE SAO PAULO-METRO,62070362000106,(UO) ESP-CIA.DO METROPOLIT DE SAO PAULO-METRO,E,São Paulo,153688.8,,2026-08-27 07:46:03,2026-09-25 09:00:00,Pregão - Eletrônico,Aberto,Divulgada no PNCP,False,https://pncp.gov.br/app/editais/62070362000106/2026/542,https://cnetmobile.estaleiro.serpro.gov.br/comprasnet-web/public/compras/acompanhamento-compra?compra=37330105003022026,ComprasGov,Material,True,False,5,Sem benefício,False
COMPRASGOV-72F5B7981284,PHD,331/2026,331,2026,572,São Paulo,ESP-CIA. METROPOLITANA DE SAO PAULO-METRO,62070362000106,(UO) ESP-CIA.DO METROPOLIT DE SAO PAULO-METRO,E,São Paulo,64089.48,,2026-09-10 08:55:14,2026-09-29 09:00:00,Pregão - Eletrônico,Aberto,Divulgada no PNCP,False,https://pncp.gov.br/app/editais/62070362000106/2026/572,https://cnetmobile.estaleiro.serpro.gov.br/comprasnet-web/public/compras/acompanhamento-compra?compra=37330105003312026,ComprasGov,Material,True,False,1,Não se aplica,True
COMPRASGOV-A9618653F14C,Air Liquide,588/2026,588,2026,3083,São Paulo,ESP-HOSPITAL UNIVERSITÁRIO - USP,63025530000104,UNIVERSIDADE DE SAO PAULO,E,São Paulo,0.0,,2026-08-17 16:37:19,2026-09-01 09:00:00,Pregão - Eletrônico,Aberto,Divulgada no PNCP,True,https://pncp.gov.br/app/editais/63025530000104/2026/3083,https://cnetmobile.estaleiro.serpro.gov.br/comprasnet-web/public/compras/acompanhamento-compra?compra=10215005005882026,ComprasGov,Material,True,False,4,Sem benefício,False
COMPRASGOV-5CB43AE18E54,Santos Extintores,7/2026,7,2026,3170,São Paulo,ESP-HOSPITAL UNIVERSITÁRIO - USP,63025530000104,UNIVERSIDADE DE SAO PAULO,E,São Paulo,93578.58,,2026-08-21 14:51:39,2026-09-04 08:30:00,Pregão - Eletrônico,Aberto,Divulgada no PNCP,False,https://pncp.gov.br/app/editais/63025530000104/2026/3170,https://cnetmobile.estaleiro.serpro.gov.br/comprasnet-web/public/compras/acompanhamento-compra?compra=10213705000072026,ComprasGov,Material,True,False,10,Não se aplica,True
COMPRASGOV-2BEBC33CBEDC,Air Liquide,17/2026,17,2026,3470,São Paulo,ESP-HOSPITAL UNIVERSITÁRIO - USP,63025530000104,UNIVERSIDADE DE SAO PAULO,E,São Paulo,499311.1,,2026-09-08 15:15:06,2026-09-29 17:59:00,Pregão - Eletrônico,Aberto,Divulgada no PNCP,True,https://pncp.gov.br/app/editais/63025530000104/2026/3470,https://cnetmobile.estaleiro.serpro.gov.br/comprasnet-web/public/compras/acompanhamento-compra?compra=10215205000172026,ComprasGov,Material,True,False,10,Sem benefício,False
COMPRASGOV-97D320A58BBB,Editais,79/2026,79,2026,3577,São Paulo,ESP-HOSPITAL UNIVERSITÁRIO - USP,63025530000104,UNIVERSIDADE DE SAO PAULO,E,São Paulo,52200.0,,2026-09-14 09:49:33,2026-09-30 08:00:00,Pregão - Eletrônico,Aberto,Divulgada no PNCP,False,https://pncp.gov.br/app/editais/63025530000104/2026/3577,https://cnetmobile.estaleiro.serpro.gov.br/comprasnet-web/public/compras/acompanhamento-compra?compra=10215605000792026,ComprasGov,Serviço,False,True,1,Não se aplica,True
COMPRASGOV-915073622064,Editais,112/2026,112,2026,3635,São Paulo,ESP-HOSPITAL UNIVERSITÁRIO - USP,63025530000104,UNIVERSIDADE DE SAO PAULO,E,São Paulo,107321.67,,2026-09-16 13:31:44,2026-10-05 08:00:00,Pregão - Eletrônico,Aberto-Fechado,Divulgada no PNCP,False,https://pncp.gov.br/app/editais/63025530000104/2026/3635,https://cnetmobile.estaleiro.serpro.gov.br/comprasnet-web/public/compras/acompanhamento-compra?compra=10212705001122026,ComprasGov,Serviço,False,True,2,Participação exclusiva para ME/EPP,True
COMPRASGOV-236804BC34C8,Editais,10/2026,10,2026,3642,São Paulo,ESP-HOSPITAL UNIVERSITÁRIO - USP,63025530000104,UNIVERSIDADE DE SAO PAULO,E,São Paulo,332152.3,,2026-09-16 15:58:48,2026-10-06 08:59:00,Pregão - Eletrônico,Aberto-Fechado,Divulgada no PNCP,False,https://pncp.gov.br/app/editais/63025530000104/2026/3642,https://cnetmobile.estaleiro.serpro.gov.br/comprasnet-web/public/compras/acompanhamento-compra?compra=10214805000102026,ComprasGov,Material,True,False,1,Não se aplica,True
COMPRASGOV-7D6895F47AE7,Editais,165/2026,165,2026,3652,São Paulo,ESP-HOSPITAL UNIVERSITÁRIO - USP,63025530000104,UNIVERSIDADE DE SAO PAULO,E,São Paulo,0.0,,2026-09-17 11:07:48,2026-10-07 09:30:00,Pregão - Eletrônico,Aberto,Divulgada no PNCP,True,https://pncp.gov.br/app/editais/63025530000104/2026/3652,https://cnetmobile.estaleiro.serpro.gov.br/comprasnet-web/public/compras/acompanhamento-compra?compra=10213605001652026,ComprasGov,Serviço,False,True,5,Não se aplica; Participação exclusiva para ME/EPP,True
COMPRASGOV-544315D444EA,Editais,90/2026,90,2026,3731,São Paulo,ESP-HOSPITAL UNIVERSITÁRIO - USP,63025530000104,UNIVERSIDADE DE SAO PAULO,E,São Paulo,58172.5,,2026-09-22 14:43:24,2026-10-09 09:00:00,Pregão - Eletrônico,Aberto-Fechado,Divulgada no PNCP,False,https://pncp.gov.br/app/editais/63025530000104/2026/3731,https://cnetmobile.estaleiro.serpro.gov.br/comprasnet-web/public/compras/acompanhamento-compra?compra=10213305000902026,ComprasGov,Serviço,False,True,1,Participação exclusiva para ME/EPP,True
COMPRASGOV-F34E71531C4A,Setti,132/2026,132,2026,3754,São Paulo,ESP-HOSPITAL UNIVERSITÁRIO - USP,63025530000104,UNIVERSIDADE DE SAO PAULO,E,São Paulo,2154819.6,,2026-09-23 15:05:00,2026-10-08 09:00:00,Pregão - Eletrônico,Aberto-Fechado,Divulgada no PNCP,False,https://pncp.gov.br/app/editais/63025530000104/2026/3754,https://cnetmobile.estaleiro.serpro.gov.br/comprasnet-web/public/compras/acompanhamento-compra?compra=10212705001322026,ComprasGov,Serviço,False,True,2,Não se aplica,True
LICITANET-7D332A6EA56F,Setti,003/2026,003,2026,8,BA,CÂMARA MUNICIPAL DE MORPARÁ - BA,63084727000114,MORPARA CAMARA MUNICIPAL,M,Morpará,85860.0,,2026-09-20 17:34:46,2026-09-30 08:30:00,Pregão - Eletrônico,Aberto-Fechado,Divulgada no PNCP,False,https://pncp.gov.br/app/editais/63084727000114/2026/8,https://licitanet.com.br/sessao/202110,Licitanet,Material,True,False,3,Sem benefício,False
CAM-A2B04BA955A3,Cabala,PE 429/2026,PE 429,2026,95,AM,FUNDAÃ‡ÃƒO DE HEMATOLOGIA E HEMOTERAPIA DO AMAZONAS,63678320000115,FUNDACAO HOSPITALAR DE HEMATOLOGIA E HEMOTERAPIA DO AMAZONAS,E,Manaus,0.0,,2026-09-17 12:31:12,2026-10-01 09:15:00,Pregão - Eletrônico,Aberto,Divulgada no PNCP,False,https://pncp.gov.br/app/editais/63678320000115/2026/95,https://www.e-compras.am.gov.br/publico/licitacoes_detalhes.asp?ident=256231,Compras AM,Material,True,False,2,Não se aplica,True
CAM-A2B04BA955A3,Divena,PE 429/2026,PE 429,2026,95,AM,FUNDAÃ‡ÃƒO DE HEMATOLOGIA E HEMOTERAPIA DO AMAZONAS,63678320000115,FUNDACAO HOSPITALAR DE HEMATOLOGIA E HEMOTERAPIA DO AMAZONAS,E,Manaus,0.0,,2026-09-17 12:31:12,2026-10-01 09:15:00,Pregão - Eletrônico,Aberto,Divulgada no PNCP,False,https://pncp.gov.br/app/editais/63678320000115/2026/95,https://www.e-compras.am.gov.br/publico/licitacoes_detalhes.asp?ident=256231,Compras AM,Material,True,False,2,Não se aplica,True
LICITANET-A8779DCF9530,Divena,046/2026,046,2026,104,Rondônia,MUNICÍPIO DE ALTO PARAÍSO/RO,63762025000142,MUNICIPIO DE ALTO PARAISO,M,Alto Paraíso,826666.67,,2026-09-03 23:34:51,2026-09-16 10:00:00,Pregão - Eletrônico,Aberto,Divulgada no PNCP,True,https://pncp.gov.br/app/editais/63762025000142/2026/104,https://licitanet.com.br/sessao/199878,Licitanet,Material,True,False,1,Sem benefício,False
LICITANET-A8779DCF9530,Mercedes,046/2026,046,2026,104,Rondônia,MUNICÍPIO DE ALTO PARAÍSO/RO,63762025000142,MUNICIPIO DE ALTO PARAISO,M,Alto Paraíso,826666.67,,2026-09-03 23:34:51,2026-09-16 10:00:00,Pregão - Eletrônico,Aberto,Divulgada no PNCP,True,https://pncp.gov.br/app/editais/63762025000142/2026/104,https://licitanet.com.br/sessao/199878,Licitanet,Material,True,False,1,Sem benefício,False
SP-75C8825BB21F,Air Liquide,61/2026,61,2026,241,São Paulo,SECRETARIA MUNICIPAL DE SAÚDE/FUNDO MUNICIPAL DE SAÚDE,64037815000128,MUNICIPIO DE CAJATI,M,Cajati,347780.8,,2026-08-13 17:34:52,2026-08-31 08:59:00,Pregão - Eletrônico,Aberto-Fechado,Divulgada no PNCP,True,https://pncp.gov.br/app/editais/64037815000128/2026/241,,SP,Material,True,False,5,Sem benefício,False
PR-841F0460F151,Hexis,1093/2026,1093,2026,581,PR,IAT - Instituto Água e Terra (Antigo IAP),68596162000178,INSTITUTO AGUA E TERRA,E,Curitiba,316631.62,,2026-09-23 10:00:13,2026-10-05 09:30:00,Pregão - Eletrônico,Aberto,Divulgada no PNCP,False,https://pncp.gov.br/app/editais/68596162000178/2026/581,www.transparencia.pr.gov.br/pte/compras/licitacoes/pesquisar-param?numprocesso=1093&ano=2026&codmodalidade=68,PR,Material,True,False,10,Não se aplica,True
BNC-DD93E1891CEB,Rodobens,007/2026,007,2026,15,PE,Fundo Municipal de Saúde Vertente do Lério,69902112000134,FUNDO MUNICIPAL DE SAUDE - FMS,M,Vertente do Lério,154900.0,,2026-09-28 14:55:07,2026-10-14 08:00:00,Pregão - Eletrônico,Aberto,Divulgada no PNCP,False,https://pncp.gov.br/app/editais/69902112000134/2026/15,https://bnccompras.com/Process/ProcessView?param1=[gkz]t2u5cIzj/xhS1SrMk0GEHPEPQM5Trgtqzylqde8yoEApMz7710r9o0MDC6SFyUfoDuky8U36oGK_epjkUF4FfxLd_mvEit3UdNS2/c1MXuA=,BNC Compras,Material,True,False,1,Sem benefício,False
COMPRASGOV-4032823976C2,Setti,49/2026,49,2026,169,SP,ESP-FED-PROCURADORIA GERAL DO EST-FUNPROGESP,71584833000195,PROCURADORIA GERAL DO ESTADO,E,São Paulo,0.0,,2026-09-22 16:01:50,2026-10-08 09:00:00,Pregão - Eletrônico,Aberto,Divulgada no PNCP,False,https://pncp.gov.br/app/editais/71584833000195/2026/169,https://cnetmobile.estaleiro.serpro.gov.br/comprasnet-web/public/compras/acompanhamento-compra?compra=40003305000492026,ComprasGov,Serviço,False,True,1,Sem benefício,False
SP-79BC539603A5,Air Liquide,18/2026,18,2026,26,São Paulo,PREFEITURA MUNICIPAL DE TABATINGA,71989685000199,MUNICIPIO DE TABATINGA,M,Tabatinga,927031.4,,2026-08-28 14:40:35,2026-09-16 08:00:00,Pregão - Eletrônico,Aberto,Divulgada no PNCP,True,https://pncp.gov.br/app/editais/71989685000199/2026/26,http://189.20.141.242:8079/comprasedital,SP,Misto,True,True,3,Não se aplica; Participação exclusiva para ME/EPP,True
BLL-7A111422DA87,Hexis,33/2026,33,2026,84,SP,"SUPERINTENDÊNCIA DE ÁGUA, ESGOTOS E MEIO AMBIENTE DE VOTUPORANGA - SP",72962806000171,"SUPERINTENDENCIA DE AGUA, ESGOTOS E MEIO AMBIENTE DE VOTUPORANGA",M,Votuporanga,270493.42,,2026-09-17 08:14:33,2026-10-21 08:00:00,Pregão - Eletrônico,Aberto,Divulgada no PNCP,False,https://pncp.gov.br/app/editais/72962806000171/2026/84,https://bllcompras.com/Process/ProcessView?param1=[gkz]LamlAmlVTPuy4hDlyDr5hTx4TcyOYhIsfzpKK0yu4v_COemFKVd7eoUY3rDMxoh0n/gCcuveSsfUuhFwW2bOaAuF7UvyHa/L37jq6ZjTC68=,BLL Compras,Material,True,False,10,Sem benefício,False
BLL-7C8DA1A8033F,Hexis,33/2026,33,2026,85,SP,"SUPERINTENDÊNCIA DE ÁGUA, ESGOTOS E MEIO AMBIENTE DE VOTUPORANGA - SP",72962806000171,"SUPERINTENDENCIA DE AGUA, ESGOTOS E MEIO AMBIENTE DE VOTUPORANGA",M,Votuporanga,270493.42,,2026-09-21 09:44:00,2026-10-01 08:00:00,Pregão - Eletrônico,Aberto,Divulgada no PNCP,False,https://pncp.gov.br/app/editais/72962806000171/2026/85,https://bllcompras.com/Process/ProcessView?param1=[gkz]Ynh18QSNOP17TGl6a981cSAsvc895pc1svEJpVuSiL2avDalQuoc4OZBw9Sbk6zHtUJ_CgFUpz3SAa3gPCp5nyQYHIZU1oy3YwDxTrH_S6A=,BLL Compras,Material,True,False,10,Participação exclusiva para ME/EPP,True
BLL-7C8DA1A8033F,Watson-Marlow,33/2026,33,2026,85,SP,"SUPERINTENDÊNCIA DE ÁGUA, ESGOTOS E MEIO AMBIENTE DE VOTUPORANGA - SP",72962806000171,"SUPERINTENDENCIA DE AGUA, ESGOTOS E MEIO AMBIENTE DE VOTUPORANGA",M,Votuporanga,270493.42,,2026-09-21 09:44:00,2026-10-01 08:00:00,Pregão - Eletrônico,Aberto,Divulgada no PNCP,False,https://pncp.gov.br/app/editais/72962806000171/2026/85,https://bllcompras.com/Process/ProcessView?param1=[gkz]Ynh18QSNOP17TGl6a981cSAsvc895pc1svEJpVuSiL2avDalQuoc4OZBw9Sbk6zHtUJ_CgFUpz3SAa3gPCp5nyQYHIZU1oy3YwDxTrH_S6A=,BLL Compras,Material,True,False,10,Participação exclusiva para ME/EPP,True
COMPRASGOV-C9BCE0094B9C,Educantes,621/2026,621,2026,507,PR,UNIVERSIDADE FEDERAL DO PARANA,75095679000149,UNIVERSIDADE FEDERAL DO PARANA,F,Curitiba,59276.0,,2026-09-24 15:55:38,2026-09-29 09:00:00,Dispensa,Dispensa Com Disputa,Divulgada no PNCP,False,https://pncp.gov.br/app/editais/75095679000149/2026/507,https://cnetmobile.estaleiro.serpro.gov.br/comprasnet-web/public/compras/acompanhamento-compra?compra=15307906006212026,ComprasGov,Serviço,False,True,4,Participação exclusiva para ME/EPP,True
COMPRASGOV-054ACBBE630F,Divena,54/2026,54,2026,299,Paraná,UNIVERSIDADE TECNOLÓGICA FEDERAL DO PARANÁ,75101873000190,UNIVERSIDADE TECNOLOGICA FEDERAL DO PARANA,F,Curitiba,9140000.0,,2026-08-06 04:00:11,2026-09-10 09:00:00,Pregão - Eletrônico,Aberto,Divulgada no PNCP,True,https://pncp.gov.br/app/editais/75101873000190/2026/299,https://cnetmobile.estaleiro.serpro.gov.br/comprasnet-web/public/compras/acompanhamento-compra?compra=15301905000542026,ComprasGov,Material,True,False,2,Sem benefício,False
COMPRASGOV-054ACBBE630F,Mercedes,54/2026,54,2026,299,Paraná,UNIVERSIDADE TECNOLÓGICA FEDERAL DO PARANÁ,75101873000190,UNIVERSIDADE TECNOLOGICA FEDERAL DO PARANA,F,Curitiba,9140000.0,,2026-08-06 04:00:11,2026-09-10 09:00:00,Pregão - Eletrônico,Aberto,Divulgada no PNCP,True,https://pncp.gov.br/app/editais/75101873000190/2026/299,https://cnetmobile.estaleiro.serpro.gov.br/comprasnet-web/public/compras/acompanhamento-compra?compra=15301905000542026,ComprasGov,Material,True,False,2,Sem benefício,False
COMPRASGOV-054ACBBE630F,Rodobens,54/2026,54,2026,299,Paraná,UNIVERSIDADE TECNOLÓGICA FEDERAL DO PARANÁ,75101873000190,UNIVERSIDADE TECNOLOGICA FEDERAL DO PARANA,F,Curitiba,9140000.0,,2026-08-06 04:00:11,2026-09-10 09:00:00,Pregão - Eletrônico,Aberto,Divulgada no PNCP,True,https://pncp.gov.br/app/editais/75101873000190/2026/299,https://cnetmobile.estaleiro.serpro.gov.br/comprasnet-web/public/compras/acompanhamento-compra?compra=15301905000542026,ComprasGov,Material,True,False,2,Sem benefício,False
COMPRASGOV-331DCB1DADE6,Hexis,146/2026,146,2026,368,Paraná,UNIVERSIDADE TECNOLÓGICA FEDERAL DO PARANÁ,75101873000190,UNIVERSIDADE TECNOLOGICA FEDERAL DO PARANA,F,Curitiba,464345.01,,2026-09-03 04:00:03,2026-09-17 09:00:00,Pregão - Eletrônico,Aberto,Divulgada no PNCP,True,https://pncp.gov.br/app/editais/75101873000190/2026/368,https://cnetmobile.estaleiro.serpro.gov.br/comprasnet-web/public/compras/acompanhamento-compra?compra=15317605001462026,ComprasGov,Material,True,False,10,Não se aplica,True
COMPRASGOV-50557AFEAC59,PHD,72/2026,72,2026,385,Paraná,UNIVERSIDADE TECNOLÓGICA FEDERAL DO PARANÁ,75101873000190,UNIVERSIDADE TECNOLOGICA FEDERAL DO PARANA,F,Curitiba,67730.91,,2026-09-09 04:00:10,2026-09-21 09:00:00,Pregão - Eletrônico,Fechado-Aberto,Divulgada no PNCP,False,https://pncp.gov.br/app/editais/75101873000190/2026/385,https://cnetmobile.estaleiro.serpro.gov.br/comprasnet-web/public/compras/acompanhamento-compra?compra=15317805000722026,ComprasGov,Material,True,False,1,Participação exclusiva para ME/EPP,True
BLL-FAF403BE7674,Mercedes,0000018/2026,0000018,2026,71,Paraná,PREFEITURA MUNICIPAL DE ALVORADA DO SUL - PR,75132860000188,MUNICIPIO DE ALVORADA DO SUL,M,Alvorada do Sul,1236666.67,,2026-08-12 09:26:40,2026-08-26 08:30:00,Pregão - Eletrônico,Aberto,Divulgada no PNCP,False,https://pncp.gov.br/app/editais/75132860000188/2026/71,https://bllcompras.com/Process/ProcessView?param1=[gkz]B/GNyScZxet5L1rAunf5Fp0sEktFJWdII79mEG3iPNWKsyy3_kxrmUEHltuOJSjsVdAsmDqL3JFVOXp5uB74nSDOvTpNNN6gGI5XgNnoP9o=,BLL Compras,Material,True,False,1,Sem benefício,False
BLL-FAF403BE7674,Divena,0000018/2026,0000018,2026,71,Paraná,PREFEITURA MUNICIPAL DE ALVORADA DO SUL - PR,75132860000188,MUNICIPIO DE ALVORADA DO SUL,M,Alvorada do Sul,1236666.67,,2026-08-12 09:26:40,2026-08-26 08:30:00,Pregão - Eletrônico,Aberto,Divulgada no PNCP,False,https://pncp.gov.br/app/editais/75132860000188/2026/71,https://bllcompras.com/Process/ProcessView?param1=[gkz]B/GNyScZxet5L1rAunf5Fp0sEktFJWdII79mEG3iPNWKsyy3_kxrmUEHltuOJSjsVdAsmDqL3JFVOXp5uB74nSDOvTpNNN6gGI5XgNnoP9o=,BLL Compras,Material,True,False,1,Sem benefício,False
BLL-FAF403BE7674,Rodobens,0000018/2026,0000018,2026,71,Paraná,PREFEITURA MUNICIPAL DE ALVORADA DO SUL - PR,75132860000188,MUNICIPIO DE ALVORADA DO SUL,M,Alvorada do Sul,1236666.67,,2026-08-12 09:26:40,2026-08-26 08:30:00,Pregão - Eletrônico,Aberto,Divulgada no PNCP,False,https://pncp.gov.br/app/editais/75132860000188/2026/71,https://bllcompras.com/Process/ProcessView?param1=[gkz]B/GNyScZxet5L1rAunf5Fp0sEktFJWdII79mEG3iPNWKsyy3_kxrmUEHltuOJSjsVdAsmDqL3JFVOXp5uB74nSDOvTpNNN6gGI5XgNnoP9o=,BLL Compras,Material,True,False,1,Sem benefício,False
PR-E442ADBE65C6,Mercedes,24/2026,24,2026,68,Paraná,Unidade administrativa,75370148000117,MUNICIPIO DE PEABIRU,M,Peabiru,972333.33,,2026-09-02 08:49:16,2026-09-17 08:45:00,Pregão - Eletrônico,Aberto,Divulgada no PNCP,False,https://pncp.gov.br/app/editais/75370148000117/2026/68,,PR,Material,True,False,1,Sem benefício,False
PR-E442ADBE65C6,Divena,24/2026,24,2026,68,Paraná,Unidade administrativa,75370148000117,MUNICIPIO DE PEABIRU,M,Peabiru,972333.33,,2026-09-02 08:49:16,2026-09-17 08:45:00,Pregão - Eletrônico,Aberto,Divulgada no PNCP,False,https://pncp.gov.br/app/editais/75370148000117/2026/68,,PR,Material,True,False,1,Sem benefício,False
PR-2C33FC1AEA54,Air Liquide,43 | Processo 108/2026,43 | Processo 108,2026,106,Paraná,PREFEITURA MUNICIPAL,75443812000100,MUNICIPIO DE GUAPIRAMA,M,Guapirama,548141.5,,2026-08-12 16:38:31,2026-08-26 08:00:00,Pregão - Eletrônico,Aberto-Fechado,Divulgada no PNCP,True,https://pncp.gov.br/app/editais/75443812000100/2026/106, ,PR,Material,True,False,10,Não se aplica; Participação exclusiva para ME/EPP,True
COMPRASGOV-24E60A8F7F02,Divena,2/2026,2,2026,52,Paraná,PREFEITURA MUNICIPAL STO. ANTONIO DO CAIUA-PR,75483230000158,MUNICIPIO DE SANTO ANTONIO DO CAIUA,M,Santo Antônio do Caiuá,436198.35,,2026-08-18 19:11:40,2026-09-09 09:00:00,Pregão - Eletrônico,Aberto-Fechado,Divulgada no PNCP,False,https://pncp.gov.br/app/editais/75483230000158/2026/52,https://cnetmobile.estaleiro.serpro.gov.br/comprasnet-web/public/compras/acompanhamento-compra?compra=98786105000022026,ComprasGov,Material,True,False,1,Sem benefício,False
COMPRASGOV-24E60A8F7F02,Mercedes,2/2026,2,2026,52,Paraná,PREFEITURA MUNICIPAL STO. ANTONIO DO CAIUA-PR,75483230000158,MUNICIPIO DE SANTO ANTONIO DO CAIUA,M,Santo Antônio do Caiuá,436198.35,,2026-08-18 19:11:40,2026-09-09 09:00:00,Pregão - Eletrônico,Aberto-Fechado,Divulgada no PNCP,False,https://pncp.gov.br/app/editais/75483230000158/2026/52,https://cnetmobile.estaleiro.serpro.gov.br/comprasnet-web/public/compras/acompanhamento-compra?compra=98786105000022026,ComprasGov,Material,True,False,1,Sem benefício,False
COMPRASGOV-24E60A8F7F02,Cabala,2/2026,2,2026,52,Paraná,PREFEITURA MUNICIPAL STO. ANTONIO DO CAIUA-PR,75483230000158,MUNICIPIO DE SANTO ANTONIO DO CAIUA,M,Santo Antônio do Caiuá,436198.35,,2026-08-18 19:11:40,2026-09-09 09:00:00,Pregão - Eletrônico,Aberto-Fechado,Divulgada no PNCP,False,https://pncp.gov.br/app/editais/75483230000158/2026/52,https://cnetmobile.estaleiro.serpro.gov.br/comprasnet-web/public/compras/acompanhamento-compra?compra=98786105000022026,ComprasGov,Material,True,False,1,Sem benefício,False
COMPRASGOV-8293E91B2273,Air Liquide,36/2026,36,2026,249,PR,PREFEITURA MUN. DE TERRA ROXA - PR,75587204000170,MUNICIPIO DE TERRA ROXA,M,Terra Roxa,20408.0,,2026-09-28 16:29:26,2026-10-14 09:00:00,Pregão - Eletrônico,Aberto,Divulgada no PNCP,True,https://pncp.gov.br/app/editais/75587204000170/2026/249,https://cnetmobile.estaleiro.serpro.gov.br/comprasnet-web/public/compras/acompanhamento-compra?compra=98792105000362026,ComprasGov,Material,True,False,3,Participação exclusiva para ME/EPP,True
BLL-CF18DCB35E1C,Air Liquide,055/2026,055,2026,91,Paraná,PREFEITURA MUNICIPAL DE GENERAL CARNEIRO - PR,75687681000107,MUNICIPIO DE GENERAL CARNEIRO,M,General Carneiro,286968.4,,2026-09-09 16:13:56,2026-09-18 08:00:00,Pregão - Eletrônico,Aberto,Divulgada no PNCP,True,https://pncp.gov.br/app/editais/75687681000107/2026/91,https://bllcompras.com/Process/ProcessView?param1=[gkz]dG0B9B8s/6kM8cJOAXO92szp_h4ZE54RDFacpnisnfFNlaCBMeQTThBRqLz01gcdi2UvJzNpmFA6zfbM5VRSSmbzU0c7EjXS4XU9bCabO1A=,BLL Compras,Material,True,False,6,Sem benefício,False
COMPRASGOV-8C5F28DD918C,Divena,31/2026,31,2026,298,PR,PREFEITURA MUNICIPAL DE APUCARANA/PR,75771253000168,MUNICIPIO DE APUCARANA,M,Apucarana,29014746.72,,2026-09-23 15:43:53,2026-10-06 09:00:00,Pregão - Eletrônico,Aberto-Fechado,Divulgada no PNCP,True,https://pncp.gov.br/app/editais/75771253000168/2026/298,https://cnetmobile.estaleiro.serpro.gov.br/comprasnet-web/public/compras/acompanhamento-compra?compra=98742505000312026,ComprasGov,Material,True,False,8,Não se aplica,True
COMPRASGOV-8C5F28DD918C,Rodobens,31/2026,31,2026,298,PR,PREFEITURA MUNICIPAL DE APUCARANA/PR,75771253000168,MUNICIPIO DE APUCARANA,M,Apucarana,29014746.72,,2026-09-23 15:43:53,2026-10-06 09:00:00,Pregão - Eletrônico,Aberto-Fechado,Divulgada no PNCP,True,https://pncp.gov.br/app/editais/75771253000168/2026/298,https://cnetmobile.estaleiro.serpro.gov.br/comprasnet-web/public/compras/acompanhamento-compra?compra=98742505000312026,ComprasGov,Material,True,False,8,Não se aplica,True
COMPRASGOV-8C5F28DD918C,Rodobens,31/2026,31,2026,298,PR,PREFEITURA MUNICIPAL DE APUCARANA/PR,75771253000168,MUNICIPIO DE APUCARANA,M,Apucarana,29014746.72,,2026-09-23 15:43:53,2026-10-06 09:00:00,Pregão - Eletrônico,Aberto-Fechado,Divulgada no PNCP,True,https://pncp.gov.br/app/editais/75771253000168/2026/298,https://cnetmobile.estaleiro.serpro.gov.br/comprasnet-web/public/compras/acompanhamento-compra?compra=98742505000312026,ComprasGov,Material,True,False,8,Não se aplica,True
PR-EF35B664CF28,Divena,PCE 64/2026,PCE 64,2026,300,PR,Secretaria de Serviços Públicos,75771253000168,MUNICIPIO DE APUCARANA,M,Apucarana,29014746.72,,2026-09-23 15:57:19,2026-10-06 09:00:00,Pregão - Eletrônico,Aberto-Fechado,Divulgada no PNCP,True,https://pncp.gov.br/app/editais/75771253000168/2026/300,,PR,Material,True,False,8,Sem benefício,False
PR-EF35B664CF28,Mercedes,PCE 64/2026,PCE 64,2026,300,PR,Secretaria de Serviços Públicos,75771253000168,MUNICIPIO DE APUCARANA,M,Apucarana,29014746.72,,2026-09-23 15:57:19,2026-10-06 09:00:00,Pregão - Eletrônico,Aberto-Fechado,Divulgada no PNCP,True,https://pncp.gov.br/app/editais/75771253000168/2026/300,,PR,Material,True,False,8,Sem benefício,False
PR-EF35B664CF28,Rodobens,PCE 64/2026,PCE 64,2026,300,PR,Secretaria de Serviços Públicos,75771253000168,MUNICIPIO DE APUCARANA,M,Apucarana,29014746.72,,2026-09-23 15:57:19,2026-10-06 09:00:00,Pregão - Eletrônico,Aberto-Fechado,Divulgada no PNCP,True,https://pncp.gov.br/app/editais/75771253000168/2026/300,,PR,Material,True,False,8,Sem benefício,False
COMPRASGOV-2972F70991AC,Air Liquide,32/2026,32,2026,365,Paraná,PREFEITURA MUNICIPAL DE LONDRINA - PR,75771477000170,MUNICIPIO DE LONDRINA,M,Londrina,8515874.4,,2026-08-31 15:50:42,2026-09-16 13:00:00,Pregão - Eletrônico,Aberto,Divulgada no PNCP,False,https://pncp.gov.br/app/editais/75771477000170/2026/365,https://cnetmobile.estaleiro.serpro.gov.br/comprasnet-web/public/compras/acompanhamento-compra?compra=98766705000322026,ComprasGov,Material,True,False,6,Não se aplica,True
PR-97249E2DB745,Air Liquide,27/2026,27,2026,113,PR,UNIDADE ADMINISTRATIVA,75845537000151,MUNICIPIO DE GUARACI,M,Guaraci,290099.5,,2026-09-24 15:47:21,2026-10-09 08:00:00,Pregão - Eletrônico,Aberto,Divulgada no PNCP,True,https://pncp.gov.br/app/editais/75845537000151/2026/113,,PR,Material,True,False,6,Não se aplica,True
BLL-344833DE2BB0,Air Liquide,31/2026,31,2026,82,Paraná,PREFEITURA MUNICIPAL DE JABOTI - PR,75969667000104,MUNICIPIO DE JABOTI,M,Jaboti,213326.0,,2026-08-20 10:40:28,2026-09-04 09:00:00,Pregão - Eletrônico,Aberto,Divulgada no PNCP,False,https://pncp.gov.br/app/editais/75969667000104/2026/82,https://bllcompras.com/Process/ProcessView?param1=[gkz]dKyY3KwSVrtgE4PEeGsqZGblQ/Z65x8jm7Pj8NvGIOt0faz5aSNZMKq9_rab1zhLNkAWdIeKoG86MsqFE8ZxyGFYgK3tT5gChfV7RBTXCBA=,BLL Compras,Material,True,False,4,Sem benefício,False
BLL-A9B0E8DDA43E,Divena,35/2026,35,2026,78,PR,PREFEITURA MUNICIPAL DE JAPIRA - PR,75969881000152,MUNICIPIO DE JAPIRA,M,Japira,903333.3,,2026-09-23 16:53:18,2026-10-08 08:30:00,Pregão - Eletrônico,Aberto,Divulgada no PNCP,False,https://pncp.gov.br/app/editais/75969881000152/2026/78,https://bllcompras.com/Process/ProcessView?param1=[gkz]y6gnsdTExyKv308XCcyCX6y4i6qSTnQgFJV419Fvf2DuwV7WYX_cBW5bSpHPgazcS056dSMrd2VUBqUKsejifeJZh7qKpxs64KUeJ65LWeI=,BLL Compras,Material,True,False,1,Sem benefício,False
BLL-A9B0E8DDA43E,Cabala,35/2026,35,2026,78,PR,PREFEITURA MUNICIPAL DE JAPIRA - PR,75969881000152,MUNICIPIO DE JAPIRA,M,Japira,903333.3,,2026-09-23 16:53:18,2026-10-08 08:30:00,Pregão - Eletrônico,Aberto,Divulgada no PNCP,False,https://pncp.gov.br/app/editais/75969881000152/2026/78,https://bllcompras.com/Process/ProcessView?param1=[gkz]y6gnsdTExyKv308XCcyCX6y4i6qSTnQgFJV419Fvf2DuwV7WYX_cBW5bSpHPgazcS056dSMrd2VUBqUKsejifeJZh7qKpxs64KUeJ65LWeI=,BLL Compras,Material,True,False,1,Sem benefício,False
COMPRASGOV-994D8E1DAFAE,Air Liquide,25/2026,25,2026,352,PR,PREFEITURA MUNICIPAL DE RIO NEGRO/PR,76002641000147,MUNICIPIO DE RIO NEGRO,M,Rio Negro,62510.45,,2026-09-23 16:13:52,2026-10-07 08:30:00,Pregão - Eletrônico,Aberto-Fechado,Divulgada no PNCP,True,https://pncp.gov.br/app/editais/76002641000147/2026/352,https://cnetmobile.estaleiro.serpro.gov.br/comprasnet-web/public/compras/acompanhamento-compra?compra=98782305000252026,ComprasGov,Material,True,False,3,Não se aplica,True
PR-A7B3C00F36F2,Mercedes,PCE 65/2026,PCE 65,2026,103,Paraná,Gabinete do Secretário,76017466000161,MUNICIPIO DE MATINHOS,M,Matinhos,18673333.42,,2026-08-06 11:41:23,2026-09-23 08:30:00,Pregão - Eletrônico,Aberto,Divulgada no PNCP,True,https://pncp.gov.br/app/editais/76017466000161/2026/103,,PR,Material,True,False,2,Sem benefício,False
PR-A7B3C00F36F2,Divena,PCE 65/2026,PCE 65,2026,103,Paraná,Gabinete do Secretário,76017466000161,MUNICIPIO DE MATINHOS,M,Matinhos,18673333.42,,2026-08-06 11:41:23,2026-09-23 08:30:00,Pregão - Eletrônico,Aberto,Divulgada no PNCP,True,https://pncp.gov.br/app/editais/76017466000161/2026/103,,PR,Material,True,False,2,Sem benefício,False
PR-A7B3C00F36F2,Rodobens,PCE 65/2026,PCE 65,2026,103,Paraná,Gabinete do Secretário,76017466000161,MUNICIPIO DE MATINHOS,M,Matinhos,18673333.42,,2026-08-06 11:41:23,2026-09-23 08:30:00,Pregão - Eletrônico,Aberto,Divulgada no PNCP,True,https://pncp.gov.br/app/editais/76017466000161/2026/103,,PR,Material,True,False,2,Sem benefício,False
COMPRASGOV-BBF42211BA63,Air Liquide,43/2026,43,2026,210,Paraná,PREFEITURA MUNICIPAL DA LAPA - PR,76020452000105,MUNICIPIO DA LAPA,M,Lapa,1592091.84,,2026-08-10 16:59:49,2026-08-31 09:30:00,Pregão - Eletrônico,Aberto-Fechado,Divulgada no PNCP,False,https://pncp.gov.br/app/editais/76020452000105/2026/210,https://cnetmobile.estaleiro.serpro.gov.br/comprasnet-web/public/compras/acompanhamento-compra?compra=98765705000432026,ComprasGov,Misto,True,True,10,Sem benefício,False
PR-CD011D539809,Air Liquide,PCE 43/2026,PCE 43,2026,211,Paraná,PREFEITURA MUNICIPAL DA LAPA - PR,76020452000105,MUNICIPIO DA LAPA,M,Lapa,1592091.84,,2026-08-10 17:07:10,2026-09-23 09:29:00,Pregão - Eletrônico,Aberto-Fechado,Divulgada no PNCP,False,https://pncp.gov.br/app/editais/76020452000105/2026/211,,PR,Misto,True,True,10,Sem benefício,False
COMPRASGOV-88C27032A83C,Divena,50/2026,50,2026,240,Paraná,PREFEITURA MUNICIPAL DA LAPA - PR,76020452000105,MUNICIPIO DA LAPA,M,Lapa,6868779.5,,2026-09-16 15:31:20,2026-09-30 09:30:00,Pregão - Eletrônico,Aberto-Fechado,Divulgada no PNCP,False,https://pncp.gov.br/app/editais/76020452000105/2026/240,https://cnetmobile.estaleiro.serpro.gov.br/comprasnet-web/public/compras/acompanhamento-compra?compra=98765705000502026,ComprasGov,Material,True,False,6,Sem benefício,False
COMPRASGOV-88C27032A83C,Cabala,50/2026,50,2026,240,Paraná,PREFEITURA MUNICIPAL DA LAPA - PR,76020452000105,MUNICIPIO DA LAPA,M,Lapa,6868779.5,,2026-09-16 15:31:20,2026-09-30 09:30:00,Pregão - Eletrônico,Aberto-Fechado,Divulgada no PNCP,False,https://pncp.gov.br/app/editais/76020452000105/2026/240,https://cnetmobile.estaleiro.serpro.gov.br/comprasnet-web/public/compras/acompanhamento-compra?compra=98765705000502026,ComprasGov,Material,True,False,6,Sem benefício,False
COMPRASGOV-88C27032A83C,Mercedes,50/2026,50,2026,240,Paraná,PREFEITURA MUNICIPAL DA LAPA - PR,76020452000105,MUNICIPIO DA LAPA,M,Lapa,6868779.5,,2026-09-16 15:31:20,2026-09-30 09:30:00,Pregão - Eletrônico,Aberto-Fechado,Divulgada no PNCP,False,https://pncp.gov.br/app/editais/76020452000105/2026/240,https://cnetmobile.estaleiro.serpro.gov.br/comprasnet-web/public/compras/acompanhamento-compra?compra=98765705000502026,ComprasGov,Material,True,False,6,Sem benefício,False
COMPRASGOV-88C27032A83C,Divena,50/2026,50,2026,240,Paraná,PREFEITURA MUNICIPAL DA LAPA - PR,76020452000105,MUNICIPIO DA LAPA,M,Lapa,6868779.5,,2026-09-16 15:31:20,2026-09-30 09:30:00,Pregão - Eletrônico,Aberto-Fechado,Divulgada no PNCP,False,https://pncp.gov.br/app/editais/76020452000105/2026/240,https://cnetmobile.estaleiro.serpro.gov.br/comprasnet-web/public/compras/acompanhamento-compra?compra=98765705000502026,ComprasGov,Material,True,False,6,Sem benefício,False
COMPRASBR-73FD0620B95C,Cabala,31/2026,31,2026,91,PR,Prefeitura Municipal de Guaraqueçaba - PR,76022508000152,MUNICIPIO DE GUARAQUECABA,M,Guaraqueçaba,1524747.44,,2026-09-16 17:15:35,2026-09-30 13:59:00,Pregão - Eletrônico,Aberto,Divulgada no PNCP,True,https://pncp.gov.br/app/editais/76022508000152/2026/91,https://comprasbr.com.br/pregao-eletronico-detalhe/?idlicitacao=47836,Compras BR,Material,True,False,5,Não se aplica,True
COMPRASBR-73FD0620B95C,Divena,31/2026,31,2026,91,PR,Prefeitura Municipal de Guaraqueçaba - PR,76022508000152,MUNICIPIO DE GUARAQUECABA,M,Guaraqueçaba,1524747.44,,2026-09-16 17:15:35,2026-09-30 13:59:00,Pregão - Eletrônico,Aberto,Divulgada no PNCP,True,https://pncp.gov.br/app/editais/76022508000152/2026/91,https://comprasbr.com.br/pregao-eletronico-detalhe/?idlicitacao=47836,Compras BR,Material,True,False,5,Não se aplica,True
COMPRASBR-73FD0620B95C,Rodobens,31/2026,31,2026,91,PR,Prefeitura Municipal de Guaraqueçaba - PR,76022508000152,MUNICIPIO DE GUARAQUECABA,M,Guaraqueçaba,1524747.44,,2026-09-16 17:15:35,2026-09-30 13:59:00,Pregão - Eletrônico,Aberto,Divulgada no PNCP,True,https://pncp.gov.br/app/editais/76022508000152/2026/91,https://comprasbr.com.br/pregao-eletronico-detalhe/?idlicitacao=47836,Compras BR,Material,True,False,5,Não se aplica,True
COMPRASGOV-1020A1BF534C,Air Liquide,27/2026,27,2026,291,Paraná,MPR-PREFEITURA MUNICIPAL DE ARAUCÁRIA,76105535000199,MUNICIPIO DE ARAUCARIA,M,Araucária,811992.0,,2026-07-31 14:34:45,2026-09-25 08:59:00,Pregão - Eletrônico,Aberto-Fechado,Divulgada no PNCP,False,https://pncp.gov.br/app/editais/76105535000199/2026/291,https://cnetmobile.estaleiro.serpro.gov.br/comprasnet-web/public/compras/acompanhamento-compra?compra=92553205000272026,ComprasGov,Serviço,False,True,1,Não se aplica,True
COMPRASGOV-A04777F6F2EB,Air Liquide,131/2026,131,2026,96,Paraná,PREFEITURA MUNICIPAL DE MANDIRITUBA - PR,76105550000137,MUNICIPIO DE MANDIRITUBA,M,Mandirituba,356435.2,,2026-09-10 10:29:53,2026-09-24 09:00:00,Pregão - Eletrônico,Aberto-Fechado,Divulgada no PNCP,True,https://pncp.gov.br/app/editais/76105550000137/2026/96,https://cnetmobile.estaleiro.serpro.gov.br/comprasnet-web/public/compras/acompanhamento-compra?compra=45597805001312026,ComprasGov,Material,True,False,6,Cota reservada para ME/EPP; Participação exclusiva para ME/EPP,True
PR-6A56705C7F6D,Divena,24/2026,24,2026,82,PR,Prefeitura Municipal de Campina Grande do Sul - PR,76105600000186,MUNICIPIO DE CAMPINA GRANDE DO SUL,M,Campina Grande do Sul,1390076.22,,2026-04-01 14:52:36,2026-10-08 08:59:00,Pregão - Eletrônico,Aberto,Divulgada no PNCP,True,https://pncp.gov.br/app/editais/76105600000186/2026/82,,PR,Material,True,False,2,Não se aplica,True
PR-6A56705C7F6D,Cabala,24/2026,24,2026,82,PR,Prefeitura Municipal de Campina Grande do Sul - PR,76105600000186,MUNICIPIO DE CAMPINA GRANDE DO SUL,M,Campina Grande do Sul,1390076.22,,2026-04-01 14:52:36,2026-10-08 08:59:00,Pregão - Eletrônico,Aberto,Divulgada no PNCP,True,https://pncp.gov.br/app/editais/76105600000186/2026/82,,PR,Material,True,False,2,Não se aplica,True
PR-6A56705C7F6D,Rodobens,24/2026,24,2026,82,PR,Prefeitura Municipal de Campina Grande do Sul - PR,76105600000186,MUNICIPIO DE CAMPINA GRANDE DO SUL,M,Campina Grande do Sul,1390076.22,,2026-04-01 14:52:36,2026-10-08 08:59:00,Pregão - Eletrônico,Aberto,Divulgada no PNCP,True,https://pncp.gov.br/app/editais/76105600000186/2026/82,,PR,Material,True,False,2,Não se aplica,True
PR-F2E1F632DE88,Divena,PCE 66/2026,PCE 66,2026,242,PR,Departamento de Controle e Conservação de Patrimônio,76105634000170,MUNICIPIO DE COLOMBO,M,Colombo,4139927.12,,2026-09-16 15:00:00,2026-10-01 08:00:00,Pregão - Eletrônico,Aberto,Divulgada no PNCP,True,https://pncp.gov.br/app/editais/76105634000170/2026/242,,PR,Material,True,False,10,Sem benefício,False
PR-F2E1F632DE88,Cabala,PCE 66/2026,PCE 66,2026,242,PR,Departamento de Controle e Conservação de Patrimônio,76105634000170,MUNICIPIO DE COLOMBO,M,Colombo,4139927.12,,2026-09-16 15:00:00,2026-10-01 08:00:00,Pregão - Eletrônico,Aberto,Divulgada no PNCP,True,https://pncp.gov.br/app/editais/76105634000170/2026/242,,PR,Material,True,False,10,Sem benefício,False
PR-F2E1F632DE88,Rodobens,PCE 66/2026,PCE 66,2026,242,PR,Departamento de Controle e Conservação de Patrimônio,76105634000170,MUNICIPIO DE COLOMBO,M,Colombo,4139927.12,,2026-09-16 15:00:00,2026-10-01 08:00:00,Pregão - Eletrônico,Aberto,Divulgada no PNCP,True,https://pncp.gov.br/app/editais/76105634000170/2026/242,,PR,Material,True,False,10,Sem benefício,False
BLL-9DC15F2EF6D6,Air Liquide,064/2026,064,2026,163,Paraná,DEPARTAMENTO DE SAUDE,76169879000161,MUNICIPIO DE RESERVA,M,Reserva,235281.5,,2026-08-28 13:27:28,2026-09-15 08:00:00,Pregão - Eletrônico,Aberto,Divulgada no PNCP,True,https://pncp.gov.br/app/editais/76169879000161/2026/163,https://bllcompras.com/Process/ProcessView?param1=[gkz]3X9LZmb5xWjky0jO6olcif8McytyTvyUKl2DPvgUsfnFd8nFR5Lpvc3YPZPz9X3TqpRrmaCgWs6P3eBtX/GchYasBBIcYEwDky7OnF6uEd0=,BLL Compras,Material,True,False,5,Sem benefício,False
PR-7D8950C48C43,Air Liquide,26/2026,26,2026,104,PR,FUNDO MUNICIPAL DE SAÚDE,76179837000101,MUNICIPIO DE PORTO AMAZONAS,M,Porto Amazonas,358304.88,,2026-09-17 10:37:37,2026-09-29 09:00:00,Pregão - Eletrônico,Aberto-Fechado,Divulgada no PNCP,True,https://pncp.gov.br/app/editais/76179837000101/2026/104,,PR,Material,True,False,2,Não se aplica,True
BLL-792D77413CE1,Equilam,57/2026,57,2026,145,Paraná,PREFEITURA MUNICIPAL DE SALTO DO LONTRA - PR,76205707000104,MUNICIPIO DE SALTO DO LONTRA,M,Salto do Lontra,155989.86,,2026-09-10 08:53:04,2026-09-28 08:59:00,Pregão - Eletrônico,Aberto-Fechado,Divulgada no PNCP,False,https://pncp.gov.br/app/editais/76205707000104/2026/145,https://bllcompras.com/Process/ProcessView?param1=[gkz]7k8OFJaetPGGIe5ja_gofxSAvfJNnsHUarCcy0XgqFiUT_heuuc62XtgNARCJW7deYBCy1A7WenDXHJs_5J6OUO6iFcUWHcs0itVkq7Jm3M=,BLL Compras,Material,True,False,7,Sem benefício,False
COMPRASGOV-8F239A3F0DB1,Mercedes,16/2026,16,2026,135,Paraná,PREF.MUN. DE SANTA IZABEL DO OESTE - PR,76205715000142,MUNICIPIO DE SANTA IZABEL DO OESTE,M,Santa Izabel do Oeste,680000.0,,2026-08-05 12:59:48,2026-09-14 08:00:00,Pregão - Eletrônico,Aberto-Fechado,Divulgada no PNCP,False,https://pncp.gov.br/app/editais/76205715000142/2026/135,https://cnetmobile.estaleiro.serpro.gov.br/comprasnet-web/public/compras/acompanhamento-compra?compra=98785105000162026,ComprasGov,Material,True,False,1,Sem benefício,False
COMPRASGOV-8F239A3F0DB1,Divena,16/2026,16,2026,135,Paraná,PREF.MUN. DE SANTA IZABEL DO OESTE - PR,76205715000142,MUNICIPIO DE SANTA IZABEL DO OESTE,M,Santa Izabel do Oeste,680000.0,,2026-08-05 12:59:48,2026-09-14 08:00:00,Pregão - Eletrônico,Aberto-Fechado,Divulgada no PNCP,False,https://pncp.gov.br/app/editais/76205715000142/2026/135,https://cnetmobile.estaleiro.serpro.gov.br/comprasnet-web/public/compras/acompanhamento-compra?compra=98785105000162026,ComprasGov,Material,True,False,1,Sem benefício,False
PR-C6390AFB6445,Divena,81/2026,81,2026,212,PR,GAB DA SECRETARIA DE INFRAESTRUTURA RURAL E URBANA E DE SERVICOS,76205806000188,MUNICIPIO DE TOLEDO,M,Toledo,3688225.5,,2026-09-25 08:11:40,2026-10-09 08:00:00,Pregão - Eletrônico,Aberto,Divulgada no PNCP,False,https://pncp.gov.br/app/editais/76205806000188/2026/212,,PR,Material,True,False,8,Não se aplica,True
PR-C6390AFB6445,Mercedes,81/2026,81,2026,212,PR,GAB DA SECRETARIA DE INFRAESTRUTURA RURAL E URBANA E DE SERVICOS,76205806000188,MUNICIPIO DE TOLEDO,M,Toledo,3688225.5,,2026-09-25 08:11:40,2026-10-09 08:00:00,Pregão - Eletrônico,Aberto,Divulgada no PNCP,False,https://pncp.gov.br/app/editais/76205806000188/2026/212,,PR,Material,True,False,8,Não se aplica,True
PR-C6390AFB6445,Rodobens,81/2026,81,2026,212,PR,GAB DA SECRETARIA DE INFRAESTRUTURA RURAL E URBANA E DE SERVICOS,76205806000188,MUNICIPIO DE TOLEDO,M,Toledo,3688225.5,,2026-09-25 08:11:40,2026-10-09 08:00:00,Pregão - Eletrônico,Aberto,Divulgada no PNCP,False,https://pncp.gov.br/app/editais/76205806000188/2026/212,,PR,Material,True,False,8,Não se aplica,True
COMPRASGOV-34A0B1DD1121,Divena,18/2026,18,2026,233,PR,PREFEITURA MUNUNICIPAL MAR.CANDIDO RONDOM,76205814000124,MUNICIPIO DE MARECHAL CANDIDO RONDON,M,Marechal Cândido Rondon,2707322.65,,2026-08-11 14:23:16,2026-10-21 08:30:00,Pregão - Eletrônico,Aberto,Divulgada no PNCP,False,https://pncp.gov.br/app/editais/76205814000124/2026/233,https://cnetmobile.estaleiro.serpro.gov.br/comprasnet-web/public/compras/acompanhamento-compra?compra=98768305000182026,ComprasGov,Material,True,False,3,Não se aplica,True
COMPRASGOV-34A0B1DD1121,Cabala,18/2026,18,2026,233,PR,PREFEITURA MUNUNICIPAL MAR.CANDIDO RONDOM,76205814000124,MUNICIPIO DE MARECHAL CANDIDO RONDON,M,Marechal Cândido Rondon,2707322.65,,2026-08-11 14:23:16,2026-10-21 08:30:00,Pregão - Eletrônico,Aberto,Divulgada no PNCP,False,https://pncp.gov.br/app/editais/76205814000124/2026/233,https://cnetmobile.estaleiro.serpro.gov.br/comprasnet-web/public/compras/acompanhamento-compra?compra=98768305000182026,ComprasGov,Material,True,False,3,Não se aplica,True
PR-968A42C24562,Divena,PCE 62/2026,PCE 62,2026,235,PR,PE - Fundo Municipal de Saúde,76205814000124,MUNICIPIO DE MARECHAL CANDIDO RONDON,M,Marechal Cândido Rondon,2707322.65,,2026-08-12 11:13:33,2026-10-21 08:29:00,Pregão - Eletrônico,Aberto,Divulgada no PNCP,False,https://pncp.gov.br/app/editais/76205814000124/2026/235,,PR,Material,True,False,3,Sem benefício,False
PR-968A42C24562,Cabala,PCE 62/2026,PCE 62,2026,235,PR,PE - Fundo Municipal de Saúde,76205814000124,MUNICIPIO DE MARECHAL CANDIDO RONDON,M,Marechal Cândido Rondon,2707322.65,,2026-08-12 11:13:33,2026-10-21 08:29:00,Pregão - Eletrônico,Aberto,Divulgada no PNCP,False,https://pncp.gov.br/app/editais/76205814000124/2026/235,,PR,Material,True,False,3,Sem benefício,False
PR-760BBE6352EB,Divena,55/2026,55,2026,153,PR,Municipio de Matelandia,76206465000165,MUNICIPIO DE MATELANDIA,M,Matelândia,336749.08,,2026-09-25 22:02:45,2026-10-09 08:00:00,Pregão - Eletrônico,Aberto,Divulgada no PNCP,False,https://pncp.gov.br/app/editais/76206465000165/2026/153,,PR,Material,True,False,1,Não se aplica,True
PR-760BBE6352EB,Mercedes,55/2026,55,2026,153,PR,Municipio de Matelandia,76206465000165,MUNICIPIO DE MATELANDIA,M,Matelândia,336749.08,,2026-09-25 22:02:45,2026-10-09 08:00:00,Pregão - Eletrônico,Aberto,Divulgada no PNCP,False,https://pncp.gov.br/app/editais/76206465000165/2026/153,,PR,Material,True,False,1,Não se aplica,True
PR-760BBE6352EB,Cabala,55/2026,55,2026,153,PR,Municipio de Matelandia,76206465000165,MUNICIPIO DE MATELANDIA,M,Matelândia,336749.08,,2026-09-25 22:02:45,2026-10-09 08:00:00,Pregão - Eletrônico,Aberto,Divulgada no PNCP,False,https://pncp.gov.br/app/editais/76206465000165/2026/153,,PR,Material,True,False,1,Não se aplica,True
COMPRASGOV-47D4B7E9F7DE,Air Liquide,41/2026,41,2026,394,Paraná,PREFEITURA MUNICIPAL DE CASCAVEL - PR,76208867000107,MUNICIPIO DE CASCAVEL,M,Cascavel,25833.99,,2026-08-12 08:38:18,2026-08-31 09:00:00,Pregão - Eletrônico,Aberto,Divulgada no PNCP,True,https://pncp.gov.br/app/editais/76208867000107/2026/394,https://cnetmobile.estaleiro.serpro.gov.br/comprasnet-web/public/compras/acompanhamento-compra?compra=98749305000412026,ComprasGov,Material,True,False,4,Participação exclusiva para ME/EPP,True
BLL-0E8445B43E1A,Air Liquide,18/2026,18,2026,43,Paraná,PREFEITURA MUNICIPAL DE SANTA AMÉLIA - PR,76235746000146,MUNICIPIO DE SANTA AMELIA,M,Santa Amélia,18362.55,,2026-09-09 16:11:32,2026-10-05 08:00:00,Pregão - Eletrônico,Aberto,Divulgada no PNCP,True,https://pncp.gov.br/app/editais/76235746000146/2026/43,https://bllcompras.com/Process/ProcessView?param1=[gkz]j8a4HLmRED7kkw6VHQnq9tfYt1VkfsaiP4t32ModsoXZz0DVdpm0pcwOAL/NcKS5yXvF_4UylIN4iupIvQ7_Za25CXbDKwKNJxVYbK83R00=,BLL Compras,Serviço,False,True,4,Participação exclusiva para ME/EPP,True
PR-B8DE8872FFA0,Air Liquide,42/2026,42,2026,107,Paraná,Unidade administrativa,76238435000130,MUNICIPIO DE SAO JOAO DO CAIUA,M,São João do Caiuá,133100.0,,2026-09-02 16:29:43,2026-09-16 08:30:00,Pregão - Eletrônico,Aberto,Divulgada no PNCP,False,https://pncp.gov.br/app/editais/76238435000130/2026/107,,PR,Material,True,False,4,Não se aplica,True
PR-F6C4A7CEEEC3,Cabala,66/2026,66,2026,101,PR,UNIDADE ADMINISTRATIVA,76244961000103,MUNICIPIO DE IBIPORA,M,Ibiporã,697364.45,,2026-09-24 07:50:20,2026-10-07 08:40:00,Pregão - Eletrônico,Aberto,Divulgada no PNCP,False,https://pncp.gov.br/app/editais/76244961000103/2026/101,,PR,Material,True,False,2,Não se aplica,True
COMPRASGOV-78AA55745BF2,Divena,340/2026,340,2026,591,Paraná,PREFEITURA MUNICIPAL DE MARINGA - PR,76282656000106,MUNICIPIO DE MARINGA,M,Maringá,17294174.67,,2026-07-30 07:53:21,2026-09-16 08:30:00,Pregão - Eletrônico,Aberto,Divulgada no PNCP,True,https://pncp.gov.br/app/editais/76282656000106/2026/591,https://cnetmobile.estaleiro.serpro.gov.br/comprasnet-web/public/compras/acompanhamento-compra?compra=98769105003402026,ComprasGov,Material,True,False,10,Sem benefício,False
COMPRASGOV-78AA55745BF2,Mercedes,340/2026,340,2026,591,Paraná,PREFEITURA MUNICIPAL DE MARINGA - PR,76282656000106,MUNICIPIO DE MARINGA,M,Maringá,17294174.67,,2026-07-30 07:53:21,2026-09-16 08:30:00,Pregão - Eletrônico,Aberto,Divulgada no PNCP,True,https://pncp.gov.br/app/editais/76282656000106/2026/591,https://cnetmobile.estaleiro.serpro.gov.br/comprasnet-web/public/compras/acompanhamento-compra?compra=98769105003402026,ComprasGov,Material,True,False,10,Sem benefício,False
COMPRASGOV-78AA55745BF2,Cabala,340/2026,340,2026,591,Paraná,PREFEITURA MUNICIPAL DE MARINGA - PR,76282656000106,MUNICIPIO DE MARINGA,M,Maringá,17294174.67,,2026-07-30 07:53:21,2026-09-16 08:30:00,Pregão - Eletrônico,Aberto,Divulgada no PNCP,True,https://pncp.gov.br/app/editais/76282656000106/2026/591,https://cnetmobile.estaleiro.serpro.gov.br/comprasnet-web/public/compras/acompanhamento-compra?compra=98769105003402026,ComprasGov,Material,True,False,10,Sem benefício,False
COMPRASGOV-278BAAF91822,Editais,386/2026,386,2026,739,Paraná,PREFEITURA MUNICIPAL DE MARINGA - PR,76282656000106,MUNICIPIO DE MARINGA,M,Maringá,199551.5,,2026-09-10 08:51:23,2026-09-29 08:30:00,Pregão - Eletrônico,Aberto,Divulgada no PNCP,False,https://pncp.gov.br/app/editais/76282656000106/2026/739,https://cnetmobile.estaleiro.serpro.gov.br/comprasnet-web/public/compras/acompanhamento-compra?compra=98769105003862026,ComprasGov,Serviço,False,True,2,Não se aplica,True
COMPRASGOV-1CFE72BDFAE1,Starmac,393/2026,393,2026,788,Paraná,PREFEITURA MUNICIPAL DE MARINGA - PR,76282656000106,MUNICIPIO DE MARINGA,M,Maringá,285883.2,,2026-09-23 08:37:09,2026-10-15 08:30:00,Pregão - Eletrônico,Aberto,Divulgada no PNCP,True,https://pncp.gov.br/app/editais/76282656000106/2026/788,https://cnetmobile.estaleiro.serpro.gov.br/comprasnet-web/public/compras/acompanhamento-compra?compra=98769105003932026,ComprasGov,Misto,True,True,2,Sem benefício,False
BNC-DD1CB0AA249B,Rodobens,39/2026,39,2026,94,Paraná,MUNICIPIO DE PAICANDU,76282664000152,MUNICIPIO DE PAICANDU,M,Paiçandu,606666.67,,2026-09-10 15:04:21,2026-10-07 08:30:00,Pregão - Eletrônico,Aberto,Divulgada no PNCP,False,https://pncp.gov.br/app/editais/76282664000152/2026/94,https://bnccompras.com/Process/ProcessView?param1=[gkz]5nmEJxP5cFj02GaG75OMcoIXK16y5V63m8NPcl3mo5RSAhYAZ8uA_r0lUaT3vGfcp1m1q0e5NNP4kgPAoz2nCINHAZY7zbbZKqPJz8PSGtY=,BNC Compras,Material,True,False,1,Sem benefício,False
BLL-95B6B1806A6B,Mercedes,74/2026,74,2026,155,Paraná,PREFEITURA MUNICIPAL DE MANDAGUAÇU - PR,76285329000108,MUNICIPIO DE MANDAGUACU,M,Mandaguaçu,1108333.33,,2026-08-12 14:52:31,2026-08-31 09:00:00,Pregão - Eletrônico,Aberto,Divulgada no PNCP,False,https://pncp.gov.br/app/editais/76285329000108/2026/155,https://bllcompras.com/Process/ProcessView?param1=[gkz]QZNmw1BYnXBzWd//P2L0gvQ1ZF_SsqiiaUdQotfDubyCwDZKKfD4AOPh6HFvA75LN4OHl7oWZs7dNaXasYCQG0MZSw783KeTeBYKRp1kd0A=,BLL Compras,Material,True,False,1,Sem benefício,False
BLL-95B6B1806A6B,Rodobens,74/2026,74,2026,155,Paraná,PREFEITURA MUNICIPAL DE MANDAGUAÇU - PR,76285329000108,MUNICIPIO DE MANDAGUACU,M,Mandaguaçu,1108333.33,,2026-08-12 14:52:31,2026-08-31 09:00:00,Pregão - Eletrônico,Aberto,Divulgada no PNCP,False,https://pncp.gov.br/app/editais/76285329000108/2026/155,https://bllcompras.com/Process/ProcessView?param1=[gkz]QZNmw1BYnXBzWd//P2L0gvQ1ZF_SsqiiaUdQotfDubyCwDZKKfD4AOPh6HFvA75LN4OHl7oWZs7dNaXasYCQG0MZSw783KeTeBYKRp1kd0A=,BLL Compras,Material,True,False,1,Sem benefício,False
COMPRASGOV-6E5C69ECD19C,Divena,22/2026,22,2026,218,Paraná,PREFEITURA MUNICIPAL DE MANDAGUARÍ - PR,76285345000109,MUNICIPIO DE MANDAGUARI,M,Mandaguari,2574498.32,,2026-08-27 13:51:38,2026-09-15 09:00:00,Pregão - Eletrônico,Aberto,Divulgada no PNCP,False,https://pncp.gov.br/app/editais/76285345000109/2026/218,https://cnetmobile.estaleiro.serpro.gov.br/comprasnet-web/public/compras/acompanhamento-compra?compra=98767705000222026,ComprasGov,Material,True,False,5,Sem benefício,False
COMPRASGOV-6E5C69ECD19C,Cabala,22/2026,22,2026,218,Paraná,PREFEITURA MUNICIPAL DE MANDAGUARÍ - PR,76285345000109,MUNICIPIO DE MANDAGUARI,M,Mandaguari,2574498.32,,2026-08-27 13:51:38,2026-09-15 09:00:00,Pregão - Eletrônico,Aberto,Divulgada no PNCP,False,https://pncp.gov.br/app/editais/76285345000109/2026/218,https://cnetmobile.estaleiro.serpro.gov.br/comprasnet-web/public/compras/acompanhamento-compra?compra=98767705000222026,ComprasGov,Material,True,False,5,Sem benefício,False
BLL-7F4538E916EB,Divena,73/2026,73,2026,232,Paraná,PREFEITURA MUNICIPAL DE MANDAGUARÍ - PR,76285345000109,MUNICIPIO DE MANDAGUARI,M,Mandaguari,3694545.08,,2026-09-02 07:57:17,2026-09-17 08:00:00,Pregão - Eletrônico,Aberto,Divulgada no PNCP,True,https://pncp.gov.br/app/editais/76285345000109/2026/232,https://bllcompras.com/Process/ProcessView?param1=[gkz]S9Jy8UGd71cEBWLL37YFuEwuSGiFn__CO90HvyVIk1LE/wxU5FFQf0eY92V6ElicUCd7lSAC1t_E6DkPhOGiVi2vlrXtFFuO6beWqdu9FK4=,BLL Compras,Material,True,False,7,Sem benefício,False
BLL-7F4538E916EB,Cabala,73/2026,73,2026,232,Paraná,PREFEITURA MUNICIPAL DE MANDAGUARÍ - PR,76285345000109,MUNICIPIO DE MANDAGUARI,M,Mandaguari,3694545.08,,2026-09-02 07:57:17,2026-09-17 08:00:00,Pregão - Eletrônico,Aberto,Divulgada no PNCP,True,https://pncp.gov.br/app/editais/76285345000109/2026/232,https://bllcompras.com/Process/ProcessView?param1=[gkz]S9Jy8UGd71cEBWLL37YFuEwuSGiFn__CO90HvyVIk1LE/wxU5FFQf0eY92V6ElicUCd7lSAC1t_E6DkPhOGiVi2vlrXtFFuO6beWqdu9FK4=,BLL Compras,Material,True,False,7,Sem benefício,False
BLL-D9549AF0F6F6,Air Liquide,31/2026,31,2026,95,Paraná,PREFEITURA MUNICIPAL DE CRUZEIRO DO OESTE - PR,76381854000127,MUNICIPIO DE CRUZEIRO DO OESTE,M,Cruzeiro do Oeste,804786.34,,2026-08-10 15:29:34,2026-09-16 08:00:00,Pregão - Eletrônico,Aberto,Divulgada no PNCP,False,https://pncp.gov.br/app/editais/76381854000127/2026/95,https://bllcompras.com/Process/ProcessView?param1=[gkz]eb5gNvt_t5I4K6D15/5IapbhcRrdEEhKIgBjBWr7nDGs5wA5xQkxOKOOtzc/ztXVu_Y_3eHM2uPHXHef4nhHNuOLlOtNwNh29mmqlne1cMU=,BLL Compras,Material,True,False,10,Participação exclusiva para ME/EPP; Sem benefício,True
COMPRASGOV-CB8500FF4C88,Cabala,21/2026,21,2026,185,PR,PREFEITURA MUNICIPAL DE JANIOPOLIS - PR,76402882000183,MUNICIPIO DE JANIOPOLIS,M,Janiópolis,1724106.14,,2026-09-22 10:14:18,2026-10-07 09:00:00,Pregão - Eletrônico,Aberto,Divulgada no PNCP,True,https://pncp.gov.br/app/editais/76402882000183/2026/185,https://cnetmobile.estaleiro.serpro.gov.br/comprasnet-web/public/compras/acompanhamento-compra?compra=98763705000212026,ComprasGov,Material,True,False,2,Sem benefício,False
PR-A5838399E63C,Divena,PCE 41/2026,PCE 41,2026,187,PR,Divisão de Ensino de Janiópolis,76402882000183,MUNICIPIO DE JANIOPOLIS,M,Janiópolis,1724106.14,,2026-09-23 10:04:55,2026-10-07 09:00:00,Pregão - Eletrônico,Aberto,Divulgada no PNCP,True,https://pncp.gov.br/app/editais/76402882000183/2026/187,,PR,Material,True,False,2,Sem benefício,False
PR-A5838399E63C,Cabala,PCE 41/2026,PCE 41,2026,187,PR,Divisão de Ensino de Janiópolis,76402882000183,MUNICIPIO DE JANIOPOLIS,M,Janiópolis,1724106.14,,2026-09-23 10:04:55,2026-10-07 09:00:00,Pregão - Eletrônico,Aberto,Divulgada no PNCP,True,https://pncp.gov.br/app/editais/76402882000183/2026/187,,PR,Material,True,False,2,Sem benefício,False
BBNEW-3D0B499D32F3,PHD,151526/2026,151526,2026,100,Paraná,SEDE,76484013000145,COMPANHIA DE SANEAMENTO DO PARANA SANEPAR,N,Curitiba,0.0,,2026-09-25 18:31:17,2026-10-08 09:00:00,Pregão - Eletrônico,Aberto,Divulgada no PNCP,False,https://pncp.gov.br/app/editais/76484013000145/2026/100,https://licitacoes-e2.bb.com.br/aop-inter-estatico/visualizar-processo-publico/1101053,Novo Banco do Brasil,Material,True,False,3,Não se aplica,True
BBNEW-C641064F9BC2,Hexis,145426/2026,145426,2026,42,Paraná,SEDE,76484013000145,COMPANHIA DE SANEAMENTO DO PARANA SANEPAR,N,Curitiba,0.0,,2026-08-31 18:30:24,2026-09-15 09:00:00,Pregão - Eletrônico,Aberto,Divulgada no PNCP,False,https://pncp.gov.br/app/editais/76484013000145/2026/42,https://licitacoes-e2.bb.com.br/aop-inter-estatico/visualizar-processo-publico/1099403,Novo Banco do Brasil,Material,True,False,10,Não se aplica,True
BBNEW-4F7F95F42A7E,Watson-Marlow,148326/2026,148326,2026,60,Paraná,SEDE,76484013000145,COMPANHIA DE SANEAMENTO DO PARANA SANEPAR,N,Curitiba,0.0,,2026-09-11 13:22:15,2026-09-24 09:00:00,Pregão - Eletrônico,Aberto,Divulgada no PNCP,False,https://pncp.gov.br/app/editais/76484013000145/2026/60,https://licitacoes-e2.bb.com.br/aop-inter-estatico/visualizar-processo-publico/1100086,Novo Banco do Brasil,Material,True,False,3,Não se aplica; Participação exclusiva para ME/EPP,True
BBNEW-664779178B3E,Hexis,141926/2026,141926,2026,7,Paraná,SEDE,76484013000145,COMPANHIA DE SANEAMENTO DO PARANA SANEPAR,N,Curitiba,1148.75,,2026-08-14 18:30:54,2026-09-04 08:59:50,Pregão - Eletrônico,Aberto,Divulgada no PNCP,False,https://pncp.gov.br/app/editais/76484013000145/2026/7,https://licitacoes-e2.bb.com.br/aop-inter-estatico/visualizar-processo-publico/1098335,Novo Banco do Brasil,Material,True,False,10,Não se aplica; Sem benefício,True
BBNEW-D818F809FDB9,Rodobens,150426/2026,150426,2026,82,Paraná,SEDE,76484013000145,COMPANHIA DE SANEAMENTO DO PARANA SANEPAR,N,Curitiba,0.0,,2026-09-22 18:30:57,2026-10-05 09:00:00,Pregão - Eletrônico,Aberto,Divulgada no PNCP,False,https://pncp.gov.br/app/editais/76484013000145/2026/82,https://licitacoes-e2.bb.com.br/aop-inter-estatico/visualizar-processo-publico/1100768,Novo Banco do Brasil,Material,True,False,1,Não se aplica,True
BBNEW-D818F809FDB9,Divena,150426/2026,150426,2026,82,Paraná,SEDE,76484013000145,COMPANHIA DE SANEAMENTO DO PARANA SANEPAR,N,Curitiba,0.0,,2026-09-22 18:30:57,2026-10-05 09:00:00,Pregão - Eletrônico,Aberto,Divulgada no PNCP,False,https://pncp.gov.br/app/editais/76484013000145/2026/82,https://licitacoes-e2.bb.com.br/aop-inter-estatico/visualizar-processo-publico/1100768,Novo Banco do Brasil,Material,True,False,1,Não se aplica,True
BBNEW-D818F809FDB9,Mercedes,150426/2026,150426,2026,82,Paraná,SEDE,76484013000145,COMPANHIA DE SANEAMENTO DO PARANA SANEPAR,N,Curitiba,0.0,,2026-09-22 18:30:57,2026-10-05 09:00:00,Pregão - Eletrônico,Aberto,Divulgada no PNCP,False,https://pncp.gov.br/app/editais/76484013000145/2026/82,https://licitacoes-e2.bb.com.br/aop-inter-estatico/visualizar-processo-publico/1100768,Novo Banco do Brasil,Material,True,False,1,Não se aplica,True
PR-E65D47AF7CCC,Starmac,PCE 16/2026,PCE 16,2026,66,Paraná,SAAE - Serviço Autônomo de Água e Esgoto,76878669000142,SERVICO AUTONOMO DE AGUA E ESGOTO,M,Marechal Cândido Rondon,533529.12,,2026-09-15 16:06:09,2026-09-25 08:59:00,Pregão - Eletrônico,Aberto,Divulgada no PNCP,True,https://pncp.gov.br/app/editais/76878669000142/2026/66,,PR,Material,True,False,3,Sem benefício,False
PR-56A57E883827,Divena,PE 25/2026,PE 25,2026,55,PR,PREFEITURA MUNICIPAL DE JAGUARIAÍVA - PR,76910900000138,MUNICIPIO DE JAGUARIAIVA,M,Jaguariaíva,4142165.57,,2026-09-28 09:53:30,2026-10-13 08:30:00,Pregão - Eletrônico,Aberto,Divulgada no PNCP,False,https://pncp.gov.br/app/editais/76910900000138/2026/55,,PR,Material,True,False,7,Sem benefício,False
PR-56A57E883827,Cabala,PE 25/2026,PE 25,2026,55,PR,PREFEITURA MUNICIPAL DE JAGUARIAÍVA - PR,76910900000138,MUNICIPIO DE JAGUARIAIVA,M,Jaguariaíva,4142165.57,,2026-09-28 09:53:30,2026-10-13 08:30:00,Pregão - Eletrônico,Aberto,Divulgada no PNCP,False,https://pncp.gov.br/app/editais/76910900000138/2026/55,,PR,Material,True,False,7,Sem benefício,False
PR-56A57E883827,Mercedes,PE 25/2026,PE 25,2026,55,PR,PREFEITURA MUNICIPAL DE JAGUARIAÍVA - PR,76910900000138,MUNICIPIO DE JAGUARIAIVA,M,Jaguariaíva,4142165.57,,2026-09-28 09:53:30,2026-10-13 08:30:00,Pregão - Eletrônico,Aberto,Divulgada no PNCP,False,https://pncp.gov.br/app/editais/76910900000138/2026/55,,PR,Material,True,False,7,Sem benefício,False
COMPRASGOV-4B2C733FD167,Air Liquide,32/2026,32,2026,401,PR,MPR-PREFEITURA MUNICIPAL DE ARAPONGAS,76958966000106,MUNICIPIO DE ARAPONGAS,M,Arapongas,1102542.4,,2026-09-28 08:51:54,2026-10-14 09:00:00,Pregão - Eletrônico,Aberto-Fechado,Divulgada no PNCP,True,https://pncp.gov.br/app/editais/76958966000106/2026/401,https://cnetmobile.estaleiro.serpro.gov.br/comprasnet-web/public/compras/acompanhamento-compra?compra=98742705000322026,ComprasGov,Material,True,False,8,Cota reservada para ME/EPP; Participação exclusiva para ME/EPP,True
COMPRASGOV-3A4653655D64,Rodobens,23/2026,23,2026,269,Paraná,MPR-PREFEITURA MUNICIPAL DE JACAREZINHO,76966860000146,MUNICIPIO DE JACAREZINHO,M,Jacarezinho,588888.89,,2026-09-09 10:16:22,2026-09-23 09:00:00,Pregão - Eletrônico,Aberto-Fechado,Divulgada no PNCP,False,https://pncp.gov.br/app/editais/76966860000146/2026/269,https://cnetmobile.estaleiro.serpro.gov.br/comprasnet-web/public/compras/acompanhamento-compra?compra=92655205000232026,ComprasGov,Material,True,False,1,Sem benefício,False
PR-B22A172C50A6,Rodobens,62 | Processo 2874/2026,62 | Processo 2874,2026,271,Paraná,MPR-PREFEITURA MUNICIPAL DE JACAREZINHO,76966860000146,MUNICIPIO DE JACAREZINHO,M,Jacarezinho,588888.89,,2026-09-10 07:34:27,2026-10-08 09:00:00,Pregão - Eletrônico,Aberto-Fechado,Divulgada no PNCP,False,https://pncp.gov.br/app/editais/76966860000146/2026/271, ,PR,Material,True,False,1,Não se aplica,True
COMPRASGOV-C8F64DB30692,Rodobens,49/2026,49,2026,108,PR,Div. de Adm. da Saude,76995422000106,MUNICIPIO DE SAO JOAO,M,São João,1609189.55,,2026-07-15 09:58:41,2026-09-28 09:00:00,Pregão - Eletrônico,Aberto-Fechado,Divulgada no PNCP,False,https://pncp.gov.br/app/editais/76995422000106/2026/108,https://cnetmobile.estaleiro.serpro.gov.br/comprasnet-web/public/compras/acompanhamento-compra?compra=98787105000052026,ComprasGov,Material,True,False,4,Sem benefício,False
PR-594CE01DEA6E,Divena,45 | Processo 91/2026,45 | Processo 91,2026,92,Paraná,PREFEITURA MUNICIPAL,76995455000156,MUNICIPIO DE CORONEL VIVIDA,M,Coronel Vivida,4164829.46,,2026-08-17 09:07:17,2026-09-16 08:00:00,Pregão - Eletrônico,Aberto-Fechado,Divulgada no PNCP,True,https://pncp.gov.br/app/editais/76995455000156/2026/92, ,PR,Material,True,False,3,Não se aplica,True
PR-594CE01DEA6E,Mercedes,45 | Processo 91/2026,45 | Processo 91,2026,92,Paraná,PREFEITURA MUNICIPAL,76995455000156,MUNICIPIO DE CORONEL VIVIDA,M,Coronel Vivida,4164829.46,,2026-08-17 09:07:17,2026-09-16 08:00:00,Pregão - Eletrônico,Aberto-Fechado,Divulgada no PNCP,True,https://pncp.gov.br/app/editais/76995455000156/2026/92, ,PR,Material,True,False,3,Não se aplica,True
COMPRASGOV-9D1138B0F46D,Rodobens,20/2026,20,2026,117,Paraná,SECRETARIA DE ESTADO DA ADMINISTRAÇAO PREV.,77071579000108,SECRETARIA DE ESTADO DA ADMINISTRACAO E DA PREVIDENCIA - SEAP,E,Curitiba,557583.33,,2026-09-17 19:34:11,2026-10-07 09:59:00,Pregão - Eletrônico,Aberto,Divulgada no PNCP,False,https://pncp.gov.br/app/editais/77071579000108/2026/117,https://cnetmobile.estaleiro.serpro.gov.br/comprasnet-web/public/compras/acompanhamento-compra?compra=92865805000202026,ComprasGov,Material,True,False,1,Não se aplica,True
COMPRASGOV-5C3245FBF126,Divena,23/2026,23,2026,118,Paraná,SECRETARIA DE ESTADO DA ADMINISTRAÇAO PREV.,77071579000108,SECRETARIA DE ESTADO DA ADMINISTRACAO E DA PREVIDENCIA - SEAP,E,Curitiba,7396132.4,,2026-09-18 15:06:53,2026-10-05 10:00:00,Pregão - Eletrônico,Aberto,Divulgada no PNCP,False,https://pncp.gov.br/app/editais/77071579000108/2026/118,https://cnetmobile.estaleiro.serpro.gov.br/comprasnet-web/public/compras/acompanhamento-compra?compra=92865805000232026,ComprasGov,Material,True,False,3,Não se aplica; Sem benefício,True
COMPRASGOV-5C3245FBF126,Mercedes,23/2026,23,2026,118,Paraná,SECRETARIA DE ESTADO DA ADMINISTRAÇAO PREV.,77071579000108,SECRETARIA DE ESTADO DA ADMINISTRACAO E DA PREVIDENCIA - SEAP,E,Curitiba,7396132.4,,2026-09-18 15:06:53,2026-10-05 10:00:00,Pregão - Eletrônico,Aberto,Divulgada no PNCP,False,https://pncp.gov.br/app/editais/77071579000108/2026/118,https://cnetmobile.estaleiro.serpro.gov.br/comprasnet-web/public/compras/acompanhamento-compra?compra=92865805000232026,ComprasGov,Material,True,False,3,Não se aplica; Sem benefício,True
PR-70C0513BF185,Mercedes,1235/2026,1235,2026,120,Paraná,SECRETARIA DE ESTADO DA ADMINISTRAÇAO PREV.,77071579000108,SECRETARIA DE ESTADO DA ADMINISTRACAO E DA PREVIDENCIA - SEAP,E,Curitiba,557583.3,,2026-09-21 11:00:17,2026-10-07 10:00:00,Pregão - Eletrônico,Aberto,Divulgada no PNCP,False,https://pncp.gov.br/app/editais/77071579000108/2026/120,www.transparencia.pr.gov.br/pte/compras/licitacoes/pesquisar-param?numprocesso=1235&ano=2026&codmodalidade=68,PR,Material,True,False,1,Não se aplica,True
PR-70C0513BF185,Divena,1235/2026,1235,2026,120,Paraná,SECRETARIA DE ESTADO DA ADMINISTRAÇAO PREV.,77071579000108,SECRETARIA DE ESTADO DA ADMINISTRACAO E DA PREVIDENCIA - SEAP,E,Curitiba,557583.3,,2026-09-21 11:00:17,2026-10-07 10:00:00,Pregão - Eletrônico,Aberto,Divulgada no PNCP,False,https://pncp.gov.br/app/editais/77071579000108/2026/120,www.transparencia.pr.gov.br/pte/compras/licitacoes/pesquisar-param?numprocesso=1235&ano=2026&codmodalidade=68,PR,Material,True,False,1,Não se aplica,True
PR-70C0513BF185,Rodobens,1235/2026,1235,2026,120,Paraná,SECRETARIA DE ESTADO DA ADMINISTRAÇAO PREV.,77071579000108,SECRETARIA DE ESTADO DA ADMINISTRACAO E DA PREVIDENCIA - SEAP,E,Curitiba,557583.3,,2026-09-21 11:00:17,2026-10-07 10:00:00,Pregão - Eletrônico,Aberto,Divulgada no PNCP,False,https://pncp.gov.br/app/editais/77071579000108/2026/120,www.transparencia.pr.gov.br/pte/compras/licitacoes/pesquisar-param?numprocesso=1235&ano=2026&codmodalidade=68,PR,Material,True,False,1,Não se aplica,True
COMPRASGOV-B4A47C6D8523,Divena,14/2026,14,2026,98,Paraná,SECRETARIA DE ESTADO DA ADMINISTRAÇAO PREV.,77071579000108,SECRETARIA DE ESTADO DA ADMINISTRACAO E DA PREVIDENCIA - SEAP,E,Curitiba,11539433.0,,2026-08-25 15:50:13,2026-09-14 10:00:00,Pregão - Eletrônico,Aberto,Divulgada no PNCP,False,https://pncp.gov.br/app/editais/77071579000108/2026/98,https://cnetmobile.estaleiro.serpro.gov.br/comprasnet-web/public/compras/acompanhamento-compra?compra=92865805000142026,ComprasGov,Material,True,False,1,Sem benefício,False
COMPRASGOV-B4A47C6D8523,Cabala,14/2026,14,2026,98,Paraná,SECRETARIA DE ESTADO DA ADMINISTRAÇAO PREV.,77071579000108,SECRETARIA DE ESTADO DA ADMINISTRACAO E DA PREVIDENCIA - SEAP,E,Curitiba,11539433.0,,2026-08-25 15:50:13,2026-09-14 10:00:00,Pregão - Eletrônico,Aberto,Divulgada no PNCP,False,https://pncp.gov.br/app/editais/77071579000108/2026/98,https://cnetmobile.estaleiro.serpro.gov.br/comprasnet-web/public/compras/acompanhamento-compra?compra=92865805000142026,ComprasGov,Material,True,False,1,Sem benefício,False
PR-DF819543F57B,Air Liquide,39/2026,39,2026,82,Paraná,Unidade administrativa,77356665000167,MUNICIPIO DE FRANCISCO ALVES,M,Francisco Alves,74880.0,,2026-09-09 09:32:19,2026-09-24 08:00:00,Pregão - Eletrônico,Aberto,Divulgada no PNCP,False,https://pncp.gov.br/app/editais/77356665000167/2026/82,,PR,Material,True,False,6,Não se aplica,True
COMPRASGOV-E01ECC6F97BD,Air Liquide,33/2026,33,2026,276,Paraná,MPR-PEFEITURA MUNICIPAL DE FRANCISCO BELTRÃO,77816510000166,MUNICIPIO DE FRANCISCO BELTRAO,M,Francisco Beltrão,227936.76,,2026-08-26 08:12:14,2026-09-10 14:00:00,Pregão - Eletrônico,Aberto,Divulgada no PNCP,False,https://pncp.gov.br/app/editais/77816510000166/2026/276,https://cnetmobile.estaleiro.serpro.gov.br/comprasnet-web/public/compras/acompanhamento-compra?compra=98756505000332026,ComprasGov,Material,True,False,7,Cota reservada para ME/EPP; Participação exclusiva para ME/EPP,True
COMPRASGOV-7BCCDEA59E0B,Divena,43/2026,43,2026,294,Paraná,MPR-PEFEITURA MUNICIPAL DE FRANCISCO BELTRÃO,77816510000166,MUNICIPIO DE FRANCISCO BELTRAO,M,Francisco Beltrão,1919285.71,,2026-09-11 14:45:27,2026-10-01 09:00:00,Pregão - Eletrônico,Aberto,Divulgada no PNCP,False,https://pncp.gov.br/app/editais/77816510000166/2026/294,https://cnetmobile.estaleiro.serpro.gov.br/comprasnet-web/public/compras/acompanhamento-compra?compra=98756505000432026,ComprasGov,Material,True,False,1,Sem benefício,False
COMPRASGOV-7BCCDEA59E0B,Mercedes,43/2026,43,2026,294,Paraná,MPR-PEFEITURA MUNICIPAL DE FRANCISCO BELTRÃO,77816510000166,MUNICIPIO DE FRANCISCO BELTRAO,M,Francisco Beltrão,1919285.71,,2026-09-11 14:45:27,2026-10-01 09:00:00,Pregão - Eletrônico,Aberto,Divulgada no PNCP,False,https://pncp.gov.br/app/editais/77816510000166/2026/294,https://cnetmobile.estaleiro.serpro.gov.br/comprasnet-web/public/compras/acompanhamento-compra?compra=98756505000432026,ComprasGov,Material,True,False,1,Sem benefício,False
COMPRASGOV-7BCCDEA59E0B,Rodobens,43/2026,43,2026,294,Paraná,MPR-PEFEITURA MUNICIPAL DE FRANCISCO BELTRÃO,77816510000166,MUNICIPIO DE FRANCISCO BELTRAO,M,Francisco Beltrão,1919285.71,,2026-09-11 14:45:27,2026-10-01 09:00:00,Pregão - Eletrônico,Aberto,Divulgada no PNCP,False,https://pncp.gov.br/app/editais/77816510000166/2026/294,https://cnetmobile.estaleiro.serpro.gov.br/comprasnet-web/public/compras/acompanhamento-compra?compra=98756505000432026,ComprasGov,Material,True,False,1,Sem benefício,False
COMPRASGOV-195474B1EA20,Air Liquide,20/2026,20,2026,50,PR,EPR-INSTITUTO DE TECNOLOGIA DO PARANA,77964393000188,TECPAR,N,Curitiba,0.0,,2026-09-17 14:53:40,2026-10-06 09:30:00,Pregão - Eletrônico,Aberto,Divulgada no PNCP,False,https://pncp.gov.br/app/editais/77964393000188/2026/50,https://cnetmobile.estaleiro.serpro.gov.br/comprasnet-web/public/compras/acompanhamento-compra?compra=93297005000202026,ComprasGov,Material,True,False,1,Participação exclusiva para ME/EPP,True
COMPRASGOV-9EAB72CC82D3,Air Liquide,38/2026,38,2026,263,PR,MPR-PREFEITURA MUNICIPAL DE SARANDI,78200482000110,MUNICIPIO DE SARANDI,M,Sarandi,705247.83,,2026-09-24 17:28:45,2026-10-09 10:00:00,Pregão - Eletrônico,Aberto,Divulgada no PNCP,True,https://pncp.gov.br/app/editais/78200482000110/2026/263,https://cnetmobile.estaleiro.serpro.gov.br/comprasnet-web/public/compras/acompanhamento-compra?compra=98846105000382026,ComprasGov,Material,True,False,5,Não se aplica,True
COMPRASGOV-B318CFED87C7,Air Liquide,58/2026,58,2026,327,Paraná,UNIVERSIDADE EST OESTE DO PARANA (REITORIA),78680337000770,UNIVERSIDADE ESTADUAL DO OESTE DO PARANA,E,Cascavel,31426.62,,2026-08-18 17:09:09,2026-08-24 08:29:00,Dispensa,Dispensa Com Disputa,Divulgada no PNCP,False,https://pncp.gov.br/app/editais/78680337000770/2026/327,https://cnetmobile.estaleiro.serpro.gov.br/comprasnet-web/public/compras/acompanhamento-compra?compra=92609706000582026,ComprasGov,Material,True,False,8,Participação exclusiva para ME/EPP,True
COMPRASGOV-B1FA25DF039F,Setti,63/2026,63,2026,368,Paraná,UNIVERSIDADE EST OESTE DO PARANA (REITORIA),78680337000770,UNIVERSIDADE ESTADUAL DO OESTE DO PARANA,E,Cascavel,4765720.0,,2026-09-08 16:35:29,2026-09-29 08:29:00,Pregão - Eletrônico,Aberto,Divulgada no PNCP,False,https://pncp.gov.br/app/editais/78680337000770/2026/368,https://cnetmobile.estaleiro.serpro.gov.br/comprasnet-web/public/compras/acompanhamento-compra?compra=92609705000632026,ComprasGov,Serviço,False,True,2,Sem benefício,False
COMPRASGOV-D38C888F04D1,Air Liquide,207/2026,207,2026,678,PR,UNIVERSIDADE ESTADUAL DE MARINGA - PR,79151312000156,UNIVERSIDADE ESTADUAL DE MARINGA,E,Maringá,115407.0,,2026-09-22 13:34:54,2026-10-07 08:29:00,Pregão - Eletrônico,Aberto,Divulgada no PNCP,False,https://pncp.gov.br/app/editais/79151312000156/2026/678,https://cnetmobile.estaleiro.serpro.gov.br/comprasnet-web/public/compras/acompanhamento-compra?compra=92676405002072026,ComprasGov,Material,True,False,3,Participação exclusiva para ME/EPP,True
PR-C4E46354A907,Air Liquide,1393/2026,1393,2026,680,PR,UEM - Universidade Estadual de Maringá,79151312000156,UNIVERSIDADE ESTADUAL DE MARINGA,E,Maringá,115407.0,,2026-09-22 15:00:05,2026-10-07 08:29:00,Pregão - Eletrônico,Aberto,Divulgada no PNCP,False,https://pncp.gov.br/app/editais/79151312000156/2026/680,www.transparencia.pr.gov.br/pte/compras/licitacoes/pesquisar-param?numprocesso=1393&ano=2026&codmodalidade=68,PR,Material,True,False,3,Não se aplica,True
BLL-09A45DD852B2,Air Liquide,002/2026,002,2026,8,Paraná,FUNDACAO MUNICIPAL DE SAUDE PUBLICA DE PAULO FRONTIN,80059918000145,FUNDACAO MUNICIPAL DE SAUDE PUBLICA DE PAULO FRONTIN,M,Paulo Frontin,479700.0,,2026-08-28 08:52:02,2026-09-14 09:00:00,Pregão - Eletrônico,Aberto,Divulgada no PNCP,True,https://pncp.gov.br/app/editais/80059918000145/2026/8,https://bllcompras.com/Process/ProcessView?param1=[gkz]Vk4kADXBuWbMbrqiL/VXn9pty_YftxIn3fOPmyK1Usf9BCEFqA6FmR6WzoWlrrw7EmjCwZD6BNNHdNGZai/dkSV8eEmfQpJU2o4CGdi_ejs=,BLL Compras,Material,True,False,6,Sem benefício,False
BBNEW-784616AF3B79,Danfoss,PL101/2026/2026,PL101/2026,2026,117,Santa Catarina,CASAN,82508433000117,COMPANHIA CATARINENSE DE AGUAS E SANEAMENTO CASAN,N,Florianópolis,0.0,,2026-09-09 18:32:51,2026-10-08 09:30:00,Pregão - Eletrônico,Aberto,Divulgada no PNCP,True,https://pncp.gov.br/app/editais/82508433000117/2026/117,https://licitacoes-e2.bb.com.br/aop-inter-estatico/visualizar-processo-publico/1100534,Novo Banco do Brasil,Material,True,False,1,Não se aplica,True
SC-5E11A059E4AE,Tremont,CE 216/2026,CE 216,2026,262,Santa Catarina,MUNICÍPIO DE LAURO MULLER,82558909000124,MUNICIPIO DE LAURO MULLER,M,Lauro Müller,148908.77,,2026-09-09 11:12:52,2026-09-23 10:30:00,Concorrência - Eletrônica,Aberto,Divulgada no PNCP,False,https://pncp.gov.br/app/editais/82558909000124/2026/262,,SC,Misto,True,True,8,Sem benefício,False
COMPRASGOV-145FECB8995F,Setti,235/2026,235,2026,248,Santa Catarina,PREFEITURA MUNICIPAL DE LAGES - SC,82777301000190,MUNICIPIO DE LAGES,M,Lages,533421.25,,2026-09-14 16:37:51,2026-10-02 09:00:00,Pregão - Eletrônico,Aberto,Divulgada no PNCP,True,https://pncp.gov.br/app/editais/82777301000190/2026/248,https://cnetmobile.estaleiro.serpro.gov.br/comprasnet-web/public/compras/acompanhamento-compra?compra=98818305002352026,ComprasGov,Material,True,False,5,Sem benefício,False
PCP-7D15BE2BA605,Danfoss,110/2026,110,2026,186,Santa Catarina,Departamento de Compras e Licitações,82821208000136,MUNICIPIO DE ITAPIRANGA,M,Itapiranga,310855.0,,2026-08-26 12:03:23,2026-09-11 08:00:00,Pregão - Eletrônico,Aberto-Fechado,Divulgada no PNCP,False,https://pncp.gov.br/app/editais/82821208000136/2026/186,https://www.portaldecompraspublicas.com.br/processos/SC/Prefeitura-Municipal-de-Itapiranga-271/PE-110-2026-2026-506873,Portal de Compras Públicas,Material,True,False,3,Sem benefício,False
SC-17404C484C9D,Air Liquide,PCE 42/2026,PCE 42,2026,88,SC,FMS - Fundo Municipal de Saúde,82892274000105,MUNICIPIO DE SAO JOSE,M,São José,0.0,,2026-09-23 15:51:40,2026-10-13 13:30:00,Pregão - Eletrônico,Aberto,Divulgada no PNCP,False,https://pncp.gov.br/app/editais/82892274000105/2026/88,,SC,Misto,True,True,5,Participação exclusiva para ME/EPP; Sem benefício,True
BLL-67C3ADDE6A82,Divena,098/PMC/2026,098/PMC,2026,171,Santa Catarina,PREFEITURA MUNICIPAL DE CRICIÚMA - SC,82916818000113,MUNICIPIO DE CRICIUMA,M,Criciúma,3625000.0,,2026-08-13 14:29:45,2026-08-25 08:30:00,Pregão - Eletrônico,Aberto,Divulgada no PNCP,True,https://pncp.gov.br/app/editais/82916818000113/2026/171,https://bllcompras.com/Process/ProcessView?param1=[gkz]9WeVmDFXU4gj52PvPHRyADGiYs03wTljKmZ3ynY94R4lm/8yy/AsjEefqMcJJpl8WN9ukQaMu56KGFk1xl3yVqYd09E2S/84kue2ou5jPq0=,BLL Compras,Material,True,False,1,Sem benefício,False
BLL-67C3ADDE6A82,Mercedes,098/PMC/2026,098/PMC,2026,171,Santa Catarina,PREFEITURA MUNICIPAL DE CRICIÚMA - SC,82916818000113,MUNICIPIO DE CRICIUMA,M,Criciúma,3625000.0,,2026-08-13 14:29:45,2026-08-25 08:30:00,Pregão - Eletrônico,Aberto,Divulgada no PNCP,True,https://pncp.gov.br/app/editais/82916818000113/2026/171,https://bllcompras.com/Process/ProcessView?param1=[gkz]9WeVmDFXU4gj52PvPHRyADGiYs03wTljKmZ3ynY94R4lm/8yy/AsjEefqMcJJpl8WN9ukQaMu56KGFk1xl3yVqYd09E2S/84kue2ou5jPq0=,BLL Compras,Material,True,False,1,Sem benefício,False
SC-A33CFD7AD023,Rodobens,PE 42/2026,PE 42,2026,169,SC,MUNICÍPIO DE SÃO LUDGERO,82926536000105,MUNICIPIO DE SAO LUDGERO,M,São Ludgero,548000.0,,2026-09-17 15:34:37,2026-10-01 08:00:00,Pregão - Eletrônico,Aberto-Fechado,Divulgada no PNCP,False,https://pncp.gov.br/app/editais/82926536000105/2026/169,,SC,Material,True,False,1,Sem benefício,False
SC-51540E7206C1,Air Liquide,PDE 20/2026,PDE 20,2026,177,SC,SECRETARIA MUNICIPAL DE INFRA ESTRUTURA,82926569000147,MUNICIPIO DE GRAVATAL,M,Gravatal,37970.7,,2026-09-28 13:14:03,2026-10-02 09:00:00,Dispensa,Dispensa Com Disputa,Divulgada no PNCP,False,https://pncp.gov.br/app/editais/82926569000147/2026/177,,SC,Misto,True,True,4,Não se aplica,True
PCP-6C747697407B,Air Liquide,09/FMS/2026,09/FMS,2026,192,Santa Catarina,Fundo Municipal de Saúde,82939448000130,MUNICIPIO DE IBICARE,M,Ibicaré,20940.54,,2026-08-26 17:34:07,2026-09-11 07:30:00,Pregão - Eletrônico,Aberto,Divulgada no PNCP,False,https://pncp.gov.br/app/editais/82939448000130/2026/192,https://www.portaldecompraspublicas.com.br/processos/SC/Prefeitura-Municipal-de-Ibicare-1783/PE-09-FMS-2026-2026-507104,Portal de Compras Públicas,Material,True,False,4,Sem benefício,False
PCP-7E45B5911E34,GCT,RPPE72/2026,RPPE72,2026,211,Santa Catarina,Fundo Municipal de Saúde,82939448000130,MUNICIPIO DE IBICARE,M,Ibicaré,581829.0,,2026-09-24 14:59:40,2026-10-16 07:30:00,Pregão - Eletrônico,Aberto,Divulgada no PNCP,True,https://pncp.gov.br/app/editais/82939448000130/2026/211,https://www.portaldecompraspublicas.com.br/processos/SC/Prefeitura-Municipal-de-Ibicare-1783/RPE-RPPE72-2026-2026-513933,Portal de Compras Públicas,Material,True,False,10,Sem benefício,False
PCP-2EA01FA8AA63,Air Liquide,PE005/2026,PE005,2026,139,Santa Catarina,FUNDO MUNICIPAL DE ASSISTÊNCIA SOCIAL,82939455000131,MUNICIPIO DE IRANI,M,Irani,222695.0,,2026-09-04 11:57:50,2026-09-18 08:30:00,Pregão - Eletrônico,Aberto,Divulgada no PNCP,False,https://pncp.gov.br/app/editais/82939455000131/2026/139,https://www.portaldecompraspublicas.com.br/processos/SC/Prefeitura-Municipal-de-Irani-1397/PE-PE005-2026-2026-509388,Portal de Compras Públicas,Material,True,False,3,Sem benefício,False
SC-61C89555ACF8,GCT,140/2026,140,2026,127,SC,Secretaria de Estado da Infraestrutura e Mobilidade,82951344000140,SECRETARIA DE ESTADO DE INFRAESTRUTURA E MOBILIDADE (SIE),E,Florianópolis,37900563.94,,2026-09-24 17:43:23,2026-10-13 09:45:00,Pregão - Eletrônico,Aberto,Divulgada no PNCP,False,https://pncp.gov.br/app/editais/82951344000140/2026/127,,SC,Serviço,False,True,1,Sem benefício,False
SC-D86283891812,GCT,141/2026,141,2026,128,SC,Secretaria de Estado da Infraestrutura e Mobilidade,82951344000140,SECRETARIA DE ESTADO DE INFRAESTRUTURA E MOBILIDADE (SIE),E,Florianópolis,46808124.64,,2026-09-25 17:40:45,2026-10-14 13:45:00,Pregão - Eletrônico,Aberto,Divulgada no PNCP,False,https://pncp.gov.br/app/editais/82951344000140/2026/128,,SC,Serviço,False,True,1,Sem benefício,False
SC-AF8437217ED4,Air Liquide,623/2026,623,2026,599,SC,Diretoria de Gestão de Licitações e Contratos,82951351000142,SECRETARIA DE ESTADO DA ADMINISTRACAO,E,Florianópolis,12087.5,,2026-09-21 10:10:31,2026-10-02 09:15:00,Pregão - Eletrônico,Aberto-Fechado,Divulgada no PNCP,False,https://pncp.gov.br/app/editais/82951351000142/2026/599,,SC,Material,True,False,1,Participação exclusiva para ME/EPP,True
PCP-2D98AF8DA803,Divena,399/2026,399,2026,614,SC,Prefeitura Municipal de Chapecó,83021808000182,MUNICIPIO DE CHAPECO,M,Chapecó,2424666.66,,2026-09-25 22:54:19,2026-10-08 08:55:00,Pregão - Eletrônico,Aberto,Divulgada no PNCP,True,https://pncp.gov.br/app/editais/83021808000182/2026/614,https://www.portaldecompraspublicas.com.br/processos/SC/Prefeitura-Municipal-de-Chapeco-3887/RPE-399-2026-2026-514364,Portal de Compras Públicas,Material,True,False,3,Sem benefício,False
PCP-2D98AF8DA803,Mercedes,399/2026,399,2026,614,SC,Prefeitura Municipal de Chapecó,83021808000182,MUNICIPIO DE CHAPECO,M,Chapecó,2424666.66,,2026-09-25 22:54:19,2026-10-08 08:55:00,Pregão - Eletrônico,Aberto,Divulgada no PNCP,True,https://pncp.gov.br/app/editais/83021808000182/2026/614,https://www.portaldecompraspublicas.com.br/processos/SC/Prefeitura-Municipal-de-Chapeco-3887/RPE-399-2026-2026-514364,Portal de Compras Públicas,Material,True,False,3,Sem benefício,False
PCP-2D98AF8DA803,Rodobens,399/2026,399,2026,614,SC,Prefeitura Municipal de Chapecó,83021808000182,MUNICIPIO DE CHAPECO,M,Chapecó,2424666.66,,2026-09-25 22:54:19,2026-10-08 08:55:00,Pregão - Eletrônico,Aberto,Divulgada no PNCP,True,https://pncp.gov.br/app/editais/83021808000182/2026/614,https://www.portaldecompraspublicas.com.br/processos/SC/Prefeitura-Municipal-de-Chapeco-3887/RPE-399-2026-2026-514364,Portal de Compras Públicas,Material,True,False,3,Sem benefício,False
BBNEW-CF48C44FF5B8,Cabala,0123/2026/2026,0123/2026,2026,115,SC,EPAGRI - S.A.,83052191000162,EMPRESA DE PESQUISA AGROPECUARIA E EXTENSAO RURAL DE SANTA CATARINA,N,Florianópolis,0.0,,2026-09-23 18:32:41,2026-10-08 09:00:00,Pregão - Eletrônico,Aberto,Divulgada no PNCP,False,https://pncp.gov.br/app/editais/83052191000162/2026/115,https://licitacoes-e2.bb.com.br/aop-inter-estatico/visualizar-processo-publico/1101411,Novo Banco do Brasil,Material,True,False,4,Não se aplica,True
BBNEW-CF48C44FF5B8,Divena,0123/2026/2026,0123/2026,2026,115,SC,EPAGRI - S.A.,83052191000162,EMPRESA DE PESQUISA AGROPECUARIA E EXTENSAO RURAL DE SANTA CATARINA,N,Florianópolis,0.0,,2026-09-23 18:32:41,2026-10-08 09:00:00,Pregão - Eletrônico,Aberto,Divulgada no PNCP,False,https://pncp.gov.br/app/editais/83052191000162/2026/115,https://licitacoes-e2.bb.com.br/aop-inter-estatico/visualizar-processo-publico/1101411,Novo Banco do Brasil,Material,True,False,4,Não se aplica,True
SC-049827EC6DB6,Air Liquide,PCE 49/2026,PCE 49,2026,118,Santa Catarina,DEPARTAMENTO ADMINISTRATIVO,83102327000100,MUNICIPIO DE PENHA,M,Penha,31903.63,,2026-09-08 09:00:18,2026-09-28 09:55:00,Pregão - Eletrônico,Aberto,Divulgada no PNCP,False,https://pncp.gov.br/app/editais/83102327000100/2026/118,,SC,Serviço,False,True,4,Sem benefício,False
SC-226EB8EC2AD1,Mercedes,PCE 15/2026,PCE 15,2026,149,SC,Obras e Servicos Urbanos,83102442000176,MUNICIPIO DE WITMARSUM,M,Witmarsum,1925000.0,,2026-09-25 09:00:30,2026-10-08 08:30:00,Pregão - Eletrônico,Aberto,Divulgada no PNCP,True,https://pncp.gov.br/app/editais/83102442000176/2026/149,,SC,Material,True,False,2,Sem benefício,False
SC-226EB8EC2AD1,Divena,PCE 15/2026,PCE 15,2026,149,SC,Obras e Servicos Urbanos,83102442000176,MUNICIPIO DE WITMARSUM,M,Witmarsum,1925000.0,,2026-09-25 09:00:30,2026-10-08 08:30:00,Pregão - Eletrônico,Aberto,Divulgada no PNCP,True,https://pncp.gov.br/app/editais/83102442000176/2026/149,,SC,Material,True,False,2,Sem benefício,False
SC-226EB8EC2AD1,Rodobens,PCE 15/2026,PCE 15,2026,149,SC,Obras e Servicos Urbanos,83102442000176,MUNICIPIO DE WITMARSUM,M,Witmarsum,1925000.0,,2026-09-25 09:00:30,2026-10-08 08:30:00,Pregão - Eletrônico,Aberto,Divulgada no PNCP,True,https://pncp.gov.br/app/editais/83102442000176/2026/149,,SC,Material,True,False,2,Sem benefício,False
SC-6A69E0D4F318,Air Liquide,PCE 23/2026,PCE 23,2026,65,Santa Catarina,DIVISAO DE ESTRADAS E RODAGEM,83102467000170,MUNICIPIO DE CORUPA,M,Corupá,87435.8,,2026-09-08 08:54:07,2026-09-22 08:00:00,Pregão - Eletrônico,Aberto,Divulgada no PNCP,True,https://pncp.gov.br/app/editais/83102467000170/2026/65,,SC,Misto,True,True,5,Sem benefício,False
SC-80839C8D37B6,Editais,PE 119/2026,PE 119,2026,131,Santa Catarina,MUNICÍPIO DE PORTO UNIÃO,83102541000158,MUNICIPIO DE PORTO UNIAO,M,Porto União,444780.0,,2026-08-27 13:35:05,2026-09-15 14:59:00,Pregão - Eletrônico,Aberto,Divulgada no PNCP,True,https://pncp.gov.br/app/editais/83102541000158/2026/131,,SC,Serviço,False,True,1,Sem benefício,False
PCP-ABEDF2633C19,Air Liquide,RPPE4/2026,RPPE4,2026,142,SC,Fundo Municipal de Agricultura,83102673000180,MUNICIPIO DE PETROLANDIA,M,Petrolândia,51240.0,,2026-09-22 07:42:36,2026-10-13 08:59:00,Pregão - Eletrônico,Aberto,Divulgada no PNCP,True,https://pncp.gov.br/app/editais/83102673000180/2026/142,https://www.portaldecompraspublicas.com.br/processos/SC/Prefeitura-Municipal-de-Petrolandia-1478/RPE-RPPE4-2026-2026-513003,Portal de Compras Públicas,Material,True,False,1,Participação exclusiva para ME/EPP,True
COMPRASBR-4467C0C0528C,Air Liquide,22 2026/2026,22 2026,2026,94,SC,PREFEITURA MUNICIPAL DE POUSO REDONDO - SC,83102681000126,MUNICIPIO DE POUSO REDONDO,M,Pouso Redondo,179949.0,,2026-09-17 15:43:14,2026-10-02 07:00:00,Pregão - Eletrônico,Aberto,Divulgada no PNCP,False,https://pncp.gov.br/app/editais/83102681000126/2026/94,https://comprasbr.com.br/pregao-eletronico-detalhe/?idlicitacao=48411,Compras BR,Material,True,False,1,Não se aplica,True
COMPRASBR-F94C66496922,GCT,40/2026,40,2026,476,Santa Catarina,Prefeitura Municipal de Blumenau,83108357000115,MUNICIPIO DE BLUMENAU,M,Blumenau,44229806.0,,2026-09-08 15:15:10,2026-09-22 08:25:00,Pregão - Eletrônico,Aberto,Divulgada no PNCP,False,https://pncp.gov.br/app/editais/83108357000115/2026/476,https://comprasbr.com.br/pregao-eletronico-detalhe/?idlicitacao=48146,Compras BR,Material,True,False,4,Não se aplica; Participação exclusiva para ME/EPP,True
COMPRASGOV-D1C9AB3FDD37,Air Liquide,5/2026,5,2026,470,Santa Catarina,PREFEITURA MUNICIPAL DE JOINVILLE,83169623000110,MUNICIPIO DE JOINVILLE,M,Joinville,2507611.2,,2026-08-12 08:14:52,2026-08-24 08:30:00,Pregão - Eletrônico,Aberto,Divulgada no PNCP,True,https://pncp.gov.br/app/editais/83169623000110/2026/470,https://cnetmobile.estaleiro.serpro.gov.br/comprasnet-web/public/compras/acompanhamento-compra?compra=45323005000052026,ComprasGov,Material,True,False,8,Sem benefício,False
PCP-437AFD24A06A,Air Liquide,PREGÃO (SRP) Nº9/2026-015-FMS/2026,PREGÃO (SRP) Nº9/2026-015-FMS,2026,25,PA,Fundo Municipal de Saúde,83211375000128,MUNICIPIO DE ABEL FIGUEIREDO,M,Abel Figueiredo,0.0,,2026-09-25 11:59:06,2026-10-13 08:59:00,Pregão - Eletrônico,Aberto,Divulgada no PNCP,True,https://pncp.gov.br/app/editais/83211375000128/2026/25,https://www.portaldecompraspublicas.com.br/processos/PA/Prefeitura-Municipal-de-Abel-Figueiredo-1464/RPE-PREGAO-SRP-NO9-2026-015-FMS-2026-2026-514209,Portal de Compras Públicas,Material,True,False,8,Sem benefício,False
COMPRASGOV-B095670FBA84,Air Liquide,5/2026,5,2026,42,PA,PREFEITURA MUNICIPAL SANTA BARBARA DO PARA,83334698000109,MUNICIPIO DE SANTA BARBARA DO PARA,M,Santa Bárbara do Pará,0.0,,2026-09-16 23:30:19,2026-10-01 14:00:00,Pregão - Eletrônico,Aberto,Divulgada no PNCP,True,https://pncp.gov.br/app/editais/83334698000109/2026/42,https://cnetmobile.estaleiro.serpro.gov.br/comprasnet-web/public/compras/acompanhamento-compra?compra=98036905000052026,ComprasGov,Material,True,False,4,Sem benefício,False
LICITANET-858FC4A82317,Air Liquide,038/2026,038,2026,39,Rondônia,MUNICÍPIO DE TEIXEIRÓPOLIS/RO,84722933000182,MUNICIPIO DE TEIXEIROPOLIS,M,Teixeirópolis,128450.0,,2026-09-14 11:26:22,2026-09-29 09:00:00,Pregão - Eletrônico,Aberto,Divulgada no PNCP,True,https://pncp.gov.br/app/editais/84722933000182/2026/39,https://licitanet.com.br/sessao/201321,Licitanet,Material,True,False,2,Participação exclusiva para ME/EPP; Sem benefício,True
SC-AD89138294F8,Divena,PCE 145/2026,PCE 145,2026,155,Santa Catarina,Secretaria Municipal de Educação - Ensino Fundamental ,86051398000100,MUNICIPIO DE SAO BENTO DO SUL,M,São Bento do Sul,3110732.88,,2026-09-14 16:46:14,2026-10-09 08:30:00,Pregão - Eletrônico,Aberto,Divulgada no PNCP,True,https://pncp.gov.br/app/editais/86051398000100/2026/155,,SC,Material,True,False,1,Sem benefício,False
SC-AD89138294F8,Rodobens,PCE 145/2026,PCE 145,2026,155,Santa Catarina,Secretaria Municipal de Educação - Ensino Fundamental ,86051398000100,MUNICIPIO DE SAO BENTO DO SUL,M,São Bento do Sul,3110732.88,,2026-09-14 16:46:14,2026-10-09 08:30:00,Pregão - Eletrônico,Aberto,Divulgada no PNCP,True,https://pncp.gov.br/app/editais/86051398000100/2026/155,,SC,Material,True,False,1,Sem benefício,False
SC-AD89138294F8,Mercedes,PCE 145/2026,PCE 145,2026,155,Santa Catarina,Secretaria Municipal de Educação - Ensino Fundamental ,86051398000100,MUNICIPIO DE SAO BENTO DO SUL,M,São Bento do Sul,3110732.88,,2026-09-14 16:46:14,2026-10-09 08:30:00,Pregão - Eletrônico,Aberto,Divulgada no PNCP,True,https://pncp.gov.br/app/editais/86051398000100/2026/155,,SC,Material,True,False,1,Sem benefício,False
RS-794EDC0D3F45,Air Liquide,PCE 24/2026,PCE 24,2026,188,Rio Grande do Sul,FUNDO MUN SAUDE,87246120000151,MUNICIPIO DE ESTRELA,M,Estrela,132043.8,,2026-09-09 13:58:56,2026-09-23 23:59:59,Pregão - Eletrônico,Aberto,Divulgada no PNCP,True,https://pncp.gov.br/app/editais/87246120000151/2026/188,,RS,Material,True,False,4,Sem benefício,False
PCP-1F30004EACCB,Air Liquide,024/2026,024,2026,190,Rio Grande do Sul,FUNDO MUN SAUDE,87246120000151,MUNICIPIO DE ESTRELA,M,Estrela,132043.8,,2026-09-09 20:02:02,2026-09-23 23:59:00,Pregão - Eletrônico,Aberto,Divulgada no PNCP,True,https://pncp.gov.br/app/editais/87246120000151/2026/190,https://www.portaldecompraspublicas.com.br/processos/RS/Prefeitura-Municipal-de-Estrela-3235/RPE-024-2026-2026-510007,Portal de Compras Públicas,Misto,True,True,4,Sem benefício,False
BANR-AFACDEE8D738,GCT,0050/2026,0050,2026,287,Rio Grande do Sul,MUNICÍPIO DE LAJEADO,87297982000103,MUNICIPIO DE LAJEADO,M,Lajeado,5637465.0,,2026-09-14 11:31:03,2026-10-01 09:00:00,Pregão - Eletrônico,Aberto,Divulgada no PNCP,True,https://pncp.gov.br/app/editais/87297982000103/2026/287,https://pregaobanrisul.com.br/editais/0050_2026/356655,Banrisul,Serviço,False,True,10,Sem benefício,False
RS-8084BA16D525,Cabala,116 | Processo 1358/2026,116 | Processo 1358,2026,1553,Rio Grande do Sul,PREFEITURA MUNICIPAL,87482535000124,MUNICIPIO DE DOM PEDRITO,M,Dom Pedrito,0.0,,2026-09-03 11:18:35,2026-09-18 08:59:00,Pregão - Eletrônico,Aberto,Divulgada no PNCP,True,https://pncp.gov.br/app/editais/87482535000124/2026/1553, ,RS,Material,True,False,3,Não se aplica,True
RS-8084BA16D525,Divena,116 | Processo 1358/2026,116 | Processo 1358,2026,1553,Rio Grande do Sul,PREFEITURA MUNICIPAL,87482535000124,MUNICIPIO DE DOM PEDRITO,M,Dom Pedrito,0.0,,2026-09-03 11:18:35,2026-09-18 08:59:00,Pregão - Eletrônico,Aberto,Divulgada no PNCP,True,https://pncp.gov.br/app/editais/87482535000124/2026/1553, ,RS,Material,True,False,3,Não se aplica,True
PCP-5333FBAC7606,Air Liquide,130/2026,130,2026,1645,Rio Grande do Sul,PREFEITURA MUNICIPAL,87482535000124,MUNICIPIO DE DOM PEDRITO,M,Dom Pedrito,0.0,,2026-09-14 12:08:57,2026-09-30 08:59:00,Pregão - Eletrônico,Aberto,Divulgada no PNCP,True,https://pncp.gov.br/app/editais/87482535000124/2026/1645,https://www.portaldecompraspublicas.com.br/processos/RS/Prefeitura-Municipal-de-Dom-Pedrito-1520/RPE-130-2026-2026-511099,Portal de Compras Públicas,Material,True,False,4,Participação exclusiva para ME/EPP,True
RS-7A226F32EC71,Rodobens,39 | Processo 2579/2026,39 | Processo 2579,2026,101,RS,PREFEITURA MUNICIPAL,87531976000179,MUNICIPIO DE AGUDO,M,Agudo,0.0,,2026-09-04 10:03:03,2026-10-06 08:59:00,Pregão - Eletrônico,Aberto-Fechado,Divulgada no PNCP,False,https://pncp.gov.br/app/editais/87531976000179/2026/101, ,RS,Material,True,False,1,Não se aplica,True
RS-7A226F32EC71,Mercedes,39 | Processo 2579/2026,39 | Processo 2579,2026,101,RS,PREFEITURA MUNICIPAL,87531976000179,MUNICIPIO DE AGUDO,M,Agudo,0.0,,2026-09-04 10:03:03,2026-10-06 08:59:00,Pregão - Eletrônico,Aberto-Fechado,Divulgada no PNCP,False,https://pncp.gov.br/app/editais/87531976000179/2026/101, ,RS,Material,True,False,1,Não se aplica,True
RS-7A226F32EC71,Divena,39 | Processo 2579/2026,39 | Processo 2579,2026,101,RS,PREFEITURA MUNICIPAL,87531976000179,MUNICIPIO DE AGUDO,M,Agudo,0.0,,2026-09-04 10:03:03,2026-10-06 08:59:00,Pregão - Eletrônico,Aberto-Fechado,Divulgada no PNCP,False,https://pncp.gov.br/app/editais/87531976000179/2026/101, ,RS,Material,True,False,1,Não se aplica,True
PCP-995AE2BEBFF0,Rodobens,084/2026,084,2026,160,RS,Coordenadoria de Licitações e Contratos,87612537000190,MUNICIPIO DE PASSO FUNDO,M,Passo Fundo,0.0,,2026-09-14 15:58:15,2026-10-15 08:30:00,Pregão - Eletrônico,Aberto-Fechado,Divulgada no PNCP,False,https://pncp.gov.br/app/editais/87612537000190/2026/160,https://www.portaldecompraspublicas.com.br/processos/RS/Prefeitura-Municipal-de-Passo-Fundo-31/PE-084-2026-2026-511027,Portal de Compras Públicas,Material,True,False,1,Sem benefício,False
RS-8EAEA8C5E2EE,Air Liquide,75/2026,75,2026,407,Rio Grande do Sul,MUNICIPIO DE SANTO CRISTO/RS,87612818000143,MUNICIPIO DE SANTO CRISTO,M,Santo Cristo,164037.0,,2026-08-29 03:02:06,2026-09-15 08:30:00,Pregão - Eletrônico,Aberto-Fechado,Divulgada no PNCP,True,https://pncp.gov.br/app/editais/87612818000143/2026/407,,RS,Material,True,False,5,Não se aplica,True
RS-5BE2B2F9E64A,Air Liquide,58/2026,58,2026,868,Rio Grande do Sul,MUNICIPIO DE INDEPENDECIA/RS,87612826000190,MUNICIPIO DE INDEPENDENCIA,M,Independência,534830.0,,2026-08-27 14:17:36,2026-09-28 08:29:00,Pregão - Eletrônico,Aberto,Divulgada no PNCP,True,https://pncp.gov.br/app/editais/87612826000190/2026/868,,RS,Material,True,False,3,Sem benefício,False
BANR-D980DD92288A,Air Liquide,0058/2026,0058,2026,871,Rio Grande do Sul,MUNICIPIO DE INDEPENDECIA/RS,87612826000190,MUNICIPIO DE INDEPENDENCIA,M,Independência,534830.0,,2026-08-28 09:51:10,2026-09-28 08:30:00,Pregão - Eletrônico,Aberto,Divulgada no PNCP,True,https://pncp.gov.br/app/editais/87612826000190/2026/871,https://pregaobanrisul.com.br/editais/0058_2026/356028,Banrisul,Material,True,False,3,Sem benefício,False
RS-AF66EF9775B0,Hexis,77/2026,77,2026,407,Rio Grande do Sul,MUNICIPIO DE BOSSOROCA/RS,87613014000169,MUNICIPIO DE BOSSOROCA,M,Bossoroca,30254.07,,2026-08-14 10:06:45,2026-09-02 07:30:00,Pregão - Eletrônico,Aberto,Divulgada no PNCP,True,https://pncp.gov.br/app/editais/87613014000169/2026/407,SITE DO MUNICIPIO,RS,Serviço,False,True,10,Não se aplica,True
RS-137CFD89CD38,Air Liquide,59 | Processo 126/2026,59 | Processo 126,2026,126,Rio Grande do Sul,EXECUTIVO MUNICIPAL,87613253000119,MUNICIPIO DE AJURICABA,M,Ajuricaba,13000.6,,2026-09-09 14:49:34,2026-09-25 08:20:00,Pregão - Eletrônico,Aberto,Divulgada no PNCP,True,https://pncp.gov.br/app/editais/87613253000119/2026/126, ,RS,Material,True,False,3,Não se aplica,True
PCP-FF76E326FD0D,Air Liquide,118/2026,118,2026,149,Rio Grande do Sul,MUNICIPIO DE SANTIAGO - CELIC,87897740000150,MUNICIPIO DE SANTIAGO,M,Santiago,12792.0,,2026-08-31 10:32:50,2026-09-18 08:30:00,Pregão - Eletrônico,Aberto,Divulgada no PNCP,True,https://pncp.gov.br/app/editais/87897740000150/2026/149,https://www.portaldecompraspublicas.com.br/processos/RS/Prefeitura-Municipal-de-Santiago-277/RPE-118-2026-2026-507933,Portal de Compras Públicas,Material,True,False,1,Sem benefício,False
PCP-4F69C7A389DB,Editais,73/2026,73,2026,331,Rio Grande do Sul,"Departamento Geral de Compras, Licitações e Contratos",88000906000157,MUNICIPIO DE ALVORADA,M,Alvorada,1387442.6,,2026-09-01 09:50:12,2026-09-24 08:59:00,Pregão - Eletrônico,Aberto-Fechado,Divulgada no PNCP,True,https://pncp.gov.br/app/editais/88000906000157/2026/331,https://www.portaldecompraspublicas.com.br/processos/RS/Prefeitura-Municipal-de-Alvorada-59/RPE-73-2026-2026-508251,Portal de Compras Públicas,Serviço,False,True,8,Sem benefício,False
PCP-7F9105C3905B,Rodobens,75/2026,75,2026,374,Rio Grande do Sul,"Departamento Geral de Compras, Licitações e Contratos",88000906000157,MUNICIPIO DE ALVORADA,M,Alvorada,726961.5,,2026-09-23 08:26:07,2026-10-06 08:59:00,Pregão - Eletrônico,Aberto-Fechado,Divulgada no PNCP,False,https://pncp.gov.br/app/editais/88000906000157/2026/374,https://www.portaldecompraspublicas.com.br/processos/RS/Prefeitura-Municipal-de-Alvorada-59/PE-75-2026-2026-510678,Portal de Compras Públicas,Material,True,False,2,Sem benefício,False
PCP-7F9105C3905B,Cabala,75/2026,75,2026,374,Rio Grande do Sul,"Departamento Geral de Compras, Licitações e Contratos",88000906000157,MUNICIPIO DE ALVORADA,M,Alvorada,726961.5,,2026-09-23 08:26:07,2026-10-06 08:59:00,Pregão - Eletrônico,Aberto-Fechado,Divulgada no PNCP,False,https://pncp.gov.br/app/editais/88000906000157/2026/374,https://www.portaldecompraspublicas.com.br/processos/RS/Prefeitura-Municipal-de-Alvorada-59/PE-75-2026-2026-510678,Portal de Compras Públicas,Material,True,False,2,Sem benefício,False
PCP-7F9105C3905B,Divena,75/2026,75,2026,374,Rio Grande do Sul,"Departamento Geral de Compras, Licitações e Contratos",88000906000157,MUNICIPIO DE ALVORADA,M,Alvorada,726961.5,,2026-09-23 08:26:07,2026-10-06 08:59:00,Pregão - Eletrônico,Aberto-Fechado,Divulgada no PNCP,False,https://pncp.gov.br/app/editais/88000906000157/2026/374,https://www.portaldecompraspublicas.com.br/processos/RS/Prefeitura-Municipal-de-Alvorada-59/PE-75-2026-2026-510678,Portal de Compras Públicas,Material,True,False,2,Sem benefício,False
RS-EFFC4D95DB39,Air Liquide,28 | Processo 1788/2026,28 | Processo 1788,2026,76,Rio Grande do Sul,PREFEITURA MUNICIPAL DE ROSARIO DO SUL,88138292000174,MUNICIPIO DE ROSARIO DO SUL,M,Rosário do Sul,1066730.4,,2026-06-19 12:34:13,2026-09-08 08:45:00,Pregão - Eletrônico,Aberto,Divulgada no PNCP,True,https://pncp.gov.br/app/editais/88138292000174/2026/76, ,RS,Serviço,False,True,6,Não se aplica,True
RS-3A06A2B7CE0C,Rodobens,70 | Processo 785/2026,70 | Processo 785,2026,692,RS,PREFEITURA MUNICIPAL,88227764000165,MUNICIPIO DE TUPANCIRETA,M,Tupanciretã,396000.0,,2026-07-24 09:31:26,2026-10-07 08:00:00,Pregão - Eletrônico,Aberto,Divulgada no PNCP,False,https://pncp.gov.br/app/editais/88227764000165/2026/692, ,RS,Material,True,False,1,Não se aplica,True
RS-3A06A2B7CE0C,Mercedes,70 | Processo 785/2026,70 | Processo 785,2026,692,RS,PREFEITURA MUNICIPAL,88227764000165,MUNICIPIO DE TUPANCIRETA,M,Tupanciretã,396000.0,,2026-07-24 09:31:26,2026-10-07 08:00:00,Pregão - Eletrônico,Aberto,Divulgada no PNCP,False,https://pncp.gov.br/app/editais/88227764000165/2026/692, ,RS,Material,True,False,1,Não se aplica,True
RS-3A06A2B7CE0C,Divena,70 | Processo 785/2026,70 | Processo 785,2026,692,RS,PREFEITURA MUNICIPAL,88227764000165,MUNICIPIO DE TUPANCIRETA,M,Tupanciretã,396000.0,,2026-07-24 09:31:26,2026-10-07 08:00:00,Pregão - Eletrônico,Aberto,Divulgada no PNCP,False,https://pncp.gov.br/app/editais/88227764000165/2026/692, ,RS,Material,True,False,1,Não se aplica,True
BANR-D3E7F3620791,Rodobens,0020/2026,0020,2026,1334,Rio Grande do Sul,PREFEITURA MUNICIPAL DE SÃO SEBASTIÃO DO CAÍ,88370879000104,MUNICIPIO DE SAO SEBASTIAO DO CAI,M,São Sebastião do Caí,558826.66,,2026-08-21 13:12:48,2026-09-04 08:30:00,Pregão - Eletrônico,Aberto,Divulgada no PNCP,False,https://pncp.gov.br/app/editais/88370879000104/2026/1334,https://pregaobanrisul.com.br/editais/0020_2026/355714,Banrisul,Material,True,False,2,Sem benefício,False
PCP-444858B4718A,Editais,23/2026,23,2026,135,RS,Departamento de Licitações,88379763000136,MUNICIPIO DE IGREJINHA,M,Igrejinha,117821.19,,2026-09-21 13:51:30,2026-10-02 08:29:00,Pregão - Eletrônico,Aberto,Divulgada no PNCP,False,https://pncp.gov.br/app/editais/88379763000136/2026/135,https://www.portaldecompraspublicas.com.br/processos/RS/Prefeitura-Municipal-de-Igrejinha-15/PE-23-2026-2026-512847,Portal de Compras Públicas,Material,True,False,1,Sem benefício,False
PCP-53437E63FEA2,Rodobens,53/2026,53,2026,182,Rio Grande do Sul,Prefeitura Municipal de São Borja,88489786000101,MUNICIPIO DE SAO BORJA,M,São Borja,735233.33,,2026-09-09 10:13:35,2026-09-23 08:29:00,Pregão - Eletrônico,Aberto,Divulgada no PNCP,False,https://pncp.gov.br/app/editais/88489786000101/2026/182,https://www.portaldecompraspublicas.com.br/processos/RS/Prefeitura-Municipal-de-Sao-Borja-1482/PE-53-2026-2026-507499,Portal de Compras Públicas,Material,True,False,1,Sem benefício,False
PCP-53437E63FEA2,Divena,53/2026,53,2026,182,Rio Grande do Sul,Prefeitura Municipal de São Borja,88489786000101,MUNICIPIO DE SAO BORJA,M,São Borja,735233.33,,2026-09-09 10:13:35,2026-09-23 08:29:00,Pregão - Eletrônico,Aberto,Divulgada no PNCP,False,https://pncp.gov.br/app/editais/88489786000101/2026/182,https://www.portaldecompraspublicas.com.br/processos/RS/Prefeitura-Municipal-de-Sao-Borja-1482/PE-53-2026-2026-507499,Portal de Compras Públicas,Material,True,False,1,Sem benefício,False
PCP-F7842219925C,Air Liquide,55/2026,55,2026,185,Rio Grande do Sul,Prefeitura Municipal de São Borja,88489786000101,MUNICIPIO DE SAO BORJA,M,São Borja,185078.4,,2026-09-16 11:26:10,2026-10-01 08:29:00,Pregão - Eletrônico,Aberto,Divulgada no PNCP,True,https://pncp.gov.br/app/editais/88489786000101/2026/185,https://www.portaldecompraspublicas.com.br/processos/RS/Prefeitura-Municipal-de-Sao-Borja-1482/RPE-55-2026-2026-510510,Portal de Compras Públicas,Material,True,False,1,Sem benefício,False
PCP-8B70F1737B7B,Air Liquide,56/2026,56,2026,186,Rio Grande do Sul,Prefeitura Municipal de São Borja,88489786000101,MUNICIPIO DE SAO BORJA,M,São Borja,430894.0,,2026-09-21 10:32:16,2026-10-02 08:29:00,Pregão - Eletrônico,Aberto,Divulgada no PNCP,True,https://pncp.gov.br/app/editais/88489786000101/2026/186,https://www.portaldecompraspublicas.com.br/processos/RS/Prefeitura-Municipal-de-Sao-Borja-1482/RPE-56-2026-2026-510984,Portal de Compras Públicas,Material,True,False,3,Sem benefício,False
RS-F712DC7D6D0E,Rodobens,[5316] 85/2026,[5316] 85,2026,436,RS,PREFEITURA MUNICIPAL DO RIO GRANDE - RS,88566872000162,MUNICIPIO DO RIO GRANDE,M,Rio Grande,354500.0,,2026-08-25 10:44:33,2026-09-30 09:00:00,Pregão - Eletrônico,Aberto,Suspensa,False,https://pncp.gov.br/app/editais/88566872000162/2026/436,,RS,Material,True,False,1,Não se aplica,True
RS-F7F21D350C28,Rodobens,[5418] 106/2026,[5418] 106,2026,519,RS,PREFEITURA MUNICIPAL DO RIO GRANDE - RS,88566872000162,MUNICIPIO DO RIO GRANDE,M,Rio Grande,775490.0,,2026-09-21 13:52:44,2026-10-02 08:00:00,Pregão - Eletrônico,Aberto,Divulgada no PNCP,False,https://pncp.gov.br/app/editais/88566872000162/2026/519,,RS,Material,True,False,4,Não se aplica,True
BANR-82158F6C4D49,Air Liquide,0000227/2026,0000227,2026,166,Rio Grande do Sul,PREFEITURA MUNICIPAL DE CANOAS PREFEITURA MUNICIPAL DE CANOAS,88577416000118,MUNICIPIO DE CANOAS,M,Canoas,987966.7,,2026-09-14 14:51:29,2026-09-29 10:01:00,Pregão - Eletrônico,Aberto,Divulgada no PNCP,False,https://pncp.gov.br/app/editais/88577416000118/2026/166,https://pregaobanrisul.com.br/editais/0000227_2026/356699,Banrisul,Serviço,False,True,5,Sem benefício,False
RS-D2D0F8E7477B,Air Liquide,40/2026,40,2026,34,Rio Grande do Sul,Município de Serafina Corrêa,88597984000180,MUNICIPIO DE SERAFINA CORREA,M,Serafina Corrêa,139584.5,,2026-08-17 14:40:37,2026-09-01 23:59:00,Pregão - Eletrônico,Aberto,Divulgada no PNCP,True,https://pncp.gov.br/app/editais/88597984000180/2026/34,,RS,Material,True,False,5,Não se aplica,True
PCP-0AAB6187ECE2,Hexis,32/2026,32,2026,296,Rio Grande do Sul,Prefeitura Municipal de Dom Feliciano,88601943000110,MUNICIPIO DE DOM FELICIANO,M,Dom Feliciano,98660.0,,2026-09-04 09:42:02,2026-09-22 08:30:00,Pregão - Eletrônico,Aberto,Divulgada no PNCP,False,https://pncp.gov.br/app/editais/88601943000110/2026/296,https://www.portaldecompraspublicas.com.br/processos/RS/Prefeitura-Municipal-de-Dom-Feliciano-1083/PE-32-2026-2026-509282,Portal de Compras Públicas,Material,True,False,1,Sem benefício,False
RS-7FA6B97F30B7,Air Liquide,PCE 59/2026,PCE 59,2026,208,Rio Grande do Sul,Secretaria Munic da Saude -sms -asps,88696810000175,MUNICIPIO DE CAMAQUA,M,Camaquã,1581139.8,,2026-09-15 09:59:54,2026-09-30 08:30:00,Pregão - Eletrônico,Aberto,Divulgada no PNCP,True,https://pncp.gov.br/app/editais/88696810000175/2026/208,,RS,Material,True,False,10,Cota reservada para ME/EPP; Participação exclusiva para ME/EPP; Sem benefício,True
RS-8DF92CAB2D34,SAI Brasil,PCE 76/2026,PCE 76,2026,144,Rio Grande do Sul,Unidades Administrativas  Subordinadas,88775390000112,MUNICIPIO DE CRUZ ALTA,M,Cruz Alta,2806122.5,,2026-05-05 08:47:45,2026-10-01 08:00:00,Pregão - Eletrônico,Aberto,Suspensa,False,https://pncp.gov.br/app/editais/88775390000112/2026/144,,RS,Serviço,False,True,2,Sem benefício,False
RS-D9468E2FC2D2,Air Liquide,58 | Processo 331/2026,58 | Processo 331,2026,215,Rio Grande do Sul,EXECUTIVO MUNICIPAL,88821079000162,MUNICIPIO DE RIO PARDO,M,Rio Pardo,53857.2,,2026-07-01 10:17:05,2026-08-24 08:30:00,Pregão - Eletrônico,Aberto,Divulgada no PNCP,True,https://pncp.gov.br/app/editais/88821079000162/2026/215, ,RS,Material,True,False,4,Participação exclusiva para ME/EPP,True
COMPRASGOV-63212BFA9AAB,Air Liquide,61/2026,61,2026,424,Rio Grande do Sul,MRS-PREFEITURA MUNICIPAL DE CAXIAS DO SUL,88830609000139,MUNICIPIO DE CAXIAS DO SUL,M,Caxias do Sul,1144973.0,,2026-08-07 08:26:31,2026-09-16 09:00:00,Pregão - Eletrônico,Aberto,Divulgada no PNCP,True,https://pncp.gov.br/app/editais/88830609000139/2026/424,https://cnetmobile.estaleiro.serpro.gov.br/comprasnet-web/public/compras/acompanhamento-compra?compra=98859905000612026,ComprasGov,Material,True,False,3,Sem benefício,False
PCP-7C3232155231,Divena,27/2026,27,2026,251,RS,Prefeitura Municipal de São Leopoldo,89814693000160,MUNICIPIO DE SAO LEOPOLDO,M,São Leopoldo,14880000.0,,2026-09-22 14:46:39,2026-10-06 09:00:00,Pregão - Eletrônico,Aberto,Divulgada no PNCP,False,https://pncp.gov.br/app/editais/89814693000160/2026/251,https://www.portaldecompraspublicas.com.br/processos/RS/Prefeitura-Municipal-de-Sao-Leopoldo-4967/PE-27-2026-2026-513254,Portal de Compras Públicas,Misto,True,True,2,Sem benefício,False
PCP-7C3232155231,Mercedes,27/2026,27,2026,251,RS,Prefeitura Municipal de São Leopoldo,89814693000160,MUNICIPIO DE SAO LEOPOLDO,M,São Leopoldo,14880000.0,,2026-09-22 14:46:39,2026-10-06 09:00:00,Pregão - Eletrônico,Aberto,Divulgada no PNCP,False,https://pncp.gov.br/app/editais/89814693000160/2026/251,https://www.portaldecompraspublicas.com.br/processos/RS/Prefeitura-Municipal-de-Sao-Leopoldo-4967/PE-27-2026-2026-513254,Portal de Compras Públicas,Misto,True,True,2,Sem benefício,False
BBNEW-2FBDC1F09298,Setti,148/2026/2026,148/2026,2026,94,Rio Grande do Sul,EMPRESA DE TRENS URBANOS DE PORTO ALEGRE-LICITACOE,90976853000156,EMPRESA DE TRENS URBANOS DE PORTO ALEGRE S/A,F,Porto Alegre,0.01,,2026-07-28 18:32:13,2026-09-28 08:59:50,Pregão - Eletrônico,Aberto,Divulgada no PNCP,False,https://pncp.gov.br/app/editais/90976853000156/2026/94,https://licitacoes-e2.bb.com.br/aop-inter-estatico/visualizar-processo-publico/1097702,Novo Banco do Brasil,Serviço,False,True,1,Sem benefício,False
PCP-6BA7BD1DD32A,Air Liquide,35/2026,35,2026,82,Rio Grande do Sul,Autarquia Municipal de Saúde,92032226000192,HOSPITAL BENEFICIENTE DR CESAR SANTOS,M,Passo Fundo,447890.0,,2026-08-27 09:02:20,2026-09-14 08:30:00,Pregão - Eletrônico,Aberto-Fechado,Divulgada no PNCP,False,https://pncp.gov.br/app/editais/92032226000192/2026/82,https://www.portaldecompraspublicas.com.br/processos/RS/Hospital-Beneficente-Dr-Cesar-Santos-985/PE-35-2026-2026-507147,Portal de Compras Públicas,Material,True,False,2,Sem benefício,False
COMPRASGOV-9755C16BD436,Editais,160/2026,160,2026,168,RS,UNIVERSIDADE FEDERAL DE PELOTAS/RS,92242080000100,UNIVERSIDADE FEDERAL DE PELOTAS,F,Pelotas,2144923.2,,2026-09-21 04:11:20,2026-10-06 09:00:00,Pregão - Eletrônico,Aberto,Divulgada no PNCP,False,https://pncp.gov.br/app/editais/92242080000100/2026/168,https://cnetmobile.estaleiro.serpro.gov.br/comprasnet-web/public/compras/acompanhamento-compra?compra=15404705001602026,ComprasGov,Misto,True,True,2,Sem benefício,False
RS-04956CB8DFF0,Mercedes,7/2026,7,2026,90,RS,PREFEITURA MUNICIPAL DE MATO CASTELHANO - RS,92412808000102,MUNICIPIO DE MATO CASTELHANO,M,Mato Castelhano,390000.0,,2026-09-21 08:57:08,2026-09-25 08:00:00,Pregão - Eletrônico,Aberto-Fechado,Divulgada no PNCP,False,https://pncp.gov.br/app/editais/92412808000102/2026/90,,RS,Material,True,False,1,Sem benefício,False
RS-04956CB8DFF0,Divena,7/2026,7,2026,90,RS,PREFEITURA MUNICIPAL DE MATO CASTELHANO - RS,92412808000102,MUNICIPIO DE MATO CASTELHANO,M,Mato Castelhano,390000.0,,2026-09-21 08:57:08,2026-09-25 08:00:00,Pregão - Eletrônico,Aberto-Fechado,Divulgada no PNCP,False,https://pncp.gov.br/app/editais/92412808000102/2026/90,,RS,Material,True,False,1,Sem benefício,False
RS-04956CB8DFF0,Rodobens,7/2026,7,2026,90,RS,PREFEITURA MUNICIPAL DE MATO CASTELHANO - RS,92412808000102,MUNICIPIO DE MATO CASTELHANO,M,Mato Castelhano,390000.0,,2026-09-21 08:57:08,2026-09-25 08:00:00,Pregão - Eletrônico,Aberto-Fechado,Divulgada no PNCP,False,https://pncp.gov.br/app/editais/92412808000102/2026/90,,RS,Material,True,False,1,Sem benefício,False
BBNEW-F312E252FD4D,Air Liquide,0363/26/2026,0363/26,2026,809,Rio Grande do Sul,HOSPITAL NOSSA SENHORA DA CONCEICAO S A,92787118000120,HOSPITAL NOSSA SENHORA DA CONCEICAO S/A,F,Porto Alegre,0.0,,2026-08-18 18:32:00,2026-09-15 09:30:00,Pregão - Eletrônico,Aberto,Divulgada no PNCP,True,https://pncp.gov.br/app/editais/92787118000120/2026/809,https://licitacoes-e2.bb.com.br/aop-inter-estatico/visualizar-processo-publico/1098762,Novo Banco do Brasil,Material,True,False,10,Não se aplica,True
BBNEW-5E59B28FAE92,Hexis,0705/26/2026,0705/26,2026,857,Rio Grande do Sul,HOSPITAL NOSSA SENHORA DA CONCEICAO S A,92787118000120,HOSPITAL NOSSA SENHORA DA CONCEICAO S/A,F,Porto Alegre,0.0,,2026-09-07 18:33:10,2026-09-28 09:30:00,Pregão - Eletrônico,Aberto,Divulgada no PNCP,True,https://pncp.gov.br/app/editais/92787118000120/2026/857,https://licitacoes-e2.bb.com.br/aop-inter-estatico/visualizar-processo-publico/1100173,Novo Banco do Brasil,Material,True,False,10,Não se aplica,True
PCP-E3DDA07CDB3E,Hexis,183/2026,183,2026,211,RS,Gerência de Licitações e Contratos,92924901000198,PORTO ALEGRE DEPARTAMENTO MUNICIPAL DE AGUAS E ESGOTOS,M,Porto Alegre,0.0,,2026-09-18 14:28:51,2026-10-02 08:29:00,Pregão - Eletrônico,Aberto,Divulgada no PNCP,False,https://pncp.gov.br/app/editais/92924901000198/2026/211,https://www.portaldecompraspublicas.com.br/processos/RS/Departamento-Municipal-de-Agua-e-Esgoto-de-Porto-Alegre-Dmae-494/PE-183-2026-2026-512480,Portal de Compras Públicas,Material,True,False,10,Sem benefício,False
PCP-CC3C1F7067B3,Air Liquide,37/2026,37,2026,268,Rio Grande do Sul,Fundação Hospital Centenário de São Leopoldo,92931245000150,FUNDACAO HOSPITAL CENTENARIO,M,São Leopoldo,305220.0,,2026-09-15 12:26:03,2026-09-30 09:00:00,Pregão - Eletrônico,Aberto,Divulgada no PNCP,False,https://pncp.gov.br/app/editais/92931245000150/2026/268,https://www.portaldecompraspublicas.com.br/processos/RS/Fundacao-Hospital-Centenario-de-Sao-Leopoldo-4969/PE-37-2026-2026-499446,Portal de Compras Públicas,Serviço,False,True,2,Sem benefício,False
COMPRASGOV-B1B476D4A4D5,Air Liquide,65/2026,65,2026,55,Rio Grande do Sul,UNIVERSIDADE FED. DE CIENCIAS DA SAUDE/RS,92967595000177,FUNDACAO UNIVERSIDADE FEDERAL DE CIENCIAS DA SAUDE DE PORTO ALEGRE,F,Porto Alegre,573576.6,,2026-09-14 04:00:12,2026-10-08 10:00:00,Pregão - Eletrônico,Aberto,Divulgada no PNCP,False,https://pncp.gov.br/app/editais/92967595000177/2026/55,https://cnetmobile.estaleiro.serpro.gov.br/comprasnet-web/public/compras/acompanhamento-compra?compra=15403205000652026,ComprasGov,Material,True,False,10,Sem benefício,False
RS-DC1FED65B552,Air Liquide,62/2026,62,2026,230,RS,MUNICIPIO DE PORTO MAUA/RS,93845519000151,MUNICIPIO DE PORTO MAUA,M,Porto Mauá,6839.99,,2026-09-22 14:36:00,2026-10-07 09:00:00,Pregão - Eletrônico,Aberto,Divulgada no PNCP,False,https://pncp.gov.br/app/editais/93845519000151/2026/230,,RS,Material,True,False,2,Participação exclusiva para ME/EPP,True
PCP-E583A4E8A77E,Air Liquide,62/2026,62,2026,231,RS,Secretaria de Administração,93845519000151,MUNICIPIO DE PORTO MAUA,M,Porto Mauá,6839.99,,2026-09-22 14:52:01,2026-10-13 09:00:00,Pregão - Eletrônico,Aberto,Divulgada no PNCP,False,https://pncp.gov.br/app/editais/93845519000151/2026/231,https://www.portaldecompraspublicas.com.br/processos/RS/Prefeitura-Municipal-de-Porto-Maua-542/PE-62-2026-2026-513264,Portal de Compras Públicas,Material,True,False,2,Participação exclusiva para ME/EPP,True
PCP-048E9FA5B7F3,Divena,37/2026,37,2026,90,RS,Departamento de Compras,94442241000134,MUNICIPIO DE SAO VALERIO DO SUL,M,São Valério do Sul,759333.3,,2026-09-17 09:50:15,2026-09-30 08:59:00,Pregão - Eletrônico,Aberto-Fechado,Divulgada no PNCP,True,https://pncp.gov.br/app/editais/94442241000134/2026/90,https://www.portaldecompraspublicas.com.br/processos/RS/Prefeitura-Municipal-de-Sao-Valerio-do-Sul-496/RPE-37-2026-2026-512076,Portal de Compras Públicas,Material,True,False,1,Sem benefício,False
PCP-048E9FA5B7F3,Mercedes,37/2026,37,2026,90,RS,Departamento de Compras,94442241000134,MUNICIPIO DE SAO VALERIO DO SUL,M,São Valério do Sul,759333.3,,2026-09-17 09:50:15,2026-09-30 08:59:00,Pregão - Eletrônico,Aberto-Fechado,Divulgada no PNCP,True,https://pncp.gov.br/app/editais/94442241000134/2026/90,https://www.portaldecompraspublicas.com.br/processos/RS/Prefeitura-Municipal-de-Sao-Valerio-do-Sul-496/RPE-37-2026-2026-512076,Portal de Compras Públicas,Material,True,False,1,Sem benefício,False
PCP-048E9FA5B7F3,Rodobens,37/2026,37,2026,90,RS,Departamento de Compras,94442241000134,MUNICIPIO DE SAO VALERIO DO SUL,M,São Valério do Sul,759333.3,,2026-09-17 09:50:15,2026-09-30 08:59:00,Pregão - Eletrônico,Aberto-Fechado,Divulgada no PNCP,True,https://pncp.gov.br/app/editais/94442241000134/2026/90,https://www.portaldecompraspublicas.com.br/processos/RS/Prefeitura-Municipal-de-Sao-Valerio-do-Sul-496/RPE-37-2026-2026-512076,Portal de Compras Públicas,Material,True,False,1,Sem benefício,False
COMPRASGOV-197E1242D54A,GCT,22/2026,22,2026,134,PR,PREFEITURA MUNICIPAL DE MARIPA - PR,95583571000102,MUNICIPIO DE MARIPA,M,Maripá,1045923.24,,2026-09-23 16:29:59,2026-10-09 08:30:00,Pregão - Eletrônico,Aberto,Divulgada no PNCP,True,https://pncp.gov.br/app/editais/95583571000102/2026/134,https://cnetmobile.estaleiro.serpro.gov.br/comprasnet-web/public/compras/acompanhamento-compra?compra=98548705000222026,ComprasGov,Serviço,False,True,1,Não se aplica,True
PR-8B2E7A3ED198,Air Liquide,PCE 52/2026,PCE 52,2026,140,PR,FUNDO MUNICIPAL DE SAÚDE,95583571000102,MUNICIPIO DE MARIPA,M,Maripá,33982.55,,2026-09-28 16:16:14,2026-10-13 08:30:00,Pregão - Eletrônico,Aberto,Divulgada no PNCP,True,https://pncp.gov.br/app/editais/95583571000102/2026/140,,PR,Material,True,False,6,Sem benefício,False
BLL-16B28D9B8D31,Setti,42/2026,42,2026,105,PR,MUNICIPIO DE SAO PEDRO DO IGUAÇU - PR,95583597000150,MUNICIPIO DE SAO PEDRO DO IGUACU,M,São Pedro do Iguaçu,334304.4,,2026-09-02 10:45:28,2026-10-05 09:00:00,Pregão - Eletrônico,Aberto,Divulgada no PNCP,False,https://pncp.gov.br/app/editais/95583597000150/2026/105,https://bllcompras.com/Process/ProcessView?param1=[gkz]WQJgXwK6TiojQ3fLMwhkLPUwax6BTWaHofQx5vugm2Hsxry3AL0QKGuJbkqbXDrUxk0kIP7P7a1A8jZ_EIih8OxLPhBTguF3yojvWK8FN_E=,BLL Compras,Serviço,False,True,1,Sem benefício,False
COMPRASGOV-5F876FF485B6,Air Liquide,56/2026,56,2026,186,Rio Grande do Sul,UNIVERSIDADE FEDERAL DE STA.MARIA/RS,95591764000105,UNIVERSIDADE FEDERAL DE SANTA MARIA,F,Santa Maria,320693.47,,2026-08-18 04:00:09,2026-09-01 09:00:00,Pregão - Eletrônico,Aberto-Fechado,Divulgada no PNCP,True,https://pncp.gov.br/app/editais/95591764000105/2026/186,https://cnetmobile.estaleiro.serpro.gov.br/comprasnet-web/public/compras/acompanhamento-compra?compra=15316405000562026,ComprasGov,Material,True,False,10,Sem benefício,False
COMPRASGOV-1D28E4D6B265,Air Liquide,383/2026,383,2026,202,Rio Grande do Sul,UNIVERSIDADE FEDERAL DE STA.MARIA/RS,95591764000105,UNIVERSIDADE FEDERAL DE SANTA MARIA,F,Santa Maria,62695.08,,2026-08-28 04:00:17,2026-09-16 09:00:00,Pregão - Eletrônico,Aberto-Fechado,Divulgada no PNCP,False,https://pncp.gov.br/app/editais/95591764000105/2026/202,https://cnetmobile.estaleiro.serpro.gov.br/comprasnet-web/public/compras/acompanhamento-compra?compra=15316405003832026,ComprasGov,Material,True,False,2,Sem benefício,False
COMPRASGOV-7AE6D1C76E2E,Watson-Marlow,34/2026,34,2026,103,Paraná,PREFEITURA MUNICIPAL DE MERCEDES - PR,95719373000123,MUNICIPIO DE MERCEDES,M,Mercedes,7205.01,,2026-09-10 11:19:46,2026-09-25 08:00:00,Pregão - Eletrônico,Aberto,Divulgada no PNCP,False,https://pncp.gov.br/app/editais/95719373000123/2026/103,https://cnetmobile.estaleiro.serpro.gov.br/comprasnet-web/public/compras/acompanhamento-compra?compra=98553105000342026,ComprasGov,Material,True,False,2,Participação exclusiva para ME/EPP,True
BLL-520A7B38B33E,Divena,110/2026,110,2026,304,PR,PREFEITURA MUNICIPAL DE ITAIPULÂNDIA - PR,95725057000164,MUNICIPIO DE ITAIPULANDIA,M,Itaipulândia,1517693.65,,2026-09-16 14:29:37,2026-09-30 08:59:00,Pregão - Eletrônico,Aberto,Divulgada no PNCP,False,https://pncp.gov.br/app/editais/95725057000164/2026/304,https://bllcompras.com/Process/ProcessView?param1=[gkz]13cYIKhSUDGeiUz9LcOITGN1KGG637dL5TZ2E_NEv28hLgfzYU4OSJOgKiFCGcsbx7Y_DvxfQhAXreQko2tnjeudczv50xUw5ai7q0v5lLw=,BLL Compras,Material,True,False,6,Sem benefício,False
BLL-520A7B38B33E,Mercedes,110/2026,110,2026,304,PR,PREFEITURA MUNICIPAL DE ITAIPULÂNDIA - PR,95725057000164,MUNICIPIO DE ITAIPULANDIA,M,Itaipulândia,1517693.65,,2026-09-16 14:29:37,2026-09-30 08:59:00,Pregão - Eletrônico,Aberto,Divulgada no PNCP,False,https://pncp.gov.br/app/editais/95725057000164/2026/304,https://bllcompras.com/Process/ProcessView?param1=[gkz]13cYIKhSUDGeiUz9LcOITGN1KGG637dL5TZ2E_NEv28hLgfzYU4OSJOgKiFCGcsbx7Y_DvxfQhAXreQko2tnjeudczv50xUw5ai7q0v5lLw=,BLL Compras,Material,True,False,6,Sem benefício,False
BLL-520A7B38B33E,Cabala,110/2026,110,2026,304,PR,PREFEITURA MUNICIPAL DE ITAIPULÂNDIA - PR,95725057000164,MUNICIPIO DE ITAIPULANDIA,M,Itaipulândia,1517693.65,,2026-09-16 14:29:37,2026-09-30 08:59:00,Pregão - Eletrônico,Aberto,Divulgada no PNCP,False,https://pncp.gov.br/app/editais/95725057000164/2026/304,https://bllcompras.com/Process/ProcessView?param1=[gkz]13cYIKhSUDGeiUz9LcOITGN1KGG637dL5TZ2E_NEv28hLgfzYU4OSJOgKiFCGcsbx7Y_DvxfQhAXreQko2tnjeudczv50xUw5ai7q0v5lLw=,BLL Compras,Material,True,False,6,Sem benefício,False
BLL-520A7B38B33E,Rodobens,110/2026,110,2026,304,PR,PREFEITURA MUNICIPAL DE ITAIPULÂNDIA - PR,95725057000164,MUNICIPIO DE ITAIPULANDIA,M,Itaipulândia,1517693.65,,2026-09-16 14:29:37,2026-09-30 08:59:00,Pregão - Eletrônico,Aberto,Divulgada no PNCP,False,https://pncp.gov.br/app/editais/95725057000164/2026/304,https://bllcompras.com/Process/ProcessView?param1=[gkz]13cYIKhSUDGeiUz9LcOITGN1KGG637dL5TZ2E_NEv28hLgfzYU4OSJOgKiFCGcsbx7Y_DvxfQhAXreQko2tnjeudczv50xUw5ai7q0v5lLw=,BLL Compras,Material,True,False,6,Sem benefício,False
PCP-CF1A4A2F8FE2,Air Liquide,RPPE5/2026,RPPE5,2026,56,Santa Catarina,FUNDO MUNICIPAL DE SAUDE DE VARGEM BONITA,95996187000131,MUNICIPIO DE VARGEM BONITA,M,Vargem Bonita,112405.9,,2026-09-08 19:57:28,2026-09-18 08:30:00,Pregão - Eletrônico,Aberto,Divulgada no PNCP,True,https://pncp.gov.br/app/editais/95996187000131/2026/56,https://www.portaldecompraspublicas.com.br/processos/SC/Municipio-de-Vargem-Bonita-1902/RPE-RPPE5-2026-2026-509884,Portal de Compras Públicas,Material,True,False,4,Participação exclusiva para ME/EPP,True
PCP-67BAD4FB9268,Air Liquide,RPPE5/2026,RPPE5,2026,59,Santa Catarina,FUNDO MUNICIPAL DE SAUDE DE VARGEM BONITA,95996187000131,MUNICIPIO DE VARGEM BONITA,M,Vargem Bonita,112405.9,,2026-09-16 12:04:11,2026-09-28 08:30:00,Pregão - Eletrônico,Aberto,Divulgada no PNCP,True,https://pncp.gov.br/app/editais/95996187000131/2026/59,https://www.portaldecompraspublicas.com.br/processos/SC/Municipio-de-Vargem-Bonita-1902/RPE-RPPE5-2026-2026-509884,Portal de Compras Públicas,Material,True,False,4,Participação exclusiva para ME/EPP,True
COMPRASGOV-51A266FB46A6,Setti,103/2026,103,2026,6093,SP,ESP-PENIT. OZIAS LUCIO DOS SANTOS - PACAEMBU,96291141000180,SAO PAULO SECRETARIA DA ADMINISTRACAO PENITENCIARIA,E,Pacaembu,19338.0,,2026-09-21 13:09:37,2026-10-05 09:00:00,Pregão - Eletrônico,Aberto-Fechado,Divulgada no PNCP,False,https://pncp.gov.br/app/editais/96291141000180/2026/6093,https://cnetmobile.estaleiro.serpro.gov.br/comprasnet-web/public/compras/acompanhamento-compra?compra=38016305001032026,ComprasGov,Material,True,False,7,Participação exclusiva para ME/EPP,True
COMPRASGOV-C63AF4547ED1,Setti,58/2026,58,2026,6252,SP,ESP-PENIT. MARIO M.ALBUQUERQUE,96291141000180,SAO PAULO SECRETARIA DA ADMINISTRACAO PENITENCIARIA,E,Franco da Rocha,0.0,,2026-09-23 13:52:58,2026-10-07 08:30:00,Pregão - Eletrônico,Aberto,Divulgada no PNCP,False,https://pncp.gov.br/app/editais/96291141000180/2026/6252,https://cnetmobile.estaleiro.serpro.gov.br/comprasnet-web/public/compras/acompanhamento-compra?compra=38015305000582026,ComprasGov,Material,True,False,6,Participação exclusiva para ME/EPP,True
BANR-6360FF50FBCA,Tremont,0058/2026,0058,2026,332,Rio Grande do Sul,PREFEITURA MUNICIPAL DE VERANOPOLIS,98671597000109,MUNICIPIO DE VERANOPOLIS,M,Veranópolis,83502.95,,2026-09-15 15:23:58,2026-10-01 10:00:00,Pregão - Eletrônico,Aberto,Divulgada no PNCP,False,https://pncp.gov.br/app/editais/98671597000109/2026/332,https://pregaobanrisul.com.br/editais/0058_2026/356828,Banrisul,Serviço,False,True,1,Sem benefício,False
